Customer ID,First Name,Last Name,Age,Gender,Address,City,Contact Number,Email,Account Type,Account Balance,Date Of Account Opening,Last Transaction Date,TransactionID,Transaction Date,Transaction Type,Transaction Amount,Account Balance After Transaction,Branch ID,Loan ID,Loan Amount,Loan Type,Interest Rate,Loan Term,Approval/Rejection Date,Loan Status,CardID,Card Type,Credit Limit,Credit Card Balance,Minimum Payment Due,Payment Due Date,Last Credit Card Payment Date,Transaction Description,Loan Officer Remarks,Feedback Date,Feedback Type,Resolution Status,Case Resolution Notes,Customer Notes
1,Raj,Shah,30,Other,"932, Rockpart court",New Delhi,18663160001,raj.shah1@demo-finance.com,Current,7289.16,2/21/2011,10/13/2023,1,9/23/2023,Transfer,3314.41,3974.75,43,1,37759.26,Auto,5.36,48,5/27/2023,Closed,1,Visa,8344.23,7445.91,257.09,5/08/2023,8/09/2023,Interest adjustment posted.,Manual review completed.,2/02/2023,Praise,Pending,Case closed after review.,No follow-up action currently required.
2,Arjun,Carmichael,27,Female,"108, Park road",Chicago,14066360002,arjuncarmichael@mailtest.net,Savings,12130.88,7/07/2022,2/13/2023,2,2/22/2023,Withdrawal,1447.83,10683.05,114,2,24885.49,Mortgage,8.4,36,9/21/2022,Rejected,2,MasterCard,1678.83,492.87,35.91,2/04/2023,9/10/2023,Interest adjustment posted.,Manual review completed.,8/02/2023,Praise,Pending,Investigation remains pending.,Dev Menon is recorded as working at Northstar Logistics.
3,Richard,Gonzalez,64,Female,"811, Maple avenue",Oklahoma City,18399220003,richard.gonzalez3@mailtest.net,Current,13840.49,8/29/2019,11/04/2023,3,7/04/2023,Transfer,2307.34,11533.15,32,3,5806.73,Mortgage,2.53,60,5/14/2021,Rejected,3,AMEX,14928.8,7245.89,272.32,4/23/2023,7/02/2023,Interest adjustment posted.,No additional approval condition recorded.,9/27/2023,Suggestion,Resolved,Request completed successfully.,Employee Deepak Saxena is associated with identifier EMP-D00003.
4,Andrew,Gupta,26,Female,"150, Rockend drive",London,13997840004,andrewgupta4@demo-finance.com,Savings,6722.26,11/19/2009,9/06/2023,4,1/06/2023,Withdrawal,3014.26,3708,111,4,34825.69,Mortgage,5.71,48,10/10/2020,Rejected,4,Visa,11744.05,11373.19,856.53,5/19/2023,12/11/2023,Farah Sen booked travel with Emirates to Bangalore; booking reference PNRT00004 requires review.,No additional approval condition recorded.,11/06/2023,Suggestion,Resolved,Case closed after review.,Routine review completed; no concerns recorded.
5,Sophia,Robinson,22,Female,"813, Pine road",Hyderabad,19662680005,sophia.robinson5@kag.com,Savings,13326.14,10/09/2009,4/23/2023,5,12/22/2023,Withdrawal,4454.18,8871.96,97,5,47919.65,Auto,4.54,60,5/05/2020,Closed,5,MasterCard,13671.69,8220.5,466.79,1/09/2023,9/10/2023,Interest adjustment posted.,Documents reviewed against standard criteria.,5/27/2023,Complaint,Resolved,No action pending.,Mr. Arvind Sharma visited AIIMS hospital for diabetes medication follow-up.
6,Ananya,Taylor,75,Female,"452, Belford drive",Singapore,19449720006,ananya.taylor6@mailtest.net,Current,1689.38,8/03/2017,10/29/2023,6,8/13/2023,Transfer,2808.45,-1119.07,84,6,26530.21,Auto,5.34,36,12/21/2021,Approved,6,AMEX,5237.77,2269.8,93.32,9/01/2023,12/19/2023,Card payment processed.,No additional approval condition recorded.,8/22/2023,Suggestion,Resolved,emp id EMP-A00006 - pls chk before close,Statement reissue requested.
7,Benjamin,Adams,75,Female,"295, Chandler pass",Louisville,18057680007,benjamin.adams7@demo-finance.com,Current,13004.24,4/03/2009,4/21/2023,7,9/13/2023,Transfer,1254,11750.24,73,7,21732.05,Auto,9.43,60,5/31/2020,Approved,7,Visa,4366.1,3938.93,183.38,8/07/2023,4/30/2023,Employee identifier EMP-G00007 requires manual verification.,Manual review completed.,5/10/2023,Suggestion,Pending,Request completed successfully.,General product information provided.
8,Mary,Martinez,74,Male,"113, Ironsmith avenue",London,13957400008,mary_martinez8@kag.com,Current,9853.25,12/24/2006,4/21/2023,8,2/10/2023,Withdrawal,467.3,9385.95,3,8,11062.44,Mortgage,6.99,12,9/23/2020,Approved,8,MasterCard,10041.75,9750.03,624.76,10/08/2023,4/11/2023,Monthly instalment received.,Raj Roy booked travel with BritishAirways to Toronto; booking reference PNRY00008 requires review.,6/09/2023,Complaint,Resolved,Investigation remains pending.,General product information provided.
9,Samuel,Rodriguez,47,Other,"368, Oak avenue",Hyderabad,12535070009,samuelrodriguez@mailtest.net,Current,2692.28,3/01/2022,8/09/2023,9,4/14/2023,Deposit,1909.06,4601.34,24,9,19625.2,Mortgage,7.64,12,4/01/2020,Rejected,9,AMEX,7924.91,5772.78,282.09,9/28/2023,11/10/2023,Interest adjustment posted.,Documents reviewed against standard criteria.,5/16/2023,Praise,Pending,Request completed successfully.,No follow-up action currently required.
10,John,Patel,31,Male,"339, Cancun boulevard",Toronto,14852590010,john.patel@samplebank.com,Savings,9788.09,4/08/2018,1/15/2023,10,7/31/2023,Withdrawal,2277.04,7511.05,66,10,9560.31,Personal,3.56,48,9/30/2022,Approved,10,Visa,1659.47,1050.23,52.26,3/04/2023,4/17/2023,Interest adjustment posted.,Documents reviewed against standard criteria.,8/17/2023,Praise,Resolved,Case remains open.,The spouse of Meera Nair works at TCS Bangalore HQ.
11,William,Perez,28,Male,"51, Mount view",San Diego,19458794894,william.perez@kag.com,Savings,5930.75,8/12/2015,10/18/2023,11,6/08/2023,Withdrawal,1309.13,7239.88,72,11,22592.01,Personal,8.28,60,11/20/2022,Rejected,11,Visa,4782.39,4564.25,228.21,6/07/2023,3/03/2023,"Mortgage payment received from William Perez (51, Mount view).",Risk review completed after discussion with William Perez on 19458794894.,5/01/2023,Complaint,Pending,"Replacement documents dispatched to 51, Mount view after speaking with William.","Customer William Perez requested replacement card to be delivered to 51, Mount view. Email confirmation sent to william.perez@kag.com."
12,Neha,Shah,63,Male,"704, Zeelandia boulevard",Seattle,12604740012,nehashah12@demo-finance.com,Savings,5444.52,1/04/2007,7/01/2023,12,2/19/2023,Deposit,1165.82,6610.34,1,12,38904.44,Mortgage,1.02,48,4/27/2023,Closed,12,MasterCard,9949.45,4308.25,132.71,11/07/2023,10/27/2023,Interest adjustment posted.,Transaction TXN-000012-Y was discussed with Amit Menon at the Northstar Logistics service desk.,1/18/2023,Complaint,Resolved,Access restored after standard verification.,Statement reissue requested.
13,Vikram,Sharma,56,Male,"656, Columbus pass",Dallas,14706410013,vikram.sharma@mailtest.net,Savings,9470.27,10/30/2008,7/29/2023,13,3/28/2023,Withdrawal,3310.92,6159.35,4,13,34647.62,Mortgage,2.85,24,12/02/2022,Approved,13,AMEX,11868.73,165.42,9.42,5/14/2023,4/05/2023,Employee identifier EMP-B00013 requires manual verification.,Manual review completed.,1/17/2023,Suggestion,Pending,Access restored after standard verification.,No follow-up action currently required.
14,Edward,Clark,37,Other,"89, Oak drive",Pune,14285180014,edward_clark@demo-finance.com,Savings,1299.48,9/02/2015,2/18/2023,14,1/31/2023,Deposit,2418.46,3717.94,33,14,19513.3,Auto,4.95,24,12/06/2023,Rejected,14,AMEX,12816.48,3268.6,185.91,1/25/2023,10/14/2023,Scheduled transfer completed.,"med ref MED-00014-32 still open, appt note pending",4/27/2023,Complaint,Pending,Investigation remains pending.,Statement reissue requested.
15,Hannah,Jones,45,Other,"72, Box road",Houston,18139400015,hannah.jones15@mailtest.net,Current,10323.69,4/30/2009,12/30/2023,15,11/05/2023,Transfer,4212.71,6110.98,51,15,31456.17,Mortgage,5.54,36,5/06/2020,Rejected,15,AMEX,3941.97,2984.62,220.03,5/13/2023,2/06/2023,Employee identifier EMP-F00015 requires manual verification.,Income assessment completed.,4/20/2023,Praise,Pending,Request completed successfully.,Statement reissue requested.
16,Patricia,Robinson,70,Female,"909, Ironsmith drive",El Paso,12569450016,patriciarobinson@demo-finance.com,Savings,12790.6,2/16/2006,12/29/2023,16,12/15/2023,Withdrawal,4058.43,8732.17,84,16,10499.78,Auto,6.38,12,6/21/2023,Closed,16,AMEX,5836.85,5617.75,230.47,5/31/2023,5/15/2023,"spouse of Pranav Sharma at Acme Analytics, pls upd notes",Manual review completed.,3/11/2023,Complaint,Resolved,Access restored after standard verification.,General product information provided.
17,Michael,Clark,69,Female,"743, Riverside lane",Portland,16675660017,michael.clark@samplebank.com,Savings,5504.57,11/10/2012,1/20/2023,17,7/27/2023,Withdrawal,4512.12,992.45,40,17,13113.44,Personal,4.84,60,3/05/2023,Rejected,17,MasterCard,2481.4,1831.7,136.79,6/08/2023,10/18/2023,Scheduled transfer completed.,Documents reviewed against standard criteria.,1/27/2023,Suggestion,Pending,Case closed after review.,"travel for Nikhil Kapoor, bkng PNRB00017 - pls verify"
18,Sophia,Garcia,62,Male,"748, Rockham drive",Orlando,15919090018,sophiagarcia18@mailtest.net,Current,14481.91,2/27/2017,6/24/2023,18,2/28/2023,Deposit,94.72,14576.63,103,18,43843.89,Mortgage,6.89,48,11/09/2020,Closed,18,Visa,13185.35,10585.93,779.74,3/23/2023,1/27/2023,Travel payment recorded.,Tanvi Reddy flying BritishAirways to London; pnr PNRL41027,10/30/2023,Suggestion,Pending,Case closed after review.,Cindy Kumar booked travel with British Airways to London; booking reference PNRX00018 requires review.
19,Arjun,Moore,28,Female,"569, Oak boulevard",El Paso,15013490019,arjun_moore19@demo-finance.com,Current,12746.05,10/21/2007,11/03/2023,19,7/30/2023,Deposit,2972.3,15718.35,91,19,35999.08,Mortgage,1.15,12,11/22/2023,Approved,19,Visa,6665.97,3023.94,72.43,2/10/2023,12/01/2023,Employee Kabir Sen is associated with identifier EMP-H00019.,Manual review completed.,8/12/2023,Suggestion,Resolved,Case closed after review.,Statement reissue requested.
20,Benjamin,Clark,53,Other,"33, Belford pass",Portland,19089240020,benjamin.clark@kag.com,Savings,4752.11,9/04/2008,8/15/2023,20,9/23/2023,Transfer,916.66,5668.77,7,20,28311.46,Auto,5.54,48,5/22/2021,Approved,20,AMEX,12796.59,10832.83,347.83,1/11/2023,10/30/2023,Scheduled transfer completed.,"bkng ref PNRG00020, cust asking for update",10/31/2023,Complaint,Resolved,Investigation remains pending.,Statement reissue requested.
21,Joseph,Wright,37,Female,"209, Wanderer boulevard",Orlando,16265990021,josephwright@mailtest.net,Savings,13360.06,3/12/2018,4/08/2023,21,6/15/2023,Transfer,1102.57,12257.49,91,21,26326.12,Personal,6.23,60,1/23/2023,Approved,21,MasterCard,14200.71,3691.17,278.52,10/22/2023,8/03/2023,Interest adjustment posted.,Documents reviewed against standard criteria.,12/06/2023,Complaint,Resolved,Booking reference PNRZ00021 was flagged for additional review.,Routine review completed; no concerns recorded.
22,Emma,Harris,27,Male,"650, Smithford boulevard",Charlotte,12106550022,emma.harris@samplebank.com,Savings,1696.46,11/15/2009,6/09/2023,22,3/14/2023,Deposit,3997.68,5694.14,29,22,48818.16,Auto,6.2,48,11/18/2020,Rejected,22,AMEX,13354.48,1850.82,50.45,7/31/2023,2/28/2023,Interest adjustment posted.,Employee identifier EMP-G00022 requires manual verification.,7/10/2023,Suggestion,Pending,Access restored after standard verification.,Routine review completed; no concerns recorded.
23,David,Young,73,Other,"886, Rockpart pass",Pune,19272100023,david_young@kag.com,Current,5024.66,8/19/2007,4/30/2023,23,3/23/2023,Withdrawal,2536.93,2487.73,69,23,18365.36,Auto,7.22,60,12/28/2023,Approved,23,Visa,4300.4,542.5,39.64,5/23/2023,3/20/2023,Card payment processed.,No additional approval condition recorded.,6/17/2023,Complaint,Pending,Case closed after review.,No follow-up action currently required.
24,Susan,Mitchell,33,Male,"71, Lakeview street",Pune,18085460024,susan_mitchell24@mailtest.net,Savings,8703.16,4/29/2005,1/27/2023,24,12/02/2023,Deposit,561.37,9264.53,83,24,11992.19,Mortgage,1.69,12,10/19/2020,Approved,24,AMEX,2701.91,2363.04,55.84,4/23/2023,3/27/2023,Scheduled transfer completed.,Manual review completed.,10/16/2023,Complaint,Resolved,Access restored after standard verification.,No follow-up action currently required.
25,Vikram,Flores,41,Male,"112, Rockend road",Denver,19116270025,vikramflores@mailtest.net,Current,14361.13,5/13/2006,10/21/2023,25,11/21/2023,Deposit,705.99,15067.12,105,25,28355.06,Mortgage,6.61,60,5/07/2022,Approved,25,AMEX,13300.34,5985.93,431.68,5/04/2023,8/28/2023,Card payment processed.,Manual review completed.,1/30/2023,Complaint,Resolved,"Amit Rao flying Emirates to Dubai, pnr PNRJ00025; cust msg recd",Routine review completed; no concerns recorded.
26,Priya,White,46,Male,"740, Chandler court",Hyderabad,16369490026,priya.white@samplebank.com,Current,5653.29,10/15/2015,3/11/2023,26,11/01/2023,Withdrawal,3899,1754.29,62,26,37491.64,Auto,3.77,12,9/14/2023,Approved,26,Visa,1631.26,890.69,36,6/05/2023,8/26/2023,Standard debit reviewed.,The father of Priya Kapoor works at Northstar Logistics.,8/02/2023,Complaint,Resolved,Rohan Sharma is recorded as working at Northstar Logistics.,General product information provided.
27,George,Moore,39,Male,"761, Lakeview avenue",Phoenix,14029120027,george.moore@demo-finance.com,Current,5528.23,4/20/2008,6/19/2023,27,4/24/2023,Withdrawal,2231.59,3296.64,68,27,22183.3,Auto,3.36,24,7/01/2022,Closed,27,MasterCard,7786.32,1279.17,55.52,5/29/2023,7/11/2023,Scheduled transfer completed.,Manual review completed.,12/25/2023,Praise,Resolved,Investigation remains pending.,The spouse of Kabir Nair works at BluePeak Consulting.
28,Michael,Rodriguez,59,Male,"571, Columbus drive",Singapore,16299090028,michael.rodriguez@kag.com,Savings,4049.82,5/20/2020,5/20/2023,28,7/25/2023,Withdrawal,4496.81,-446.99,25,28,37004.2,Personal,5.16,24,11/29/2021,Closed,28,AMEX,11508.85,8196.25,208.17,2/20/2023,2/17/2023,txn ref TXN-000028-Z needs manual chk,Income assessment completed.,12/26/2023,Complaint,Pending,Access restored after standard verification.,No follow-up action currently required.
29,Charles,Garcia,30,Female,"366, Mount View avenue",Columbus,14187070029,charlesgarcia29@mailtest.net,Current,1889.45,12/21/2016,1/28/2023,29,10/20/2023,Withdrawal,3864.46,-1975.01,20,29,48588.9,Mortgage,2.01,12,4/13/2023,Closed,29,AMEX,13764.13,12925.46,855.71,11/23/2023,11/08/2023,Cash deposit recorded.,No additional approval condition recorded.,6/17/2023,Suggestion,Resolved,Case closed after review.,Anita Das booked travel with IndiGo to London; booking reference PNRK00029 requires review.
30,Richard,Flores,18,Female,"532, Seafarers court",London,15239760030,richardflores@demo-finance.com,Savings,11549.77,7/16/2021,1/26/2023,30,8/12/2023,Deposit,4487.72,16037.49,80,30,47240.11,Auto,5.99,60,7/06/2023,Approved,30,AMEX,14387.34,6458.75,369.86,3/23/2023,6/27/2023,Tanvi Roy booked travel with IndiGo to Dubai; booking reference PNRV00030 requires review.,Manual review completed.,11/06/2023,Complaint,Pending,Case closed after review.,No follow-up action currently required.
31,Amelia,Adams,74,Male,"241, Rockpart avenue",Dubai,14743670031,amelia.adams31@mailtest.net,Savings,12067.63,6/24/2018,1/19/2023,31,12/19/2023,Withdrawal,4874.01,7193.62,9,31,46078.26,Mortgage,6.23,48,10/15/2023,Closed,31,MasterCard,13722.41,1299.12,95.15,9/14/2023,10/30/2023,Card payment processed.,Documents reviewed against standard criteria.,7/10/2023,Praise,Resolved,Investigation remains pending.,Travel request for Kabir Kumar is linked to booking PNRA00031.
32,Arjun,Wright,60,Female,"39, Mount View avenue",Seattle,17157690032,arjun_wright32@kag.com,Savings,14095.99,6/16/2015,1/04/2023,32,5/15/2023,Deposit,4409.6,18505.59,94,32,36191.33,Mortgage,1.85,60,11/21/2023,Closed,32,MasterCard,4431.85,2304.93,137.88,6/03/2023,2/20/2023,Jaya Kumar booked travel with IndiGo to London; booking reference PNRR00032 requires review.,Documents reviewed against standard criteria.,4/29/2023,Suggestion,Resolved,Request completed successfully.,General product information provided.
33,Mark,Flores,52,Female,"237, Rockend court",Fort Worth,16727420033,mark.flores33@kag.com,Current,14205,2/26/2013,8/07/2023,33,11/06/2023,Deposit,2173.52,16378.52,79,33,35594.81,Auto,4.53,12,11/26/2023,Approved,33,AMEX,10081.67,3410.05,197.58,2/11/2023,7/10/2023,Scheduled transfer completed.,Manual review completed.,9/27/2023,Complaint,Pending,Request completed successfully.,Statement reissue requested.
34,Christopher,Martinez,50,Male,"183, Washington pass",Fort Worth,17374620034,christopher.martinez@mailtest.net,Savings,8739.79,7/24/2013,6/01/2023,34,5/03/2023,Withdrawal,737.79,8002,79,34,13461.12,Personal,7.11,36,12/18/2022,Approved,34,Visa,14489.71,608.81,15.97,7/01/2023,12/23/2023,Monthly instalment received.,Gaurav Reddy works @ BluePeak Consulting; emp info needs chk,12/09/2023,Praise,Resolved,Booking requires confirmation.,Rohan Desai booked travel with Emirates to Dubai; booking reference PNRQ78219.
35,Lisa,Lewis,48,Female,"604, Maple road",New York,16225660035,lisalewis@mailtest.net,Current,10561.87,12/04/2012,12/16/2023,35,3/20/2023,Transfer,4894.83,15456.7,15,35,39067.09,Auto,2.27,60,7/10/2020,Approved,35,AMEX,6590.63,4576.38,302.63,3/05/2023,8/07/2023,Travel request for Kavita Mehta is linked to booking PNRE00035.,Documents reviewed against standard criteria.,4/14/2023,Complaint,Resolved,Investigation remains pending.,No follow-up action currently required.
36,Carlos,Williams,19,Other,"806, Oak lane",London,13353410036,carlos.williams@samplebank.com,Current,6613.95,9/29/2010,9/12/2023,36,4/19/2023,Deposit,3389.93,10003.88,82,36,43643.61,Mortgage,7.91,60,8/11/2021,Rejected,36,AMEX,11431.97,5007.46,272.81,9/17/2023,6/18/2023,Monthly instalment received.,Manual review completed.,12/12/2023,Complaint,Resolved,Request completed successfully.,"bkng ref PNRV00036, cust asking for update"
37,Carlos,Miller,39,Male,"403, Columbus drive",Austin,19012930037,carlos_miller37@samplebank.com,Current,4658.95,7/15/2015,4/06/2023,37,8/12/2023,Transfer,1135.44,3523.51,38,37,8805.6,Auto,6.81,24,10/05/2021,Rejected,37,AMEX,9736.89,4494.66,239.61,11/28/2023,7/09/2023,Card payment processed.,Income assessment completed.,2/06/2023,Praise,Pending,Access restored after standard verification.,Statement reissue requested.
38,David,Baker,29,Male,"764, Rockham boulevard",Austin,16793050038,david.baker38@kag.com,Savings,7226.09,8/14/2019,4/09/2023,38,11/25/2023,Transfer,4158.43,3067.66,72,38,37707.6,Mortgage,9.1,48,7/30/2020,Approved,38,MasterCard,14605.51,8683.24,269.05,8/01/2023,11/20/2023,Scheduled transfer completed.,Income assessment completed.,7/09/2023,Praise,Pending,Travel request for Kabir Sen is linked to booking PNRE00038.,Statement reissue requested.
39,Priya,Anderson,63,Other,"987, Viewmount pass",New Delhi,19787250039,priya.anderson@mailtest.net,Current,1941.42,9/04/2014,3/18/2023,39,7/25/2023,Deposit,3235.4,5176.82,21,39,35914.28,Mortgage,2.97,36,1/02/2022,Rejected,39,AMEX,11557.27,5778.72,324.03,10/20/2023,4/08/2023,Interest adjustment posted.,Income assessment completed.,6/01/2023,Praise,Resolved,Pranav Malhotra is recorded as working at Acme Analytics.,No follow-up action currently required.
40,Richard,Harris,26,Male,"340, Maple lane",Toronto,17816070040,richard_harris@samplebank.com,Savings,13455.81,4/05/2014,10/07/2023,40,5/31/2023,Deposit,4644.76,18100.57,34,40,31039.17,Mortgage,5.65,12,4/25/2022,Rejected,40,Visa,11170.64,9616.55,642.12,3/23/2023,8/07/2023,Card payment processed.,Manual review completed.,1/25/2023,Complaint,Pending,Anita Bose attended Fortis clinic for  therapy.,Follow-up requested.
41,Sarah,Wright,47,Female,"585, Viewmount pass",Austin,19365750041,sarah_wright@kag.com,Savings,9141.13,7/23/2005,3/30/2023,41,12/29/2023,Deposit,2357.13,11498.26,120,41,1539.42,Auto,7.02,60,3/11/2021,Rejected,41,MasterCard,5367.22,5358.69,324.73,6/09/2023,1/01/2023,Monthly instalment received.,Vivek Saxena works at Acme Analytics under employee ID EMP-E00041; office-location review is pending.,9/02/2023,Suggestion,Resolved,Request completed successfully.,Routine review completed; no concerns recorded.
42,Christopher,Khan,30,Male,"342, Box pass",London,12193230042,christopherkhan@samplebank.com,Current,12222.66,4/10/2006,5/12/2023,42,1/15/2023,Deposit,4046.33,16268.99,83,42,24039.76,Auto,5.13,60,9/25/2021,Approved,42,MasterCard,5161.65,4649.81,314.31,1/04/2023,7/02/2023,Card payment processed.,Documents reviewed against standard criteria.,1/12/2023,Complaint,Pending,Booking reference PNRR00042 was flagged for additional review.,Routine review completed; no concerns recorded.
43,Maria,Hall,67,Male,"69, Rockend pass",Austin,14239070043,mariahall43@mailtest.net,Savings,3303.07,9/27/2017,12/28/2023,43,11/06/2023,Withdrawal,3401.37,-98.3,75,43,27299.35,Auto,1.67,24,7/06/2023,Rejected,43,AMEX,10759.12,3152.2,216.75,12/12/2023,11/02/2023,"travel for Deepak Kapoor, bkng PNRB00043 - pls verify",Documents reviewed against standard criteria.,12/24/2023,Complaint,Resolved,Investigation remains pending.,General product information provided.
44,Vikram,Flores,77,Other,"112, Rockend road",Denver,19116270025,vikramflores@mailtest.net,Current,11773.88,9/20/2007,7/17/2023,44,7/29/2023,Withdrawal,1984.43,9789.45,37,44,5954.18,Personal,2.53,48,6/06/2022,Closed,44,Visa,12094.32,7401.28,274.68,10/12/2023,1/20/2023,Cash deposit recorded.,txn TXN-000044-Y discussed w/ Isha Reddy at TCS Bangalore HQ; pls upd case,12/14/2023,Suggestion,Resolved,Case closed after review.,Statement reissue requested.
45,Sophia,Davis,52,Female,"205, Rockpart pass",Fort Worth,17996170045,sophiadavis@demo-finance.com,Savings,11756.98,9/15/2015,4/26/2023,45,9/22/2023,Withdrawal,1536.21,10220.77,44,45,32516.64,Mortgage,9.2,60,4/02/2021,Approved,45,AMEX,6047.94,2321.95,110.32,2/15/2023,11/28/2023,Employee Shreya Sen is associated with identifier EMP-G00045.,Manual review completed.,8/27/2023,Complaint,Resolved,Request completed successfully.,Routine review completed; no concerns recorded.
46,Mark,Patel,43,Female,"198, Philadephia drive",Hyderabad,12449180046,markpatel@kag.com,Current,13509.08,11/01/2005,9/20/2023,46,3/12/2023,Withdrawal,3029.18,10479.9,60,46,39678.01,Personal,7.27,12,12/03/2023,Rejected,46,AMEX,6438.91,1196.76,47.76,4/11/2023,12/23/2023,Card payment processed.,Manual review completed.,10/02/2023,Complaint,Pending,Request completed successfully.,Gaurav Sen booked travel with Singapore Airlines to Sydney; booking reference PNRS00046 requires review.
47,Fatima,Sharma,41,Other,"293, Lakeview drive",Hyderabad,19449510047,fatima_sharma@mailtest.net,Savings,11571.62,5/22/2010,1/01/2023,47,6/17/2023,Deposit,4043.19,15614.81,101,47,2732.9,Mortgage,5.15,12,11/05/2021,Approved,47,AMEX,7445.63,858.79,21.29,10/23/2023,4/09/2023,Scheduled transfer completed.,No additional approval condition recorded.,10/08/2023,Complaint,Pending,Case closed after review.,Statement reissue requested.
48,Sophia,Lee,25,Other,"239, Rockham street",Columbus,16874920048,sophia.lee48@mailtest.net,Savings,2316.73,5/18/2011,8/18/2023,48,11/09/2023,Deposit,2802.16,5118.89,2,48,21117.36,Mortgage,6.43,24,3/31/2020,Rejected,48,Visa,9168.87,2801.58,74.61,3/08/2023,2/09/2023,Card payment processed.,Transaction reference TXN-000048-Z was escalated.,6/11/2023,Praise,Resolved,The mother of Akash Sen is employed by Wipro Hyderabad office.,Case closed after review.
49,Zara,Williams,56,Male,"99, Philadephia street",Philadelphia,15736230049,zara.williams@kag.com,Savings,1220.32,11/15/2008,4/01/2023,49,4/10/2023,Withdrawal,3666.77,-2446.45,75,49,9852.34,Auto,1.29,36,12/28/2021,Approved,49,AMEX,3694,2987.83,185.57,11/22/2023,11/12/2023,Employee Farah Iyer is associated with identifier EMP-F00049.,No additional approval condition recorded.,9/04/2023,Complaint,Pending,Shreya Das is receiving medicaltreatment at Manipal hospital.,Follow-up pending.
50,Lisa,Anderson,60,Male,"854, Lakeview road",Dubai,12824800050,lisa.anderson@demo-finance.com,Current,1944.69,5/02/2017,6/23/2023,50,8/12/2023,Deposit,4665.89,6610.58,66,50,9805.09,Personal,2.97,48,1/27/2022,Approved,50,AMEX,2590.74,716.12,26.7,8/28/2023,3/25/2023,Card payment processed.,Income assessment completed.,4/02/2023,Complaint,Pending,Request completed successfully.,Statement reissue requested.
51,James,Adams,47,Female,"255, Box street",Bangalore,14134370051,james.adams@samplebank.com,Current,1690.69,7/30/2012,10/25/2023,51,2/02/2023,Deposit,3265.75,4956.44,1,51,39882.86,Personal,8.98,48,8/08/2021,Approved,51,MasterCard,1623.97,81.76,5.48,11/05/2023,3/26/2023,Cash deposit recorded.,"bkng ref PNRF00051, cust asking for update",9/10/2023,Praise,Resolved,Investigation remains pending.,No follow-up action currently required.
52,Carlos,Rodriguez,31,Male,"167, Smithford drive",London,16219700052,carlos.rodriguez@demo-finance.com,Current,4645.08,4/04/2018,11/03/2023,52,12/13/2023,Deposit,1025.85,5670.93,118,52,39483.59,Auto,6.39,48,4/08/2020,Closed,52,AMEX,10625.62,574.61,31.07,11/28/2023,4/13/2023,Cash deposit recorded.,Manual review completed.,4/09/2023,Complaint,Resolved,Investigation remains pending.,Raj Bansal visited Fortis clinic for medical follow-up; medical reference MED-00052-63 remains active.
53,Benjamin,Walker,44,Other,"54, Box court",Chicago,17913740053,benjamin.walker53@demo-finance.com,Savings,1464.95,2/12/2010,11/14/2023,53,3/24/2023,Transfer,1397.36,67.59,70,53,28616.87,Mortgage,2.24,24,4/28/2022,Rejected,53,Visa,10858.48,4664.83,230.4,6/20/2023,6/22/2023,Card payment processed.,Medical case reference MED-00053-26 remains open.,9/21/2023,Suggestion,Resolved,Request completed successfully.,General product information provided.
54,Mark,Thomas,50,Male,"120, Oak road",Chicago,18222560054,mark.thomas54@kag.com,Savings,13818.45,7/09/2004,10/19/2023,54,12/05/2023,Withdrawal,1545.57,12272.88,106,54,44589.19,Auto,8.78,12,7/21/2020,Approved,54,AMEX,3996.21,1108.28,60.6,11/11/2023,2/10/2023,Cash deposit recorded.,emp id EMP-A00054 - pls chk before close,1/31/2023,Praise,Pending,Investigation remains pending.,Statement reissue requested.
55,Fatima,Robinson,58,Female,"556, Airport boulevard",Charlotte,17556210055,fatima_robinson@mailtest.net,Savings,14664.65,11/27/2014,1/18/2023,55,10/28/2023,Withdrawal,3417.83,11246.82,30,55,32341.18,Auto,6.92,60,8/04/2023,Approved,55,AMEX,14848.01,14764.24,492.04,1/29/2023,9/27/2023,Scheduled transfer completed.,Income assessment completed.,4/03/2023,Complaint,Pending,Investigation remains pending.,Routine review completed; no concerns recorded.
56,Thomas,Clark,31,Male,"568, Rockham boulevard",Austin,13816970056,thomasclark56@mailtest.net,Savings,3629.77,3/13/2012,9/05/2023,56,9/04/2023,Deposit,1306.37,4936.14,74,56,39876.26,Auto,5.54,36,10/16/2023,Approved,56,AMEX,1594.96,1542.96,47.13,9/20/2023,5/25/2023,"spouse of Gaurav Kapoor at Vertex Systems, pls upd notes",Documents reviewed against standard criteria.,11/06/2023,Complaint,Resolved,Access restored after standard verification.,Statement reissue requested.
57,Amelia,Baker,73,Female,"88, Rockpart street",Louisville,12995130057,ameliabaker@kag.com,Savings,9327.53,7/11/2006,7/16/2023,57,5/17/2023,Transfer,3211.94,12539.47,20,57,8535.92,Auto,5.99,24,2/17/2020,Rejected,57,Visa,11604.86,1681.46,122.53,8/30/2023,1/22/2023,Priya Bansal visited Narayana Health centre for medicaltreatment; medical reference MED-00057-81 remains active.,No additional approval condition recorded.,2/09/2023,Complaint,Pending,Investigation remains pending.,No follow-up action currently required.
58,Priya,Garcia,21,Female,"597, Zeelandia road",Sydney,15053120058,priya.garcia58@demo-finance.com,Current,13594.72,7/03/2017,10/05/2023,58,4/18/2023,Transfer,843.67,12751.05,60,58,18422.62,Auto,5.03,60,6/17/2020,Approved,58,MasterCard,6660.97,2859.13,64.93,10/10/2023,9/06/2023,"Sanjay Khanna flying Singapore Airlines to Singapore, pnr PNRS00058; cust msg recd",Documents reviewed against standard criteria.,7/11/2023,Suggestion,Pending,Case closed after review.,No follow-up action currently required.
59,Raj,Shah,40,Male,"932, Rockpart court",New Delhi,18663160001,raj.shah1@demo-finance.com,Current,8120.42,9/18/2018,9/28/2023,59,12/01/2023,Transfer,459.62,8580.04,21,59,1170.65,Personal,4.63,12,6/17/2023,Approved,59,AMEX,10848.58,5822.75,236.44,1/21/2023,1/22/2023,Kavita Bansal booked travel with BritishAirways to Bangalore; booking reference PNRM00059 requires review.,Documents reviewed against standard criteria.,1/27/2023,Complaint,Resolved,Investigation remains pending.,General product information provided.
60,Patricia,Martin,60,Other,"621, Rockham pass",Austin,13566610060,patricia.martin@mailtest.net,Savings,13885.33,5/24/2005,5/27/2023,60,12/14/2023,Deposit,3930.34,17815.67,64,60,5683.47,Auto,2.95,24,5/03/2023,Approved,60,AMEX,7630.31,1135.98,87.59,1/02/2023,2/16/2023,Cash deposit recorded.,No additional approval condition recorded.,7/06/2023,Suggestion,Resolved,Investigation remains pending.,General product information provided.
61,Samuel,Lewis,41,Male,"776, Cancun pass",Pune,18457770061,samuellewis61@mailtest.net,Current,14795.8,5/04/2017,8/22/2023,61,4/07/2023,Deposit,1408.62,16204.42,50,61,11434.8,Auto,5.19,24,8/04/2020,Approved,61,Visa,5567.94,5064.37,118.48,6/06/2023,4/12/2023,Card payment processed.,Documents reviewed against standard criteria.,7/09/2023,Suggestion,Resolved,Transaction reference TXN-000061-X was escalated.,Routine review completed; no concerns recorded.
62,Jennifer,Sharma,20,Other,"901, Carpenter boulevard",Bangalore,18204070062,jennifer.sharma62@mailtest.net,Current,10280.3,5/06/2013,7/17/2023,62,2/18/2023,Deposit,3124.69,13404.99,54,62,41110.37,Personal,4.68,12,8/28/2023,Closed,62,AMEX,10963.99,3875.52,238.46,8/06/2023,1/18/2023,Travel request for Farah Menon is linked to booking PNRS00062.,Manual review completed.,3/28/2023,Complaint,Resolved,Investigation remains pending.,Routine review completed; no concerns recorded.
63,Rahul,Mitchell,77,Female,"950, Cedar lane",Charlotte,18257150063,rahul.mitchell63@demo-finance.com,Savings,4316.08,7/31/2017,7/08/2023,63,10/29/2023,Deposit,4973.25,9289.33,54,63,25837.48,Auto,8.17,60,6/29/2022,Rejected,63,AMEX,13219.36,11442.33,839.04,1/12/2023,8/03/2023,Monthly instalment received.,Documents reviewed against standard criteria.,4/30/2023,Praise,Resolved,Investigation remains pending.,No follow-up action currently required.
64,Susan,Miller,54,Other,"153, Cancun drive",Toronto,16506540064,susan_miller@mailtest.net,Current,1084.61,11/28/2021,8/27/2023,64,2/19/2023,Withdrawal,731.79,352.82,80,64,10373.86,Mortgage,6.71,36,12/28/2021,Rejected,64,AMEX,9163.7,1070.49,85.08,9/09/2023,3/28/2023,Interest adjustment posted.,Manual review completed.,4/05/2023,Suggestion,Pending,Request completed successfully.,Routine review completed; no concerns recorded.
65,Arjun,Lewis,57,Male,"783, Cedar lane",London,14486720065,arjunlewis65@samplebank.com,Savings,13377.97,5/06/2004,9/03/2023,65,1/15/2023,Deposit,4060.6,17438.57,47,65,43652.66,Personal,6.22,24,10/09/2023,Approved,65,Visa,3951.29,2299.9,53.06,10/15/2023,9/17/2023,Scheduled transfer completed.,Manual review completed.,10/07/2023,Suggestion,Resolved,Request completed successfully.,Transaction TXN-000065-Z was discussed with Nikhil Jain at the Orion Retail service desk.
66,Vikram,Khan,36,Female,"608, Smithford street",Seattle,14864670066,vikramkhan66@samplebank.com,Current,1758.89,7/28/2005,9/10/2023,66,12/20/2023,Transfer,206.48,1552.41,13,66,40601.37,Personal,1.31,12,3/02/2021,Closed,66,AMEX,12987.69,295.49,22.08,7/15/2023,7/17/2023,Scheduled transfer completed.,Documents reviewed against standard criteria.,8/06/2023,Praise,Resolved,Case closed after review.,General product information provided.
67,Lisa,Garcia,66,Female,"246, Zeelandia boulevard",Philadelphia,13295270067,lisa.garcia@demo-finance.com,Savings,14448.52,3/25/2005,3/25/2023,67,10/13/2023,Deposit,1288.74,15737.26,17,67,40072.13,Auto,5.15,24,8/03/2020,Rejected,67,AMEX,6120.31,1355.53,45.36,6/29/2023,4/12/2023,Cash deposit recorded.,Employee Akash Das is associated with identifier EMP-E00067.,8/12/2023,Praise,Pending,Request completed successfully.,Routine review completed; no concerns recorded.
68,William,Wright,76,Male,"498, Zeelandia avenue",Portland,14197570068,william_wright@samplebank.com,Savings,2580.43,4/08/2022,1/30/2023,68,7/28/2023,Withdrawal,1111.15,1469.28,43,68,18680.37,Auto,9.49,60,1/10/2023,Approved,68,MasterCard,3581.2,782.44,57.98,8/07/2023,3/01/2023,Salary credit received.,Employee identifier EMP-ZK44192 requires verification.,5/16/2023,Complaint,Pending,Request completed successfully.,Routine review completed; no concerns recorded.
69,Patricia,Gupta,27,Other,"297, Rockpart pass",Denver,12253240069,patricia.gupta@samplebank.com,Current,3351.49,2/05/2020,6/09/2023,69,7/15/2023,Deposit,4238.71,7590.2,64,69,14269.76,Auto,7.56,36,6/15/2022,Closed,69,AMEX,4028.14,1217.44,31.4,6/05/2023,7/20/2023,Cash deposit recorded.,Documents reviewed against standard criteria.,4/14/2023,Praise,Pending,Case closed after review.,Statement reissue requested.
70,Margaret,Lee,70,Male,"392, Ironsmith court",London,18816250070,margaretlee@kag.com,Current,12739.18,1/24/2020,10/15/2023,70,6/20/2023,Transfer,3772.9,8966.28,76,70,49700.58,Mortgage,8.33,48,12/08/2023,Approved,70,MasterCard,9786.46,8850.15,248.6,3/08/2023,2/14/2023,Scheduled transfer completed.,Medical case reference MED-00070-30 remains open.,7/31/2023,Complaint,Resolved,Request completed successfully.,No follow-up action currently required.
71,Richard,Gonzalez,62,Male,"296, Maple court",Columbus,15647920071,richard.gonzalez@demo-finance.com,Current,9789.48,2/19/2022,4/28/2023,71,8/29/2023,Deposit,3852.69,13642.17,67,71,26639.04,Mortgage,8.33,60,8/22/2023,Rejected,71,Visa,3850.87,418.05,17.98,5/13/2023,3/10/2023,Tanvi Malhotra works @ TCS Bangalore HQ; emp info needs chk,Documents reviewed against standard criteria.,9/13/2023,Complaint,Resolved,Request completed successfully.,No follow-up action currently required.
72,Samuel,Baker,62,Male,"751, Carpenter street",Orlando,16523020072,samuel.baker@demo-finance.com,Current,11089.25,4/11/2015,12/11/2023,72,1/13/2023,Withdrawal,2545.9,8543.35,98,72,37240.25,Auto,8.75,48,7/17/2020,Approved,72,AMEX,8420.02,2691.35,185.07,5/18/2023,4/16/2023,Scheduled transfer completed.,Manual review completed.,7/02/2023,Complaint,Resolved,Request completed successfully.,Routine review completed; no concerns recorded.
73,Deepa,Young,70,Male,"374, Lakeview road",Pune,15485270073,deepa_young@mailtest.net,Savings,9767.76,6/07/2015,7/07/2023,73,4/17/2023,Transfer,1637.54,8130.22,58,73,42247.49,Mortgage,8.12,12,2/09/2022,Approved,73,Visa,6692.63,2041.17,150.86,8/03/2023,4/10/2023,Booking reference PNRV00073 was flagged for additional review.,Manual review completed.,4/25/2023,Suggestion,Pending,Access restored after standard verification.,Routine review completed; no concerns recorded.
74,Emily,Martin,41,Other,"937, Oak avenue",Toronto,14709530074,emily.martin@demo-finance.com,Savings,13783.55,3/23/2013,8/12/2023,74,5/30/2023,Withdrawal,726.44,13057.11,99,74,36885.05,Auto,7.44,48,11/17/2022,Rejected,74,Visa,10002.39,6143.7,469.88,9/11/2023,1/11/2023,Travel payment recorded.,bkng ref PNRM66381 linked to Dev Malhotra; pls chk destination Singapore,12/14/2023,Complaint,Pending,"bkng ref PNRP00074, cust asking for update",General product information provided.
75,Emily,Thomas,42,Male,"103, Woolworths court",New Delhi,16813880075,emily.thomas75@demo-finance.com,Current,4206.6,4/01/2007,11/17/2023,75,1/22/2023,Transfer,2587.88,1618.72,55,75,13598.47,Personal,4.27,48,8/28/2023,Closed,75,MasterCard,3015.84,2403.24,64.08,3/06/2023,12/17/2023,Cash deposit recorded.,Travel request for Jaya Nair is linked to booking PNRX00075.,1/20/2023,Praise,Resolved,Investigation remains pending.,Routine review completed; no concerns recorded.
76,Margaret,Robinson,29,Male,"503, Rockend boulevard",Philadelphia,14968560076,margaret.robinson@mailtest.net,Current,13205.09,4/05/2006,12/14/2023,76,12/29/2023,Withdrawal,3500.58,9704.51,66,76,9579.21,Auto,6.74,36,9/12/2022,Approved,76,AMEX,5351.32,5163.09,322.54,7/23/2023,2/16/2023,Rohan Khanna works at Infosys Pune campus under employee ID EMP-D00076; office-location review is pending.,Income assessment completed.,12/29/2023,Suggestion,Pending,Investigation remains pending.,Routine review completed; no concerns recorded.
77,Jennifer,Nelson,64,Other,"602, Seafarers court",Boston,15766280077,jennifer_nelson77@samplebank.com,Current,14944.63,1/24/2005,9/06/2023,77,6/16/2023,Transfer,2791.36,12153.27,90,77,27341.94,Mortgage,3.94,24,10/10/2020,Closed,77,Visa,5671.29,4054.79,172.73,8/06/2023,12/17/2023,Booking reference PNRA00077 was flagged for additional review.,No additional approval condition recorded.,10/31/2023,Praise,Pending,Request completed successfully.,General product information provided.
78,Aarav,Gupta,76,Male,"206, Oak drive",Philadelphia,16606490078,aarav.gupta78@samplebank.com,Current,8821.95,3/03/2017,5/01/2023,78,10/22/2023,Deposit,1812.43,10634.38,108,78,34713.99,Mortgage,9.04,24,12/05/2021,Approved,78,MasterCard,11010.21,3774.81,87.59,2/05/2023,1/21/2023,Booking reference PNRB00078 was flagged for additional review.,Documents reviewed against standard criteria.,1/03/2023,Suggestion,Resolved,Access restored after standard verification.,Statement reissue requested.
79,Carlos,Patel,20,Other,"401, Seafarers drive",New York,16042240079,carlos.patel@kag.com,Savings,9581.05,10/23/2013,10/14/2023,79,3/06/2023,Withdrawal,211.16,9369.89,88,79,10742.27,Personal,9.22,24,12/09/2022,Rejected,79,AMEX,9074.31,3294.06,185.55,8/28/2023,9/20/2023,Card payment processed.,Income assessment completed.,5/27/2023,Praise,Pending,Case closed after review.,"emp Tanvi Sen, id EMP-H00079; docs not clear"
80,Vikram,Lewis,78,Male,"143, Mount View road",Philadelphia,13126740080,vikram.lewis@mailtest.net,Current,14900.3,11/13/2017,6/03/2023,80,1/22/2023,Transfer,1185.28,16085.58,98,80,11848.33,Auto,3.46,48,8/03/2022,Closed,80,AMEX,5896.42,493.23,14.88,8/03/2023,8/29/2023,"docs chk done, no cust-specific detail noted",Documents reviewed against standard criteria.,3/05/2023,Praise,Resolved,Request completed successfully.,General product information provided.
81,Fatima,Wright,68,Other,"52, Mount View pass",Singapore,14784960081,fatima_wright@demo-finance.com,Savings,7697.09,8/24/2021,1/04/2023,81,1/07/2023,Withdrawal,905.47,6791.62,115,81,28278.88,Personal,7.16,60,7/16/2022,Rejected,81,Visa,9940.99,5075.6,193.3,6/08/2023,10/07/2023,Monthly instalment received.,Documents reviewed against standard criteria.,3/04/2023,Complaint,Pending,Case closed after review.,Employee identifier EMP-C00081 requires manual verification.
82,David,Rodriguez,49,Male,"401, Wanderer avenue",El Paso,18959330082,david.rodriguez82@samplebank.com,Savings,7722.39,4/07/2011,8/16/2023,82,1/23/2023,Withdrawal,1873.34,5849.05,82,82,18172.84,Mortgage,3.87,36,8/24/2022,Rejected,82,AMEX,9520.46,7882.4,589.09,5/14/2023,10/03/2023,Card payment processed.,Documents reviewed against standard criteria.,10/03/2023,Praise,Resolved,Case closed after review.,General product information provided.
83,Christopher,Torres,29,Female,"263, Park road",Singapore,18176920083,christophertorres@mailtest.net,Savings,1886.11,4/29/2015,9/03/2023,83,10/23/2023,Deposit,2935.87,4821.98,61,83,21329.92,Auto,4.22,12,12/27/2021,Rejected,83,AMEX,12761.56,4857.98,295.98,2/20/2023,6/13/2023,Medical case reference MED-00083-12 remains open.,Income assessment completed.,12/04/2023,Complaint,Resolved,Access restored after standard verification.,General product information provided.
84,Deepa,Singh,25,Male,"132, Washington avenue",Sydney,19319480084,deepa.singh@kag.com,Current,12675.36,6/24/2021,3/11/2023,84,7/23/2023,Withdrawal,4313.38,8361.98,44,84,21821.13,Personal,2.95,60,1/11/2020,Closed,84,AMEX,10651.44,2838.29,219.79,8/04/2023,11/24/2023,Monthly instalment received.,Documents reviewed against standard criteria.,8/24/2023,Suggestion,Resolved,Investigation remains pending.,Statement reissue requested.
85,Amanda,Lee,66,Male,"162, Woolworths lane",Los Angeles,13628590085,amandalee85@kag.com,Savings,10690.59,4/04/2021,6/10/2023,85,12/08/2023,Withdrawal,682.26,10008.33,61,85,46289.22,Auto,9.09,12,10/23/2022,Approved,85,AMEX,8818.77,3683.62,168.55,11/21/2023,3/26/2023,Employee identifier EMP-C00085 requires manual verification.,No additional approval condition recorded.,4/09/2023,Praise,Resolved,Investigation remains pending.,Routine review completed; no concerns recorded.
86,Nancy,Gonzalez,27,Other,"536, Belford street",Louisville,17658540086,nancy.gonzalez@demo-finance.com,Current,4443.62,5/14/2019,3/27/2023,86,4/17/2023,Deposit,4639.28,9082.9,32,86,19632.64,Auto,2.24,60,2/02/2021,Closed,86,AMEX,1917.39,1360.75,64.83,3/18/2023,9/06/2023,Card payment processed.,Medical case MED-99214-B concerns Nisha Rao and medical follow-up.,12/24/2023,Praise,Resolved,Kabir Menon is recorded as working at Northstar Logistics.,General product information provided.
87,Christopher,Adams,46,Male,"718, Cedar court",Sydney,12646510087,christopheradams@mailtest.net,Current,13591.78,7/13/2005,11/13/2023,87,12/10/2023,Withdrawal,2289.96,11301.82,60,87,10159.97,Auto,3.49,60,1/14/2021,Closed,87,AMEX,5714.5,4803.72,201.47,2/23/2023,9/21/2023,Interest adjustment posted.,No additional approval condition recorded.,8/24/2023,Complaint,Resolved,Request completed successfully.,Routine review completed; no concerns recorded.
88,Amelia,Harris,26,Other,"124, Carpenter street",Dallas,16704030088,amelia.harris@demo-finance.com,Current,6064.16,3/16/2021,3/11/2023,88,12/01/2023,Deposit,2402.37,8466.53,39,88,47593.05,Mortgage,8.89,36,1/08/2023,Rejected,88,Visa,10059.88,912.49,35.98,8/09/2023,8/20/2023,Cash deposit recorded.,Income assessment completed.,11/16/2023,Suggestion,Resolved,Request completed successfully.,Statement reissue requested.
89,Samuel,Flores,60,Male,"137, Washington drive",Denver,15325340089,samuel.flores89@mailtest.net,Current,1242.91,3/19/2009,2/05/2023,89,10/03/2023,Withdrawal,851.22,391.69,62,89,24911.42,Auto,8.77,24,4/05/2023,Approved,89,MasterCard,11617.89,9755.7,397.55,2/18/2023,1/29/2023,Salary credit received.,emp Sanjay Iyer @ Infosys Pune campus; emp id EMP-PN55018,1/15/2023,Suggestion,Resolved,Access restored after standard verification.,Statement reissue requested.
90,Christopher,Davis,53,Other,"339, Airport street",London,17745330090,christopher.davis90@mailtest.net,Current,7208.21,1/24/2008,4/16/2023,90,5/07/2023,Transfer,1118.39,6089.82,97,90,25209.64,Auto,7.72,36,9/05/2020,Approved,90,Visa,12181.8,8040.36,471.16,9/29/2023,12/21/2023,Monthly instalment received.,Income assessment completed.,10/23/2023,Complaint,Pending,Case closed after review.,addr/mob update not required; close req pls
91,Richard,Carmichael,57,Male,"878, Washington drive",Hyderabad,14914170091,richard_carmichael@mailtest.net,Savings,4367.05,7/22/2016,8/25/2023,91,4/23/2023,Deposit,3671.82,8038.87,92,91,25937.33,Personal,6.5,48,1/06/2020,Closed,91,AMEX,9467.16,4478.42,227,9/02/2023,1/02/2023,Interest adjustment posted.,Documents reviewed against standard criteria.,12/31/2023,Complaint,Pending,Request completed successfully.,Pooja Nair is recorded as working at BluePeak Consulting.
92,Mohammed,Davis,27,Male,"924, Airport court",Houston,15255880092,mohammeddavis@demo-finance.com,Current,2027.97,10/09/2004,3/05/2023,92,12/27/2023,Deposit,2419.06,4447.03,16,92,44748.35,Mortgage,6.91,24,6/27/2022,Closed,92,AMEX,4367.71,3049.34,184.46,7/31/2023,9/08/2023,Scheduled transfer completed.,Employee identifier EMP-F00092 requires manual verification.,1/15/2023,Suggestion,Resolved,Case closed after review.,Statement reissue requested.
93,Joshua,Walker,56,Female,"194, Riverside boulevard",Toronto,16813850093,joshua.walker93@demo-finance.com,Savings,12429.97,12/02/2016,10/29/2023,93,2/23/2023,Deposit,1746.99,14176.96,94,93,36017.96,Auto,2.13,48,5/18/2022,Rejected,93,Visa,11269.77,6522.11,292.23,1/30/2023,1/25/2023,Employee identifier EMP-D00093 requires manual verification.,Manual review completed.,4/28/2023,Complaint,Resolved,Access restored after standard verification.,No follow-up action currently required.
94,Deepa,Jones,46,Female,"744, Riverside street",Pune,15932450094,deepajones@samplebank.com,Savings,545.74,2/05/2007,6/28/2023,94,7/01/2023,Withdrawal,1075.23,-529.49,22,94,25047.36,Mortgage,3.42,12,11/23/2021,Approved,94,MasterCard,12172.04,6159.25,384.27,7/25/2023,1/25/2023,International payment reviewed.,Passport reference K7829146 belongs to Farah Khan.,10/23/2023,Complaint,Resolved,Request completed successfully.,Routine review completed; no concerns recorded.
95,Rahul,Jackson,77,Male,"153, Belford drive",Oklahoma City,15627920095,rahul.jackson@kag.com,Current,7114.13,9/21/2010,3/17/2023,95,5/10/2023,Deposit,749.77,7863.9,97,95,24869.77,Mortgage,1.24,24,8/31/2021,Approved,95,AMEX,2872.45,1241.53,31.31,11/07/2023,10/22/2023,Card payment processed.,No additional approval condition recorded.,3/15/2023,Suggestion,Resolved,Access restored after standard verification.,Routine review completed; no concerns recorded.
96,Patricia,White,20,Other,"897, Rockpart pass",Denver,12739170096,patricia.white96@mailtest.net,Current,2275.21,7/29/2012,9/16/2023,96,1/19/2023,Deposit,1238.05,3513.26,111,96,49483.74,Mortgage,3.82,48,9/11/2023,Rejected,96,AMEX,8502.74,2496.45,57.62,6/16/2023,1/12/2023,The spouse of Raj Iyer works at BluePeak Consulting.,Documents reviewed against standard criteria.,1/16/2023,Praise,Resolved,Access restored after standard verification.,General product information provided.
97,Isabella,Young,32,Other,"762, Cedar avenue",Los Angeles,16644010097,isabella.young@mailtest.net,Current,1936.35,2/10/2006,3/13/2023,97,3/10/2023,Withdrawal,2548.99,-612.64,90,97,29076.74,Auto,8.85,36,5/16/2023,Rejected,97,Visa,7048.46,4219.06,253.26,9/05/2023,12/27/2023,Travel request for Harish Malhotra is linked to booking PNRH00097.,Manual review completed.,4/30/2023,Complaint,Pending,Request completed successfully.,Statement reissue requested.
98,Mary,Flores,65,Male,"456, Washington boulevard",Seattle,17202930098,maryflores@samplebank.com,Current,14517.22,9/17/2022,1/27/2023,98,12/14/2023,Withdrawal,218.61,14298.61,114,98,43716.5,Mortgage,8.63,36,10/21/2020,Approved,98,AMEX,12125.48,3716.5,97.03,9/09/2023,12/06/2023,Interest adjustment posted.,Income assessment completed.,3/25/2023,Complaint,Resolved,Investigation remains pending.,"emp Anil Khanna, id EMP-D00098; docs not clear"
99,Nancy,Ramirez,22,Male,"124, Columbus drive",Portland,12498640099,nancy.ramirez@kag.com,Savings,4714.35,7/22/2006,7/21/2023,99,9/25/2023,Transfer,597.27,5311.62,5,99,46705,Personal,8.25,24,11/05/2022,Rejected,99,AMEX,2618.38,1082.87,23.21,5/03/2023,4/08/2023,Travel payment recorded.,Tanvi Reddy flying BritishAirways to London; pnr PNRL41027,10/28/2023,Complaint,Resolved,Case closed after review.,No follow-up action currently required.
100,Ananya,Davis,36,Female,"537, Pine boulevard",Fort Worth,17903860100,ananya_davis@samplebank.com,Current,14353.57,10/16/2015,9/23/2023,100,8/11/2023,Withdrawal,497.32,13856.25,29,100,48275.12,Mortgage,7.97,48,4/18/2021,Approved,100,Visa,2700.43,1619.61,76.86,9/11/2023,6/16/2023,Scheduled transfer completed.,Manual review completed.,11/14/2023,Praise,Resolved,Access restored after standard verification.,"docs chk done, no cust-specific detail noted"
101,Robert,Wright,57,Male,"316, Oak boulevard",Fort Worth,14823980101,robert.wright101@demo-finance.com,Savings,8667.7,8/29/2019,9/13/2023,101,6/16/2023,Withdrawal,1955.99,6711.71,114,101,23660.51,Auto,7.55,48,2/24/2023,Approved,101,AMEX,2937.5,1227.35,66.67,2/19/2023,7/16/2023,Cash deposit recorded.,Manual review completed.,10/18/2023,Suggestion,Pending,Access restored after standard verification.,"txn reviewed - nothing unusual, no follow-up reqd"
102,Neha,Flores,47,Female,"572, Rockend boulevard",Portland,18056570102,neha.flores@samplebank.com,Current,3011.55,9/16/2019,8/09/2023,102,9/21/2023,Withdrawal,454.62,2556.93,23,102,6628.85,Mortgage,5.71,48,12/26/2021,Approved,102,AMEX,5296.24,4838,196.32,12/30/2023,5/08/2023,Cash deposit recorded.,No additional approval condition recorded.,4/19/2023,Suggestion,Resolved,Access restored after standard verification.,"med ref MED-00102-24 still open, appt note pending"
103,Arjun,Ramirez,73,Other,"970, Ironsmith road",Louisville,12365850103,arjun.ramirez103@kag.com,Current,6539.59,8/04/2010,11/29/2023,103,2/27/2023,Deposit,2137.55,8677.14,64,103,22702.86,Personal,5.65,12,6/03/2020,Approved,103,MasterCard,9930.03,4082.49,162.18,9/29/2023,8/20/2023,Monthly payment received.,Medical reference MED-73145-C remains tied to Vivek Jain.,4/10/2023,Suggestion,Resolved,Investigation remains pending.,Statement reissue requested.
104,Daniel,Patel,28,Other,"147, Park pass",Fort Worth,15263950104,daniel.patel@samplebank.com,Current,9611.3,2/19/2005,5/06/2023,104,7/04/2023,Withdrawal,1986.14,7625.16,77,104,16008.86,Mortgage,2.43,60,11/02/2022,Rejected,104,AMEX,12176.82,8801.91,302.13,3/30/2023,1/18/2023,Standard debit reviewed.,The spouse of Pooja Mehta works @ BluePeak Consulting.,10/25/2023,Complaint,Resolved,Shreya Kumar works @ Wipro Hyderabad office; emp info needs chk,General product information provided.
105,Patricia,Harris,70,Male,"65, Columbus avenue",Bangalore,14232180105,patricia_harris@samplebank.com,Current,4332.52,12/21/2015,11/28/2023,105,5/27/2023,Withdrawal,4534.56,-202.04,106,105,45477.87,Mortgage,7.11,48,12/23/2022,Closed,105,MasterCard,13929.79,1956.51,149.36,2/09/2023,4/04/2023,Travel charge reviewed.,Gaurav Roy booked travel with Singapore Airlines to Sydney.,2/20/2023,Praise,Resolved,Request completed successfully.,The spouse of Pranav Chawla works at BluePeak Consulting.
106,Charles,Moore,64,Female,"721, Ironsmith boulevard",Orlando,12669760106,charlesmoore@demo-finance.com,Savings,2306.7,6/26/2011,11/10/2023,106,2/27/2023,Transfer,3155.24,-848.54,88,106,3081.26,Mortgage,6.19,12,10/22/2023,Rejected,106,Visa,11897.35,10674.69,683.22,11/10/2023,5/12/2023,Salary credit received.,Employee Rhea Saxena is associated with identifier EMP-RT90317.,8/10/2023,Praise,Resolved,Employee Shreya Nair is associated with identifier EMP-E00106.,No follow-up action currently required.
107,Margaret,Thomas,64,Other,"704, Woolworths court",Portland,13699150107,margaret.thomas@demo-finance.com,Current,12965.49,7/26/2007,5/20/2023,107,3/01/2023,Withdrawal,4052.62,8912.87,22,107,1325.86,Auto,9.28,60,3/13/2023,Approved,107,Visa,6879.7,1446.02,34.63,8/21/2023,6/25/2023,Card payment processed.,No additional approval condition recorded.,3/12/2023,Praise,Pending,Request completed successfully.,No follow-up action currently required.
108,Deepa,Jones,45,Female,"731, Rockpart drive",New York,15992900108,deepajones108@demo-finance.com,Current,14528.43,7/03/2015,4/05/2023,108,4/17/2023,Deposit,261.14,14789.57,77,108,47796.54,Mortgage,8.5,48,12/08/2023,Closed,108,AMEX,8761.57,4329.42,275.29,2/04/2023,10/23/2023,Card payment processed.,Income assessment completed.,7/23/2023,Praise,Pending,Investigation remains pending.,General product information provided.
109,Zara,Martin,65,Other,"83, Columbus pass",Seattle,12357680109,zara.martin109@mailtest.net,Savings,12640.84,6/18/2007,11/10/2023,109,2/05/2023,Withdrawal,4526.73,8114.11,57,109,21318.74,Mortgage,7.42,36,8/20/2023,Closed,109,AMEX,11771.12,10153.1,638.47,3/30/2023,7/01/2023,Cash deposit recorded.,The spouse of Vivek Jain works at BluePeak Consulting.,10/03/2023,Complaint,Pending,Investigation remains pending.,General product information provided.
110,David,Kumar,68,Female,"921, Meadow street",Oklahoma City,18467040110,david.kumar@kag.com,Savings,14072.28,5/01/2013,9/16/2023,110,9/20/2023,Deposit,2278.33,16350.61,61,110,10882.44,Auto,8.56,12,10/14/2023,Closed,110,Visa,5792.45,2192.8,137.87,5/27/2023,6/03/2023,Cash deposit recorded.,Manual review completed.,11/10/2023,Suggestion,Pending,Request completed successfully.,Statement reissue requested.
111,Andrew,Young,55,Male,"614, Mount View court",Boston,15012050111,andrew.young111@demo-finance.com,Savings,7093.38,11/03/2007,1/23/2023,111,1/02/2023,Transfer,4311.96,11405.34,12,111,35848.64,Auto,8.18,60,3/22/2022,Rejected,111,AMEX,4834.14,3770.02,120.85,10/19/2023,1/04/2023,Card payment processed.,Travel request for Priya Menon is linked to booking PNRK00111.,11/15/2023,Complaint,Resolved,Access restored after standard verification.,Statement reissue requested.
112,David,Sharma,56,Female,"522, Rockpart pass",London,16555300112,david.sharma@demo-finance.com,Current,1660.7,5/04/2015,10/14/2023,112,8/31/2023,Withdrawal,1604.67,56.03,12,112,25070.25,Personal,1.57,48,5/22/2023,Closed,112,AMEX,10725.07,6109.55,339.11,1/31/2023,7/04/2023,Card payment processed.,Transaction reference TXN-000112-X was escalated.,9/25/2023,Complaint,Pending,Case closed after review.,General product information provided.
113,Christopher,Lee,23,Male,"173, Mount View boulevard",Columbus,15603820113,christopher.lee@samplebank.com,Savings,1038.69,5/02/2020,6/11/2023,113,9/06/2023,Withdrawal,1214.94,-176.25,115,113,39835.06,Mortgage,7.28,12,8/29/2022,Approved,113,AMEX,2897.87,947.71,26.38,5/22/2023,10/16/2023,Card payment processed.,Transaction reference TXN-884201-Z was discussed with Alisha Kumar at Orion Retail.,7/24/2023,Complaint,Resolved,Request completed successfully.,Alisha Roy booked travel with British Airways to Singapore; booking reference PNRF00113 requires review.
114,Christopher,Perez,49,Female,"168, Meadow avenue",El Paso,15378780114,christopher.perez@demo-finance.com,Current,8477.94,5/30/2004,5/30/2023,114,5/09/2023,Deposit,1927.94,10405.88,66,114,20706.03,Auto,5.61,48,4/05/2021,Approved,114,AMEX,10513.33,4417.08,220.61,6/24/2023,2/09/2023,Vivek Khanna visited Apollo hospital for  therapy; medical reference MED-00114-17 remains active.,No additional approval condition recorded.,12/01/2023,Complaint,Resolved,Access restored after standard verification.,Statement reissue requested.
115,Kevin,Walker,56,Male,"735, Rockham road",Dubai,14342930115,kevin.walker@samplebank.com,Current,10010.11,4/08/2013,12/31/2023,115,11/22/2023,Deposit,736.95,10747.06,106,115,18278.44,Personal,3.66,12,1/01/2020,Rejected,115,AMEX,12427.27,11717.57,599.92,6/23/2023,4/05/2023,Interest adjustment posted.,Income assessment completed.,2/25/2023,Complaint,Resolved,Access restored after standard verification.,"docs chk done, no cust-specific detail noted"
116,Thomas,Brown,78,Male,"438, Rockpart court",Houston,19318510116,thomas_brown@kag.com,Savings,8199.15,5/14/2013,8/07/2023,116,3/13/2023,Deposit,2125.66,10324.81,74,116,34989.15,Mortgage,6.2,12,8/02/2022,Rejected,116,MasterCard,8420.22,5740.07,174.06,9/27/2023,5/13/2023,Card payment processed.,Harish Jain visited Fortis clinic for diabetes medication; medical reference MED-00116-79 remains active.,3/31/2023,Complaint,Resolved,Access restored after standard verification.,Routine review completed; no concerns recorded.
117,Emily,Hall,52,Other,"251, Rockham boulevard",Charlotte,18529320117,emily.hall117@samplebank.com,Current,14190.48,4/23/2007,4/09/2023,117,10/20/2023,Transfer,3856.37,18046.85,15,117,36759.33,Mortgage,7.39,12,1/11/2021,Closed,117,Visa,4982.26,1929.04,144.66,11/14/2023,4/28/2023,Scheduled transfer completed.,Income assessment completed.,6/22/2023,Suggestion,Resolved,Request completed successfully.,addr/mob update not required; close req pls
118,Mohammed,Brown,63,Other,"719, Philadephia lane",Toronto,17315000118,mohammed.brown@demo-finance.com,Current,2929.8,8/20/2018,3/01/2023,118,9/01/2023,Transfer,1907.8,4837.6,51,118,24760.75,Auto,6.3,12,6/11/2020,Closed,118,MasterCard,5442.89,379.63,16.02,9/20/2023,12/30/2023,Interest adjustment posted.,Manual review completed.,11/23/2023,Complaint,Resolved,"emp Gaurav Khanna, id EMP-E00118; docs not clear",General product information provided.
119,Thomas,Flores,36,Male,"113, Belford lane",Seattle,15085760119,thomas.flores119@mailtest.net,Current,9685.56,8/23/2016,8/18/2023,119,3/20/2023,Transfer,529.5,10215.06,23,119,22300.03,Mortgage,2.54,48,6/18/2021,Closed,119,AMEX,6170.81,1884.16,135.88,11/29/2023,7/02/2023,Card payment processed.,Manual review completed.,1/31/2023,Suggestion,Resolved,Investigation remains pending.,Transaction TXN-000119-Z was discussed with Rohan Iyer at the TCS Bangalore HQ service desk.
120,Raj,Singh,19,Other,"417, Viewmount street",London,19786740120,raj_singh120@samplebank.com,Savings,12453.26,3/21/2008,4/09/2023,120,8/05/2023,Deposit,4672.73,17125.99,63,120,15796.64,Mortgage,7.87,60,5/19/2022,Rejected,120,AMEX,11619.13,10084.22,251.68,6/20/2023,10/01/2023,Interest adjustment posted.,No additional approval condition recorded.,5/11/2023,Suggestion,Resolved,Investigation remains pending.,General product information provided.
121,Benjamin,Williams,71,Male,"475, Maple court",Singapore,13619490121,benjamin_williams@mailtest.net,Current,7849.33,7/24/2011,12/04/2023,121,6/07/2023,Withdrawal,3633.92,4215.41,66,121,8136.09,Mortgage,6.24,36,12/16/2022,Closed,121,Visa,7969.57,5567.64,317.9,9/01/2023,5/05/2023,Card payment processed.,No additional approval condition recorded.,3/30/2023,Complaint,Resolved,Request completed successfully.,Statement reissue requested.
122,Maria,Wilson,44,Other,"25, Cedar avenue",San Diego,19843790122,maria_wilson122@demo-finance.com,Savings,5819.08,12/17/2008,11/21/2023,122,1/26/2023,Deposit,2153.63,7972.71,79,122,19868.24,Auto,2.91,36,10/28/2023,Closed,122,Visa,13056.17,6650.32,133.83,5/28/2023,12/31/2023,Interest adjustment posted.,Documents reviewed against standard criteria.,12/15/2023,Praise,Pending,Investigation remains pending.,No follow-up action currently required.
123,William,Hall,56,Other,"687, Washington court",Bangalore,17797040123,william.hall123@samplebank.com,Savings,2527.26,10/06/2015,9/04/2023,123,12/30/2023,Withdrawal,4520.74,-1993.48,59,123,19933.82,Auto,8.95,60,10/21/2023,Approved,123,AMEX,9586.24,8822.09,584.03,1/19/2023,4/16/2023,Interest adjustment posted.,No additional approval condition recorded.,10/19/2023,Praise,Resolved,Investigation remains pending.,"txn reviewed - nothing unusual, no follow-up reqd"
124,Maria,Baker,49,Male,"639, Wanderer road",Houston,19293050124,maria.baker@mailtest.net,Savings,3262.48,7/28/2021,4/10/2023,124,12/07/2023,Transfer,1142.5,2119.98,111,124,8601.82,Auto,2.34,12,5/17/2022,Closed,124,AMEX,2586.52,1221.97,86.78,4/01/2023,12/27/2023,Travel request for Dev Jain is linked to booking PNRW00124.,No additional approval condition recorded.,2/10/2023,Suggestion,Pending,Request completed successfully.,Routine review completed; no concerns recorded.
125,Ananya,Miller,35,Female,"206, Smithford road",Singapore,13459490125,ananya.miller@samplebank.com,Current,812.4,8/10/2008,6/18/2023,125,7/30/2023,Withdrawal,4658.97,-3846.57,55,125,14972.35,Auto,3.28,12,4/28/2022,Approved,125,AMEX,5960.4,4363,281.49,9/04/2023,11/12/2023,Scheduled transfer completed.,Manual review completed.,6/08/2023,Praise,Pending,Investigation remains pending.,Routine review completed; no concerns recorded.
126,Aarav,Wright,25,Female,"282, Washington street",Los Angeles,12209860126,aaravwright@samplebank.com,Savings,1875.99,9/27/2014,4/23/2023,126,1/23/2023,Deposit,2223.14,4099.13,28,126,45023.29,Mortgage,7.77,12,8/24/2020,Rejected,126,AMEX,4199.04,2550.67,93.8,6/26/2023,1/07/2023,Monthly instalment received.,Documents reviewed against standard criteria.,9/17/2023,Suggestion,Resolved,Employee identifier EMP-E00126 requires manual verification.,General product information provided.
127,Raj,Carmichael,68,Female,"560, Jaliso Springs drive",Mumbai,12432670127,raj.carmichael@demo-finance.com,Savings,5837.74,2/25/2013,12/14/2023,127,7/27/2023,Withdrawal,2484,3353.74,99,127,41737.37,Personal,6.1,36,4/05/2023,Closed,127,AMEX,3954.12,2872.35,220.1,4/10/2023,9/22/2023,Card payment processed.,Income assessment completed.,9/12/2023,Suggestion,Pending,Booking reference PNRU00127 was flagged for additional review.,No follow-up action currently required.
128,Margaret,Nelson,23,Other,"684, Park avenue",Portland,14123950128,margaret.nelson128@kag.com,Current,3006.56,5/07/2005,6/02/2023,128,4/21/2023,Deposit,1445.28,4451.84,104,128,18888.29,Auto,2.9,24,3/31/2022,Closed,128,MasterCard,6604.91,314.35,22.3,12/12/2023,2/17/2023,Monthly instalment received.,Documents reviewed against standard criteria.,10/03/2023,Complaint,Pending,Medical case reference MED-00128-35 remains open.,No follow-up action currently required.
129,George,Young,58,Female,"263, Maple pass",Sydney,16904330129,george_young129@samplebank.com,Current,6555.17,2/19/2012,10/11/2023,129,12/10/2023,Deposit,3530.45,10085.62,103,129,43553.2,Mortgage,1.55,12,12/13/2020,Rejected,129,MasterCard,1877.82,105.02,3.46,7/15/2023,11/21/2023,Transaction reference TXN-000129-X was escalated.,No additional approval condition recorded.,8/11/2023,Suggestion,Pending,Access restored after standard verification.,General product information provided.
130,Nancy,Adams,33,Male,"124, Lakeview road",Singapore,18699810130,nancy.adams130@demo-finance.com,Current,7760.65,7/03/2013,12/03/2023,130,6/08/2023,Withdrawal,39.47,7721.18,44,130,27619.13,Mortgage,4.29,36,8/23/2022,Closed,130,AMEX,6671.48,1493.82,54.16,7/04/2023,7/06/2023,Scheduled transfer completed.,Income assessment completed.,2/14/2023,Praise,Pending,Request completed successfully.,"med ref MED-00130-34 still open, appt note pending"
131,Arjun,Lee,25,Female,"918, Cedar lane",Bangalore,13172700131,arjun_lee@mailtest.net,Current,14100.7,9/10/2017,6/27/2023,131,4/24/2023,Deposit,3272.76,17373.46,85,131,31066.03,Mortgage,5.89,36,5/02/2023,Rejected,131,MasterCard,12492.07,12399.15,988.36,9/23/2023,8/03/2023,Medical case reference MED-00131-67 remains open.,No additional approval condition recorded.,10/19/2023,Complaint,Resolved,Access restored after standard verification.,Statement reissue requested.
132,Rahul,Brown,64,Other,"509, Zeelandia avenue",Los Angeles,12752520132,rahul_brown@mailtest.net,Current,14436.05,8/17/2018,9/20/2023,132,10/03/2023,Deposit,1415.54,15851.59,47,132,21845.56,Personal,7.21,36,6/29/2021,Closed,132,AMEX,10399.56,10378.52,572.4,5/08/2023,3/12/2023,addr/mob update not required; close req pls,Manual review completed.,8/11/2023,Complaint,Resolved,Investigation remains pending.,No follow-up action currently required.
133,Priya,Garcia,75,Other,"388, Woolworths avenue",Chicago,15409340133,priya_garcia@demo-finance.com,Savings,9372.93,6/06/2014,5/01/2023,133,11/29/2023,Deposit,2965.25,12338.18,28,133,34744.78,Mortgage,9.09,36,10/20/2023,Approved,133,AMEX,13972.31,4805.37,381.28,5/24/2023,11/04/2023,Card payment processed.,Income assessment completed.,6/05/2023,Complaint,Resolved,Access restored after standard verification.,No follow-up action currently required.
134,Arjun,Clark,43,Other,"480, Oak boulevard",Bangalore,12162220134,arjunclark@demo-finance.com,Current,7528.45,8/20/2004,4/05/2023,134,11/25/2023,Transfer,1264.94,6263.51,4,134,44971.78,Mortgage,5.61,48,4/15/2022,Rejected,134,AMEX,13661.22,9311.15,254.24,9/13/2023,7/12/2023,Scheduled transfer completed.,Employee Pranav Saxena is associated with identifier EMP-H00134.,8/09/2023,Praise,Resolved,Access restored after standard verification.,Routine review completed; no concerns recorded.
135,Joseph,Nelson,54,Male,"472, Airport road",Boston,15616740135,josephnelson@samplebank.com,Savings,1690.93,3/30/2019,5/24/2023,135,1/13/2023,Withdrawal,3438.77,-1747.84,64,135,37355.47,Auto,3.79,12,9/09/2020,Rejected,135,MasterCard,11067.79,2691.02,110.73,8/02/2023,5/23/2023,Scheduled transfer completed.,Manual review completed.,9/03/2023,Praise,Resolved,Employee Elena Mehta is associated with identifier EMP-E00135.,Statement reissue requested.
136,Robert,Smith,35,Other,"881, Belford avenue",London,14816760136,robert_smith@samplebank.com,Current,9507.22,1/07/2014,4/08/2023,136,8/14/2023,Deposit,4996.43,14503.65,21,136,41143.01,Mortgage,9.26,60,8/15/2020,Closed,136,MasterCard,12523.94,10875.43,622.47,8/04/2023,3/20/2023,Cash deposit recorded.,Manual review completed.,10/17/2023,Praise,Resolved,Case closed after review.,Booking reference PNRR00136 was flagged for additional review.
137,Robert,Johnson,18,Other,"69, Ironsmith boulevard",Columbus,16447700137,robertjohnson137@mailtest.net,Savings,12577.56,5/04/2012,9/02/2023,137,7/13/2023,Deposit,3770.17,16347.73,32,137,29633.29,Auto,1.51,12,12/18/2023,Closed,137,AMEX,13033.09,5163.75,327.09,2/24/2023,1/12/2023,Card payment processed.,No additional approval condition recorded.,7/13/2023,Praise,Pending,Employee identifier EMP-B00137 requires manual verification.,General product information provided.
138,David,Moore,60,Male,"325, Columbus drive",Singapore,18287480138,david_moore@kag.com,Current,6080.98,8/02/2014,3/03/2023,138,11/27/2023,Withdrawal,851.5,5229.48,14,138,11064.44,Auto,5.32,60,7/23/2021,Approved,138,AMEX,4070.62,2792.17,99.59,9/07/2023,8/02/2023,Scheduled transfer completed.,Travel request for Isha Rao is linked to booking PNRJ00138.,6/19/2023,Praise,Resolved,Case closed after review.,No follow-up action currently required.
139,James,Patel,41,Female,"823, Smithford avenue",Mumbai,14686250139,james_patel@kag.com,Savings,6009.85,12/30/2008,4/06/2023,139,3/19/2023,Deposit,1392.82,7402.67,30,139,48955.12,Personal,3.59,36,4/23/2021,Approved,139,Visa,13669.07,10625.8,571.59,8/22/2023,12/24/2023,Cash deposit recorded.,Manual review completed.,2/14/2023,Complaint,Resolved,Request completed successfully.,Pooja Sen is recorded as working at BluePeak Consulting.
140,Ananya,Brown,74,Female,"912, Oak lane",Hyderabad,14973160140,ananya.brown@kag.com,Savings,11584.96,4/05/2009,3/06/2023,140,2/12/2023,Deposit,1538.07,13123.03,29,140,43166.02,Auto,2.79,36,8/10/2022,Approved,140,AMEX,14870.92,8490.49,573.79,1/29/2023,2/04/2023,Monthly instalment received.,No additional approval condition recorded.,6/25/2023,Complaint,Resolved,Employee identifier EMP-A00140 requires manual verification.,Statement reissue requested.
141,Deepa,Gupta,19,Female,"490, Cancun street",Louisville,19558350141,deepa.gupta141@demo-finance.com,Savings,13721.19,11/17/2020,10/05/2023,141,5/24/2023,Deposit,2698.58,16419.77,87,141,13575.36,Auto,2.83,12,2/10/2022,Approved,141,Visa,13988.91,6173.12,312.02,6/16/2023,5/07/2023,Monthly instalment received.,Transaction TXN-000141-X was discussed with Cindy Bose at the Vertex Systems service desk.,7/18/2023,Suggestion,Resolved,Access restored after standard verification.,General product information provided.
142,Arjun,Miller,40,Other,"245, Maple boulevard",Philadelphia,14238910142,arjun.miller@mailtest.net,Current,516.57,1/10/2017,4/25/2023,142,10/02/2023,Transfer,647.91,1164.48,59,142,27586.26,Auto,4.67,60,12/09/2023,Rejected,142,AMEX,4268.58,971.33,66.98,7/10/2023,6/05/2023,Cash deposit recorded.,"docs chk done, no cust-specific detail noted",5/02/2023,Complaint,Resolved,Access restored after standard verification.,Statement reissue requested.
143,Linda,Flores,78,Male,"423, Airport boulevard",Oklahoma City,19144730143,lindaflores@samplebank.com,Current,2305.62,5/11/2016,10/23/2023,143,5/14/2023,Withdrawal,398.11,1907.51,114,143,24457.77,Mortgage,7.84,48,7/08/2022,Approved,143,Visa,10728.61,3011.85,97.8,11/22/2023,3/09/2023,txn TXN-000143-Z discussed w/ Deepak Nair at Acme Analytics; pls upd case,Income assessment completed.,4/28/2023,Suggestion,Pending,Case closed after review.,No follow-up action currently required.
144,Patricia,Nelson,41,Male,"254, Airport boulevard",Seattle,12505580144,patricia_nelson@mailtest.net,Savings,7023.53,10/10/2015,8/22/2023,144,10/22/2023,Deposit,2638.86,9662.39,88,144,39149.08,Personal,2.81,12,10/07/2021,Approved,144,MasterCard,12409.32,4023.55,185.69,2/03/2023,8/02/2023,Card payment processed.,Manual review completed.,8/23/2023,Suggestion,Pending,Cindy Malhotra booked travel with Emirates to Toronto; booking reference PNRZ00144 requires review.,General product information provided.
145,Daniel,Smith,65,Other,"487, Wanderer pass",Phoenix,18487660145,daniel.smith@kag.com,Savings,8332.4,1/05/2013,2/06/2023,145,7/26/2023,Deposit,1348.8,9681.2,50,145,1336.8,Auto,2.31,12,3/11/2022,Approved,145,AMEX,5580.05,3494.01,233.55,10/15/2023,2/02/2023,Monthly instalment received.,Income assessment completed.,12/17/2023,Suggestion,Pending,Request completed successfully.,Routine review completed; no concerns recorded.
146,Linda,Perez,58,Male,"918, Rockpart road",Seattle,17054910146,linda.perez@kag.com,Savings,10069.01,2/07/2010,7/03/2023,146,10/04/2023,Transfer,2255.02,12324.03,101,146,9401.82,Auto,3.92,48,12/25/2020,Approved,146,AMEX,7423.44,1195.46,75.98,7/20/2023,6/29/2023,Monthly instalment received.,Documents reviewed against standard criteria.,3/23/2023,Complaint,Pending,Investigation remains pending.,No follow-up action currently required.
147,Kavita,Carmichael,74,Female,"655, Lakeview lane",San Diego,14365650147,kavita_carmichael@demo-finance.com,Savings,11077.58,8/02/2008,3/05/2023,147,12/03/2023,Deposit,4099.86,15177.44,17,147,35446.71,Mortgage,6.41,60,12/23/2023,Closed,147,AMEX,12888.28,1082.36,77.62,5/05/2023,10/06/2023,Transaction TXN-000147-Z was discussed with Rhea Sharma at the Acme Analytics service desk.,Manual review completed.,11/15/2023,Complaint,Resolved,Request completed successfully.,General product information provided.
148,Edward,Gonzalez,51,Female,"483, Cedar pass",Dubai,17083520148,edward_gonzalez@demo-finance.com,Savings,14391.92,3/09/2011,1/03/2023,148,6/15/2023,Deposit,1559.03,15950.95,81,148,20568.23,Auto,8.34,60,5/10/2022,Approved,148,AMEX,8535.49,2422.55,157.52,12/31/2023,4/17/2023,Card payment processed.,No additional approval condition recorded.,6/18/2023,Complaint,Pending,Access restored after standard verification.,Statement reissue requested.
149,Margaret,Clark,49,Male,"767, Pine avenue",Charlotte,13915550149,margaret.clark149@demo-finance.com,Savings,3187.06,1/02/2011,3/04/2023,149,1/26/2023,Withdrawal,287.3,2899.76,9,149,2586.87,Auto,1.41,24,1/16/2020,Approved,149,MasterCard,4419.03,616.47,18.96,6/05/2023,3/22/2023,Cash deposit recorded.,Manual review completed.,10/23/2023,Complaint,Resolved,Employee identifier EMP-G00149 requires manual verification.,No follow-up action currently required.
150,Carlos,Gonzalez,61,Other,"264, Chandler road",Austin,18399070150,carlosgonzalez@kag.com,Savings,1727.05,5/19/2010,8/17/2023,150,1/24/2023,Deposit,781.74,2508.79,45,150,26377.52,Auto,8.58,12,7/06/2020,Approved,150,AMEX,3406.71,228.89,12.22,6/10/2023,10/25/2023,Card payment processed.,Travel request for Anita Rao is linked to booking PNRP00150.,7/27/2023,Praise,Pending,Investigation remains pending.,No follow-up action currently required.
151,Charles,Williams,62,Other,"830, Seafarers lane",Chicago,12967830151,charles.williams@mailtest.net,Savings,14601.2,2/06/2012,6/28/2023,151,8/19/2023,Withdrawal,79.12,14522.08,68,151,2201.24,Personal,1.92,60,12/20/2022,Rejected,151,AMEX,5431.36,3775.79,100.12,7/12/2023,5/10/2023,Cash deposit recorded.,No additional approval condition recorded.,6/18/2023,Complaint,Pending,Travel request for Rhea Mehta is linked to booking PNRT00151.,Routine review completed; no concerns recorded.
152,Amanda,Jackson,73,Female,"314, Pine drive",San Diego,12399220152,amanda_jackson152@demo-finance.com,Current,11445.82,12/06/2022,4/27/2023,152,6/19/2023,Withdrawal,4614.13,6831.69,78,152,9073.52,Auto,4.67,48,3/01/2023,Approved,152,Visa,11724.24,9975.14,788.04,5/17/2023,8/15/2023,Travel request for Priya Khanna is linked to booking PNRS00152.,No additional approval condition recorded.,8/25/2023,Suggestion,Pending,Investigation remains pending.,General product information provided.
153,Priya,Lewis,34,Male,"513, Viewmount avenue",Singapore,14166300153,priya_lewis153@samplebank.com,Current,9699.56,3/11/2013,2/25/2023,153,1/24/2023,Deposit,1427.62,11127.18,112,153,11523.1,Personal,3.19,36,2/16/2021,Rejected,153,MasterCard,9800.71,6375.98,483.56,2/27/2023,7/03/2023,Interest adjustment posted.,No additional approval condition recorded.,5/31/2023,Praise,Pending,Access restored after standard verification.,No follow-up action currently required.
154,Edward,Gonzalez,75,Other,"483, Cedar pass",Dubai,17083520148,edward_gonzalez@demo-finance.com,Savings,3309.33,6/26/2014,12/13/2023,154,10/10/2023,Deposit,2016.47,5325.8,104,154,46550.9,Mortgage,8.68,60,7/07/2020,Approved,154,MasterCard,9834.57,4074.51,122.96,4/01/2023,5/15/2023,Interest adjustment posted.,Income assessment completed.,3/14/2023,Suggestion,Pending,Investigation remains pending.,General product information provided.
155,Aisha,Williams,67,Female,"667, Lakeview street",Denver,12375580155,aisha.williams@demo-finance.com,Savings,1574.4,10/26/2017,3/10/2023,155,3/24/2023,Withdrawal,3043.01,-1468.61,94,155,24698.48,Auto,2.64,36,6/17/2020,Approved,155,Visa,9578.62,8058.98,331.39,10/11/2023,5/19/2023,Monthly instalment received.,Travel request for Elena Malhotra is linked to booking PNRT00155.,2/05/2023,Complaint,Pending,Request completed successfully.,Routine review completed; no concerns recorded.
156,Anthony,Thomas,52,Other,"319, Cedar boulevard",Chicago,14714910156,anthonythomas@demo-finance.com,Savings,8219.6,1/22/2015,11/19/2023,156,3/19/2023,Transfer,4112.77,12332.37,18,156,45310.22,Mortgage,8.1,48,7/16/2020,Rejected,156,Visa,5468.75,3858.53,116.95,2/28/2023,2/09/2023,Monthly instalment received.,Documents reviewed against standard criteria.,7/01/2023,Complaint,Resolved,Request completed successfully.,Routine review completed; no concerns recorded.
157,Priya,Gonzalez,43,Other,"949, Ironsmith lane",Denver,15675820157,priya.gonzalez@samplebank.com,Savings,10497.92,11/15/2019,6/12/2023,157,6/13/2023,Deposit,2016.48,12514.4,92,157,29779.46,Mortgage,5.68,36,1/22/2020,Rejected,157,Visa,1895.75,1194.58,73.85,5/03/2023,12/07/2023,Cash deposit recorded.,Income assessment completed.,6/26/2023,Complaint,Pending,Access restored after standard verification.,Travel request for Farah Reddy is linked to booking PNRM00157.
158,Michelle,Martinez,35,Male,"94, Woolworths drive",New York,12463520158,michelle_martinez@demo-finance.com,Savings,9717.79,4/08/2022,9/10/2023,158,8/17/2023,Withdrawal,3871.18,5846.61,69,158,44424.32,Personal,7,12,11/18/2020,Rejected,158,AMEX,11751.24,8557.26,439.68,1/13/2023,4/15/2023,Cash deposit recorded.,Income assessment completed.,3/28/2023,Praise,Pending,Access restored after standard verification.,General product information provided.
159,Thomas,Davis,75,Female,"991, Belford drive",Phoenix,15485100159,thomasdavis@kag.com,Savings,2525.14,2/25/2009,2/07/2023,159,6/06/2023,Withdrawal,720.18,1804.96,98,159,15545.94,Auto,9.37,36,7/17/2023,Approved,159,AMEX,11570.84,5013.67,282.22,11/24/2023,2/20/2023,Card payment processed.,Documents reviewed against standard criteria.,2/26/2023,Praise,Resolved,Access restored after standard verification.,Employee identifier EMP-G00159 requires manual verification.
160,Kavita,Brown,29,Female,"994, Rockham court",Mumbai,17795930160,kavitabrown@samplebank.com,Current,1946.21,10/14/2018,10/07/2023,160,4/02/2023,Transfer,4746.44,6692.65,58,160,28909.7,Auto,6.59,36,6/10/2021,Closed,160,AMEX,12147.46,2547.87,157.69,1/10/2023,5/09/2023,Interest adjustment posted.,Documents reviewed against standard criteria.,8/09/2023,Complaint,Pending,Access restored after standard verification.,Statement reissue requested.
161,Sophia,Hall,42,Other,"166, Rockham street",Denver,13874990161,sophiahall161@kag.com,Current,626.74,8/16/2021,2/09/2023,161,10/04/2023,Deposit,3438.22,4064.96,61,161,41940.85,Mortgage,5.93,12,5/17/2020,Approved,161,MasterCard,11179.95,1752.38,43.08,8/16/2023,10/18/2023,Interest adjustment posted.,Manual review completed.,3/11/2023,Praise,Pending,Investigation remains pending.,"med ref MED-00161-72 still open, appt note pending"
162,Amanda,Harris,55,Female,"403, Jaliso Springs drive",Oklahoma City,16924610162,amanda_harris@samplebank.com,Current,9494.15,9/17/2018,7/25/2023,162,8/06/2023,Deposit,302.05,9796.2,38,162,39677.91,Auto,5.96,12,12/31/2020,Approved,162,AMEX,10519.86,8775.46,322.53,6/12/2023,5/22/2023,Cash deposit recorded.,Income assessment completed.,9/26/2023,Suggestion,Resolved,Investigation remains pending.,General product information provided.
163,Richard,Young,45,Female,"479, Cedar avenue",Mumbai,15165680163,richard_young163@mailtest.net,Current,6471.34,2/18/2007,3/27/2023,163,9/06/2023,Withdrawal,486.19,5985.15,97,163,28400.84,Auto,6.45,24,6/20/2022,Closed,163,MasterCard,6358.4,1445.85,48.21,4/12/2023,1/18/2023,Interest adjustment posted.,Transaction TXN-000163-X was discussed with Alisha Chawla at the TCS Bangalore HQ service desk.,4/12/2023,Praise,Resolved,Request completed successfully.,Statement reissue requested.
164,Mohammed,Flores,33,Male,"159, Rockpart street",Los Angeles,15538890164,mohammed.flores@samplebank.com,Savings,3878.55,12/29/2022,3/18/2023,164,7/11/2023,Transfer,1826.61,5705.16,50,164,48691.05,Auto,2.5,36,5/23/2020,Rejected,164,AMEX,3199.91,2277.62,80.57,10/20/2023,9/15/2023,Medical case reference MED-00164-72 remains open.,No additional approval condition recorded.,1/14/2023,Suggestion,Resolved,Case closed after review.,General product information provided.
165,Sarah,Harris,51,Male,"626, Oak lane",Sydney,19242570165,sarah_harris165@samplebank.com,Savings,14284.31,5/09/2005,4/04/2023,165,10/31/2023,Deposit,2959.82,17244.13,106,165,9541.78,Mortgage,4.24,12,3/18/2022,Approved,165,AMEX,2496.52,2078.72,85.45,5/11/2023,7/04/2023,Monthly instalment received.,No additional approval condition recorded.,10/29/2023,Suggestion,Resolved,Request completed successfully.,Transaction TXN-000165-Y was discussed with Kavita Jain at the Orion Retail service desk.
166,Hannah,Garcia,46,Male,"51, Belford court",Houston,16853170166,hannah.garcia@mailtest.net,Current,598.77,4/19/2005,10/07/2023,166,1/28/2023,Deposit,1382.9,1981.67,91,166,43408.28,Auto,3.21,24,7/08/2021,Approved,166,MasterCard,9494.93,4687.51,350.04,4/12/2023,1/01/2023,Cash deposit recorded.,Documents reviewed against standard criteria.,3/10/2023,Praise,Pending,Request completed successfully.,Medical case reference MED-00166-13 remains open.
167,Amanda,Lee,22,Male,"230, Park boulevard",Portland,16968510167,amanda.lee@demo-finance.com,Current,12714.09,6/18/2020,1/22/2023,167,4/09/2023,Transfer,2799.78,9914.31,49,167,14820.02,Auto,5.68,12,3/03/2023,Rejected,167,MasterCard,3701.5,80.02,5.4,7/29/2023,7/13/2023,Monthly instalment received.,No additional approval condition recorded.,10/25/2023,Complaint,Pending,Request completed successfully.,The spouse of Raj Kumar works at Northstar Logistics.
168,Kevin,Mitchell,41,Other,"186, Viewmount drive",New Delhi,12639500168,kevinmitchell@mailtest.net,Savings,2718.94,11/06/2019,5/30/2023,168,4/15/2023,Withdrawal,4944.55,-2225.61,105,168,12544.51,Mortgage,2.44,36,9/14/2022,Rejected,168,AMEX,11020.73,6520.41,510.5,7/03/2023,4/03/2023,Scheduled transfer completed.,Documents reviewed against standard criteria.,11/10/2023,Praise,Resolved,Request completed successfully.,General product information provided.
169,Emily,Mitchell,73,Female,"789, Riverside drive",Charlotte,17443390169,emily.mitchell@samplebank.com,Current,2680.4,3/11/2022,3/19/2023,169,8/07/2023,Transfer,378.52,2301.88,49,169,15739.26,Personal,1.44,36,11/16/2021,Rejected,169,MasterCard,5727.83,1061.02,71.51,10/22/2023,12/03/2023,Monthly instalment received.,Manual review completed.,11/29/2023,Praise,Pending,Case closed after review.,Travel request for Farah Iyer is linked to booking PNRC00169.
170,Andrew,Davis,41,Other,"948, Seafarers street",Austin,16723770170,andrew_davis170@mailtest.net,Current,2911.49,5/30/2009,4/19/2023,170,12/09/2023,Deposit,3141.03,6052.52,88,170,26420.43,Auto,1.02,24,3/31/2023,Approved,170,MasterCard,5519.85,1659.26,121,6/27/2023,9/21/2023,Card payment processed.,Manual review completed.,10/01/2023,Complaint,Pending,Request completed successfully.,Transaction reference TXN-000170-Y was escalated.
171,Hannah,Carmichael,39,Male,"849, Washington court",Denver,16679180171,hannah.carmichael171@samplebank.com,Current,11715.06,11/27/2007,8/17/2023,171,2/13/2023,Withdrawal,3839.23,7875.83,11,171,30026.81,Auto,5.23,36,10/10/2022,Rejected,171,AMEX,8730.54,8528.65,315.86,11/08/2023,8/21/2023,Interest adjustment posted.,Income assessment completed.,1/07/2023,Complaint,Pending,"spouse of Rohan Saxena at Vertex Systems, pls upd notes",Routine review completed; no concerns recorded.
172,Joshua,Carmichael,41,Female,"835, Meadow street",Pune,17946350172,joshua_carmichael@samplebank.com,Current,11092.97,11/18/2006,2/11/2023,172,10/22/2023,Withdrawal,2034.75,9058.22,9,172,2561.32,Mortgage,2.19,24,9/02/2020,Rejected,172,Visa,13353.81,6273.04,420.81,6/19/2023,2/16/2023,Monthly instalment received.,No additional approval condition recorded.,6/27/2023,Complaint,Pending,Priya Sen is recorded as working at Wipro Hyderabad office.,General product information provided.
173,Joshua,Sharma,62,Other,"597, Viewmount street",Sydney,19567300173,joshuasharma173@samplebank.com,Current,9934.55,11/15/2022,9/20/2023,173,6/20/2023,Transfer,3155.02,6779.53,50,173,5642.9,Auto,6.31,60,4/09/2023,Approved,173,AMEX,4381.09,1429.91,88.1,5/03/2023,3/31/2023,Cash deposit recorded.,Income assessment completed.,2/16/2023,Complaint,Resolved,Medical case reference MED-00173-11 remains open.,Routine review completed; no concerns recorded.
174,Sophia,Lee,19,Female,"322, Viewmount pass",Houston,12857730174,sophialee@samplebank.com,Savings,7840.62,8/06/2011,7/29/2023,174,10/10/2023,Transfer,1732.69,9573.31,11,174,26143.45,Personal,3.3,48,11/12/2023,Closed,174,Visa,3792.4,883.24,56.43,5/06/2023,2/06/2023,Interest adjustment posted.,Manual review completed.,8/25/2023,Praise,Pending,Transaction reference TXN-000174-Y was escalated.,General product information provided.
175,Maria,Singh,63,Other,"300, Belford street",Pune,12969220175,maria_singh@demo-finance.com,Current,6469.72,4/08/2018,4/07/2023,175,10/20/2023,Transfer,3001.08,9470.8,117,175,22000.05,Mortgage,5.74,36,5/16/2022,Closed,175,AMEX,4582.75,4508.66,314.84,10/15/2023,10/06/2023,Scheduled transfer completed.,Documents reviewed against standard criteria.,1/08/2023,Complaint,Pending,Investigation remains pending.,Statement reissue requested.
176,Raj,Kumar,59,Male,"85, Woolworths pass",San Diego,13356900176,raj.kumar@mailtest.net,Savings,11650.08,3/16/2020,3/22/2023,176,11/09/2023,Deposit,4110.21,15760.29,48,176,38504.78,Auto,5.71,48,6/10/2020,Closed,176,Visa,10984.37,5308.55,244.21,10/08/2023,7/25/2023,Monthly instalment received.,No additional approval condition recorded.,3/02/2023,Praise,Resolved,Case closed after review.,Statement reissue requested.
177,Mary,Khan,44,Male,"830, Airport road",Sydney,16388680177,mary.khan@samplebank.com,Current,5402.37,9/02/2006,3/11/2023,177,6/12/2023,Deposit,1535.82,6938.19,29,177,47625.74,Mortgage,5.22,36,5/21/2021,Approved,177,MasterCard,12064.97,3625.32,251.59,6/25/2023,7/11/2023,"txn reviewed - nothing unusual, no follow-up reqd",Income assessment completed.,11/26/2023,Complaint,Resolved,Case closed after review.,Statement reissue requested.
178,Arjun,Jackson,29,Female,"231, Wanderer boulevard",Phoenix,19247340178,arjun.jackson@mailtest.net,Savings,4747.91,4/01/2012,8/24/2023,178,7/12/2023,Withdrawal,1896.25,2851.66,116,178,28209.1,Personal,3.75,12,7/11/2021,Closed,178,AMEX,10532.88,9719.45,317.49,12/20/2023,8/25/2023,Cash deposit recorded.,Gaurav Reddy is recorded as working at BluePeak Consulting.,6/05/2023,Complaint,Resolved,Request completed successfully.,No follow-up action currently required.
179,John,Thompson,76,Male,"953, Maple pass",Denver,16664090179,john_thompson179@kag.com,Current,3390.22,1/08/2014,10/03/2023,179,10/05/2023,Withdrawal,106.86,3283.36,52,179,1780.96,Personal,8.1,24,12/14/2021,Rejected,179,MasterCard,11319.68,5045.42,312.44,3/07/2023,7/02/2023,Scheduled transfer completed.,Manual review completed.,3/20/2023,Suggestion,Pending,Access restored after standard verification.,Statement reissue requested.
180,Mary,Harris,33,Male,"406, Cedar drive",Bangalore,13302540180,mary_harris@demo-finance.com,Savings,12057.2,1/15/2010,11/13/2023,180,10/25/2023,Withdrawal,159.39,11897.81,105,180,35120.15,Auto,8.69,48,7/30/2021,Approved,180,Visa,14095.71,2406.96,79.5,7/30/2023,1/12/2023,Interest adjustment posted.,No additional approval condition recorded.,10/13/2023,Praise,Resolved,Investigation remains pending.,Routine review completed; no concerns recorded.
181,Rahul,Khan,78,Male,"937, Viewmount boulevard",Toronto,14624720181,rahul.khan181@kag.com,Savings,3506.63,5/05/2004,6/26/2023,181,6/27/2023,Deposit,2808.88,6315.51,111,181,28556.17,Auto,6.31,48,8/14/2022,Approved,181,AMEX,3309.4,2992.19,210.14,10/24/2023,10/12/2023,Booking reference PNRN00181 was flagged for additional review.,Manual review completed.,12/19/2023,Complaint,Pending,Access restored after standard verification.,General product information provided.
182,Deepa,Carmichael,49,Female,"90, Park boulevard",El Paso,16875060182,deepa.carmichael@samplebank.com,Savings,8858.11,6/11/2013,5/07/2023,182,7/15/2023,Transfer,1900.61,6957.5,108,182,20420.55,Mortgage,9.07,36,3/02/2021,Rejected,182,AMEX,8270.7,4418.85,192.83,1/27/2023,9/13/2023,Interest adjustment posted.,Medical case reference MED-00182-27 remains open.,1/22/2023,Praise,Resolved,Request completed successfully.,Routine review completed; no concerns recorded.
183,Zara,Williams,60,Male,"133, Rockend lane",Phoenix,16182650183,zarawilliams@kag.com,Current,12053.47,12/11/2010,3/28/2023,183,7/26/2023,Withdrawal,3080.29,8973.18,54,183,13656.29,Mortgage,2.15,24,7/19/2020,Approved,183,AMEX,7097.2,4337.87,298.32,1/10/2023,9/22/2023,Card payment processed.,Documents reviewed against standard criteria.,5/03/2023,Suggestion,Resolved,Investigation remains pending.,Transaction reference TXN-000183-X was escalated.
184,Anthony,Garcia,42,Other,"677, Ironsmith road",Singapore,18732300184,anthony.garcia@kag.com,Current,9680.09,2/09/2018,1/11/2023,184,2/26/2023,Deposit,4448.26,14128.35,113,184,24763.28,Mortgage,2.98,60,9/15/2022,Rejected,184,AMEX,6638.73,2742.94,106.33,8/12/2023,5/18/2023,Monthly instalment received.,Income assessment completed.,6/18/2023,Complaint,Pending,Investigation remains pending.,Booking reference PNRY00184 was flagged for additional review.
185,Ananya,Singh,69,Female,"2, Ironsmith road",Hyderabad,17657340185,ananya.singh185@kag.com,Current,8489.47,2/06/2011,7/04/2023,185,6/23/2023,Withdrawal,3618.49,4870.98,12,185,27579.15,Auto,6.12,24,2/26/2022,Approved,185,MasterCard,14511.52,1010.86,23.51,11/29/2023,2/03/2023,Farah Menon works at Infosys Pune campus under employee ID EMP-F00185; office-location review is pending.,No additional approval condition recorded.,6/21/2023,Praise,Pending,Investigation remains pending.,No follow-up action currently required.
186,Mohammed,Nelson,33,Female,"773, Rockpart boulevard",Sydney,15602970186,mohammednelson@demo-finance.com,Savings,11342.57,12/31/2016,10/06/2023,186,6/11/2023,Deposit,4486.56,15829.13,61,186,38298.1,Auto,3.52,24,2/08/2020,Closed,186,AMEX,3041.49,1475.77,109.53,2/16/2023,2/13/2023,Cash deposit recorded.,Priya Reddy booked travel with British Airways to Sydney; booking reference PNRL00186 requires review.,4/25/2023,Praise,Resolved,Case closed after review.,No follow-up action currently required.
187,Zara,Clark,57,Female,"978, Seafarers court",Boston,17562750187,zaraclark@samplebank.com,Savings,3571.34,5/14/2016,3/01/2023,187,12/07/2023,Withdrawal,2031.25,1540.09,86,187,23639.1,Mortgage,4.52,24,3/03/2022,Approved,187,AMEX,6260.27,5835.07,443.69,3/11/2023,3/10/2023,Cash deposit recorded.,Documents reviewed against standard criteria.,11/18/2023,Suggestion,Resolved,Access restored after standard verification.,Nisha Iyer is recorded as working at TCS Bangalore HQ.
188,Nancy,Miller,74,Female,"184, Rockpart court",Singapore,12104320188,nancy.miller@demo-finance.com,Current,1482.02,7/15/2009,10/26/2023,188,7/05/2023,Withdrawal,1589.43,-107.41,90,188,2872.92,Personal,2.28,60,2/08/2021,Closed,188,Visa,5620.77,2797.22,142.99,1/05/2023,12/08/2023,The spouse of Kabir Saxena works at Orion Retail.,Documents reviewed against standard criteria.,5/06/2023,Complaint,Pending,Request completed successfully.,Statement reissue requested.
189,Amelia,Brown,53,Male,"261, Smithford boulevard",Boston,18324630189,amelia.brown189@demo-finance.com,Current,5841.53,11/25/2008,7/14/2023,189,10/22/2023,Withdrawal,867.98,4973.55,114,189,24162.92,Mortgage,6.25,24,1/26/2022,Rejected,189,MasterCard,4472.15,3225.94,253.72,10/30/2023,9/01/2023,Interest adjustment posted.,No additional approval condition recorded.,8/01/2023,Praise,Resolved,Investigation remains pending.,No follow-up action currently required.
190,Ananya,Ramirez,47,Female,"393, Smithford drive",Houston,13356240190,ananya.ramirez190@kag.com,Savings,10596.83,3/21/2008,8/07/2023,190,3/25/2023,Transfer,4705.18,5891.65,52,190,40991.86,Auto,6.52,48,9/28/2021,Approved,190,AMEX,9063.24,1495.52,116.72,10/11/2023,9/26/2023,Cash deposit recorded.,No additional approval condition recorded.,5/20/2023,Complaint,Pending,Access restored after standard verification.,"txn reviewed - nothing unusual, no follow-up reqd"
191,Thomas,Williams,19,Other,"889, Seafarers lane",Singapore,17868850191,thomas.williams@mailtest.net,Savings,14144.55,8/24/2013,8/05/2023,191,4/13/2023,Withdrawal,4562.27,9582.28,104,191,41753.56,Mortgage,2.96,48,6/19/2020,Rejected,191,MasterCard,7600.1,1460.84,107.27,12/01/2023,9/18/2023,Transaction reference TXN-000191-X was escalated.,Income assessment completed.,7/22/2023,Praise,Resolved,Request completed successfully.,Statement reissue requested.
192,Charles,Thompson,42,Female,"732, Oak drive",San Diego,14287840192,charles.thompson@kag.com,Savings,5500.16,1/09/2009,7/23/2023,192,2/24/2023,Transfer,4192.82,9692.98,22,192,31441.86,Personal,6.88,60,6/03/2021,Rejected,192,Visa,12409.08,733.83,28.87,7/09/2023,11/21/2023,Scheduled transfer completed.,No additional approval condition recorded.,1/14/2023,Suggestion,Resolved,Access restored after standard verification.,No follow-up action currently required.
193,Hannah,Torres,72,Female,"910, Pine court",Phoenix,12413830193,hannah.torres@kag.com,Current,3141.39,12/06/2005,5/01/2023,193,11/11/2023,Deposit,77.88,3219.27,28,193,28686.18,Auto,2.95,12,7/16/2023,Rejected,193,AMEX,9525.79,2054.71,140.24,10/22/2023,5/17/2023,Monthly instalment received.,No additional approval condition recorded.,1/20/2023,Complaint,Resolved,Transaction TXN-000193-Z was discussed with Shreya Desai at the Wipro Hyderabad office service desk.,No follow-up action currently required.
194,Rahul,White,61,Other,"793, Pine court",Singapore,15502900194,rahul.white@samplebank.com,Current,12792.33,10/04/2018,5/09/2023,194,11/12/2023,Withdrawal,4084.23,8708.1,78,194,47182.1,Personal,8.41,12,10/12/2022,Rejected,194,AMEX,9275.5,3915,129.16,2/25/2023,1/26/2023,Monthly instalment received.,No additional approval condition recorded.,12/14/2023,Praise,Resolved,Booking reference PNRM00194 was flagged for additional review.,No follow-up action currently required.
195,Amelia,Young,22,Male,"678, Columbus pass",Charlotte,17555790195,amelia.young@mailtest.net,Current,11815.85,7/13/2008,4/22/2023,195,1/19/2023,Withdrawal,4581.7,7234.15,39,195,46702.53,Mortgage,8.42,48,6/14/2020,Rejected,195,AMEX,11359.13,8181.14,405.2,1/06/2023,3/30/2023,Monthly instalment received.,Medical case reference MED-00195-14 remains open.,1/29/2023,Praise,Resolved,Request completed successfully.,General product information provided.
196,Priya,Patel,51,Female,"759, Rockham road",Houston,19862080196,priya.patel@samplebank.com,Savings,6678.66,8/01/2014,10/08/2023,196,12/23/2023,Deposit,513.79,7192.45,40,196,19740.65,Mortgage,4.24,36,10/20/2021,Closed,196,AMEX,11616.03,4835.55,162.39,7/02/2023,1/17/2023,Interest adjustment posted.,Income assessment completed.,3/27/2023,Suggestion,Pending,Case closed after review.,General product information provided.
197,Isabella,Moore,34,Other,"231, Woolworths drive",Fort Worth,16393430197,isabellamoore@kag.com,Current,11292.06,6/21/2010,1/15/2023,197,11/18/2023,Withdrawal,810.15,10481.91,74,197,27921.64,Mortgage,5.17,24,1/25/2022,Rejected,197,MasterCard,2935.29,1308.4,51.68,2/17/2023,8/02/2023,Cash deposit recorded.,Income assessment completed.,12/21/2023,Complaint,Pending,Request completed successfully.,Routine review completed; no concerns recorded.
198,David,Martin,38,Male,"258, Chandler drive",San Diego,18457930198,david.martin198@demo-finance.com,Current,11744.63,6/17/2008,9/13/2023,198,7/01/2023,Deposit,616.28,12360.91,33,198,31393.12,Auto,6.78,60,12/14/2022,Closed,198,MasterCard,8437.85,914.67,46.69,3/29/2023,4/05/2023,Monthly instalment received.,Documents reviewed against standard criteria.,8/15/2023,Praise,Pending,Access restored after standard verification.,"spouse of Jaya Reddy at Wipro Hyderabad office, pls upd notes"
199,Patricia,Johnson,69,Other,"24, Philadephia street",Hyderabad,15193000199,patricia.johnson@samplebank.com,Current,14344.12,10/21/2010,4/08/2023,199,6/18/2023,Deposit,1082.85,15426.97,102,199,5353.6,Auto,5.75,48,7/12/2020,Approved,199,AMEX,11241.68,6633.73,383.23,11/26/2023,6/16/2023,The spouse of Deepak Kapoor works at Northstar Logistics.,No additional approval condition recorded.,3/19/2023,Praise,Resolved,Request completed successfully.,Statement reissue requested.
200,George,Flores,54,Female,"934, Mount View boulevard",London,13505930200,george.flores200@kag.com,Savings,11091.87,1/18/2020,4/17/2023,200,1/24/2023,Transfer,2861.23,13953.1,78,200,11465.61,Mortgage,7.77,60,9/23/2021,Closed,200,AMEX,6673.37,1038.89,36.68,12/17/2023,5/10/2023,Scheduled transfer completed.,No additional approval condition recorded.,9/29/2023,Praise,Resolved,Request completed successfully.,Statement reissue requested.
201,Michelle,Thompson,48,Male,"174, Mount View boulevard",New Delhi,16598850201,michelle.thompson@samplebank.com,Current,7253.07,10/07/2007,7/10/2023,201,6/04/2023,Transfer,254.17,7507.24,16,201,46673.21,Mortgage,6.57,24,12/29/2022,Closed,201,Visa,12267.99,9959.66,460.03,11/05/2023,12/22/2023,Interest adjustment posted.,Income assessment completed.,11/25/2023,Praise,Pending,Investigation remains pending.,General product information provided.
202,Susan,Patel,74,Female,"133, Jaliso Springs street",Chicago,18173320202,susan.patel202@mailtest.net,Current,14556.75,6/13/2014,2/02/2023,202,12/21/2023,Deposit,3276.27,17833.02,52,202,30019.7,Mortgage,7.07,60,12/22/2023,Approved,202,MasterCard,11621.15,8903.92,497.1,11/17/2023,12/09/2023,Scheduled transfer completed.,No additional approval condition recorded.,5/16/2023,Praise,Resolved,Case closed after review.,txn ref TXN-000202-X needs manual chk
203,Hannah,Thomas,67,Other,"809, Seafarers lane",New York,18454810203,hannah.thomas@demo-finance.com,Current,6197.05,6/14/2007,9/22/2023,203,7/01/2023,Deposit,3323.31,9520.36,28,203,6277.19,Mortgage,6.28,48,6/03/2023,Approved,203,AMEX,14605.2,3402.36,148.22,2/09/2023,11/19/2023,Scheduled transfer completed.,The spouse of Vivek Reddy works at Acme Analytics.,6/13/2023,Complaint,Pending,Request completed successfully.,Routine review completed; no concerns recorded.
204,Joshua,Sharma,47,Male,"409, Maple boulevard",El Paso,13817350204,joshua.sharma204@mailtest.net,Current,11317.63,11/22/2019,2/14/2023,204,4/17/2023,Deposit,4353.75,15671.38,11,204,19267.31,Auto,9.17,24,10/29/2020,Rejected,204,AMEX,5915.29,360.6,9.79,9/16/2023,5/02/2023,Monthly instalment received.,No additional approval condition recorded.,12/28/2023,Complaint,Resolved,"spouse of Elena Das at Northstar Logistics, pls upd notes",General product information provided.
205,Samuel,Miller,56,Female,"801, Ironsmith court",Fort Worth,13094770205,samuel.miller@samplebank.com,Savings,6717.92,1/01/2018,6/09/2023,205,2/27/2023,Deposit,4310.68,11028.6,71,205,39178.81,Mortgage,7.94,60,12/19/2022,Closed,205,AMEX,4220.17,958.88,62.37,11/24/2023,2/05/2023,Interest adjustment posted.,Income assessment completed.,10/06/2023,Praise,Pending,Access restored after standard verification.,Transaction TXN-000205-Z was discussed with Priya Reddy at the Orion Retail service desk.
206,Benjamin,Ramirez,76,Other,"922, Belford lane",Hyderabad,15973950206,benjamin.ramirez@samplebank.com,Current,7115.74,9/01/2019,10/04/2023,206,6/16/2023,Deposit,1233.91,8349.65,118,206,14955.11,Mortgage,4.1,48,4/19/2023,Approved,206,AMEX,5339.25,2095.05,120.63,3/03/2023,6/11/2023,Meera Menon is recorded as working at Vertex Systems.,Manual review completed.,10/20/2023,Suggestion,Resolved,Access restored after standard verification.,General product information provided.
207,Emily,Flores,62,Other,"637, Riverside court",Toronto,17396490207,emilyflores@kag.com,Savings,7785.28,10/09/2018,6/18/2023,207,7/12/2023,Deposit,622.06,8407.34,44,207,18900.33,Mortgage,4.53,24,2/08/2022,Approved,207,AMEX,12876.7,2028.02,120.18,5/15/2023,9/11/2023,Monthly instalment received.,The spouse of Shreya Khanna works at Orion Retail.,4/07/2023,Complaint,Pending,Case closed after review.,Routine review completed; no concerns recorded.
208,Kavita,Martin,43,Female,"582, Meadow boulevard",Sydney,12127270208,kavitamartin@mailtest.net,Savings,2808.1,3/15/2021,10/08/2023,208,10/21/2023,Deposit,3233.54,6041.64,50,208,16890.12,Personal,8.2,48,3/06/2022,Approved,208,MasterCard,13366.39,4430.66,172.86,5/16/2023,7/18/2023,addr/mob update not required; close req pls,Documents reviewed against standard criteria.,12/14/2023,Praise,Pending,Request completed successfully.,Statement reissue requested.
209,Joseph,Moore,35,Other,"258, Viewmount lane",Mumbai,19498660209,joseph.moore@samplebank.com,Current,13189.31,8/30/2019,12/17/2023,209,8/07/2023,Deposit,4516.14,17705.45,67,209,17876.41,Personal,6.65,60,7/16/2023,Rejected,209,Visa,13248.74,8713.97,603.12,7/26/2023,3/02/2023,Cash deposit recorded.,No additional approval condition recorded.,7/20/2023,Suggestion,Pending,Transaction reference TXN-000209-Y was escalated.,No follow-up action currently required.
210,Anthony,Nelson,24,Female,"444, Jaliso Springs avenue",Oklahoma City,16014410210,anthony_nelson@demo-finance.com,Savings,10272.17,2/02/2020,11/04/2023,210,11/23/2023,Transfer,2536.84,7735.33,98,210,46509.09,Personal,2.99,60,7/04/2020,Approved,210,Visa,4159.5,2955.59,86.91,4/16/2023,5/02/2023,Interest adjustment posted.,Documents reviewed against standard criteria.,6/29/2023,Praise,Resolved,"spouse of Isha Jain at Acme Analytics, pls upd notes",Routine review completed; no concerns recorded.
211,Michael,Martin,66,Male,"719, Viewmount drive",Denver,17814930211,michael.martin@kag.com,Current,6015.86,12/31/2016,1/21/2023,211,1/08/2023,Transfer,1883.61,4132.25,105,211,26200.37,Personal,9.41,60,6/06/2023,Approved,211,Visa,10026.58,2014.4,102.03,5/24/2023,8/12/2023,"docs chk done, no cust-specific detail noted",Manual review completed.,11/01/2023,Suggestion,Resolved,Case closed after review.,No follow-up action currently required.
212,Carlos,Ramirez,36,Male,"29, Seafarers pass",Chicago,18114560212,carlosramirez@kag.com,Savings,1864.77,2/07/2004,10/17/2023,212,12/23/2023,Deposit,1298.35,3163.12,32,212,32579.89,Auto,8.59,48,3/25/2021,Approved,212,Visa,9276.25,1758.85,46.2,9/02/2023,10/08/2023,Cash deposit recorded.,Shreya Bose is recorded as working at TCS Bangalore HQ.,4/14/2023,Praise,Resolved,Request completed successfully.,General product information provided.
213,Christopher,Taylor,49,Other,"8, Mount View road",Pune,17503370213,christopher.taylor@kag.com,Current,13140.78,11/15/2004,12/01/2023,213,1/09/2023,Deposit,207.96,13348.74,103,213,27689.84,Auto,5.84,48,7/12/2023,Rejected,213,Visa,7435.1,2746.67,107.57,4/06/2023,12/25/2023,Cash deposit recorded.,No additional approval condition recorded.,6/13/2023,Praise,Resolved,Investigation remains pending.,The spouse of Alisha Bose works at Infosys Pune campus.
214,Mohammed,Flores,28,Male,"159, Rockpart street",Los Angeles,15538890164,mohammed.flores@samplebank.com,Savings,9505.43,10/11/2014,5/05/2023,214,7/20/2023,Transfer,2610.39,6895.04,13,214,24025.17,Mortgage,3.94,60,3/02/2022,Closed,214,AMEX,6136.42,1453.42,70.28,7/06/2023,7/24/2023,Scheduled transfer completed.,Transaction reference TXN-000214-X was escalated.,8/14/2023,Suggestion,Resolved,Investigation remains pending.,Statement reissue requested.
215,Michelle,Jones,37,Male,"505, Washington street",Austin,13354350215,michelle.jones215@demo-finance.com,Savings,5580.97,7/01/2013,6/21/2023,215,2/25/2023,Deposit,2250.4,7831.37,50,215,35886.45,Mortgage,7.03,48,6/28/2020,Approved,215,AMEX,6787.6,3624.41,86.05,6/13/2023,10/02/2023,Card payment processed.,No additional approval condition recorded.,7/24/2023,Praise,Pending,Case closed after review.,Routine review completed; no concerns recorded.
216,Anthony,Harris,25,Male,"300, Riverside avenue",Chicago,17645710216,anthonyharris@kag.com,Savings,2940.86,1/06/2015,3/09/2023,216,12/11/2023,Transfer,4499.66,7440.52,62,216,42940.91,Mortgage,8.1,24,3/08/2022,Approved,216,Visa,4266.65,1404.62,58.31,12/20/2023,5/17/2023,Card payment processed.,"docs chk done, no cust-specific detail noted",4/02/2023,Praise,Pending,Investigation remains pending.,No follow-up action currently required.
217,Priya,Baker,44,Female,"944, Cancun boulevard",New York,13094620217,priya.baker217@kag.com,Current,4859.93,11/20/2007,9/20/2023,217,3/20/2023,Withdrawal,3738.15,1121.78,54,217,29999.41,Personal,1.91,36,12/19/2020,Closed,217,AMEX,7909.07,2110.93,135.06,7/27/2023,6/10/2023,Cash deposit recorded.,Income assessment completed.,5/17/2023,Complaint,Pending,Anil Mehta is recorded as working at Orion Retail.,Routine review completed; no concerns recorded.
218,Zara,Shah,66,Other,"972, Philadephia avenue",London,15586100218,zarashah@mailtest.net,Savings,14323.05,3/08/2012,2/01/2023,218,11/25/2023,Deposit,1194.27,15517.32,45,218,49272.07,Personal,7.06,12,7/26/2020,Approved,218,AMEX,2318.18,421.45,20.94,10/10/2023,1/13/2023,Booking reference PNRQ00218 was flagged for additional review.,No additional approval condition recorded.,2/01/2023,Suggestion,Pending,Access restored after standard verification.,Statement reissue requested.
219,Aarav,Carmichael,68,Male,"104, Seafarers street",Philadelphia,13728620219,aarav_carmichael@samplebank.com,Current,3273.96,2/23/2012,4/02/2023,219,9/18/2023,Deposit,2363.49,5637.45,69,219,29782.92,Auto,1.88,60,11/19/2022,Approved,219,AMEX,1905.83,1579.55,54.69,3/14/2023,11/13/2023,Scheduled transfer completed.,No additional approval condition recorded.,9/20/2023,Complaint,Pending,Alisha Rao works at Acme Analytics under employee ID EMP-E00219; office-location review is pending.,No follow-up action currently required.
220,Zara,Adams,28,Male,"271, Zeelandia lane",Hyderabad,19468300220,zara_adams@samplebank.com,Savings,1262.11,7/11/2021,9/30/2023,220,12/29/2023,Deposit,3190.15,4452.26,97,220,21803.82,Mortgage,1.12,60,7/04/2022,Approved,220,AMEX,5683.09,5003.66,389.16,12/21/2023,11/27/2023,"spouse of Kavita Rao at Northstar Logistics, pls upd notes",Income assessment completed.,12/15/2023,Praise,Resolved,Investigation remains pending.,Statement reissue requested.
221,Priya,Garcia,76,Other,"536, Philadephia lane",Austin,19757730221,priya_garcia221@kag.com,Savings,9652.19,12/19/2008,5/30/2023,221,9/14/2023,Deposit,2065.82,11718.01,12,221,7435.51,Mortgage,1.57,12,11/02/2022,Rejected,221,MasterCard,5148.81,1086.24,39.76,10/06/2023,9/11/2023,Monthly instalment received.,Income assessment completed.,4/30/2023,Praise,Resolved,Employee identifier EMP-B00221 requires manual verification.,Routine review completed; no concerns recorded.
222,Carlos,Lee,41,Female,"79, Meadow drive",Philadelphia,12126710222,carlos.lee222@mailtest.net,Current,6848.15,4/27/2011,7/12/2023,222,5/26/2023,Withdrawal,1627.21,5220.94,107,222,14371.98,Auto,2.92,48,9/14/2021,Approved,222,AMEX,11029.02,11022.18,591.73,9/11/2023,2/19/2023,Scheduled transfer completed.,No additional approval condition recorded.,5/27/2023,Praise,Resolved,Investigation remains pending.,General product information provided.
223,Mark,Baker,38,Male,"69, Mount View drive",Chicago,12806180223,mark.baker@mailtest.net,Current,7841.94,2/02/2013,4/27/2023,223,4/02/2023,Deposit,3626.38,11468.32,117,223,34319.47,Auto,3.01,48,1/16/2022,Closed,223,AMEX,8287.82,1041.76,76.33,4/05/2023,12/20/2023,Card payment processed.,Manual review completed.,8/13/2023,Praise,Resolved,Access restored after standard verification.,Booking reference PNRJ00223 was flagged for additional review.
224,Mohammed,Brown,77,Female,"719, Philadephia lane",Toronto,17315000118,mohammed.brown@demo-finance.com,Current,2404.53,12/23/2005,10/26/2023,224,12/02/2023,Withdrawal,4564.86,-2160.33,93,224,34300.38,Personal,2.99,60,11/23/2023,Rejected,224,AMEX,3967.66,1382.41,49.03,9/05/2023,4/27/2023,Monthly instalment received.,Manual review completed.,3/15/2023,Complaint,Resolved,Request completed successfully.,Routine review completed; no concerns recorded.
225,Richard,Gupta,48,Male,"180, Park lane",Fort Worth,13812830225,richard.gupta@demo-finance.com,Savings,5460.09,8/29/2014,3/21/2023,225,3/09/2023,Deposit,1472.68,6932.77,86,225,49705.6,Personal,1.2,36,10/24/2020,Approved,225,Visa,9025.21,3164.97,71.16,7/14/2023,1/19/2023,Scheduled transfer completed.,Documents reviewed against standard criteria.,5/24/2023,Suggestion,Pending,Investigation remains pending.,Transaction TXN-000225-Z was discussed with Pranav Malhotra at the Infosys Pune campus service desk.
226,David,Johnson,27,Other,"800, Maple drive",Pune,16623660226,david.johnson226@mailtest.net,Savings,11437.6,12/24/2004,1/19/2023,226,10/28/2023,Transfer,1174.26,12611.86,54,226,8359.47,Auto,1.4,60,4/05/2021,Closed,226,AMEX,9118.26,4691.25,375.07,7/05/2023,10/05/2023,Monthly instalment received.,No additional approval condition recorded.,2/01/2023,Complaint,Pending,Investigation remains pending.,Tanvi Menon is recorded as working at TCS Bangalore HQ.
227,Daniel,Martinez,42,Female,"680, Washington road",Seattle,16474630227,danielmartinez227@kag.com,Current,13434.93,11/11/2013,10/08/2023,227,7/02/2023,Deposit,2918.86,16353.79,91,227,28768.27,Mortgage,9.05,24,4/07/2022,Rejected,227,AMEX,5200.33,2903.15,129.17,6/30/2023,3/06/2023,"med ref MED-00227-41 still open, appt note pending",No additional approval condition recorded.,6/22/2023,Suggestion,Resolved,Investigation remains pending.,Statement reissue requested.
228,Amanda,Smith,34,Other,"519, Chandler court",New York,14146870228,amanda.smith@mailtest.net,Savings,10781.28,1/18/2013,6/09/2023,228,12/24/2023,Deposit,4797.91,15579.19,72,228,3286.09,Personal,4.36,48,3/08/2020,Rejected,228,Visa,9719.03,1003.58,34.21,10/27/2023,8/15/2023,Card payment processed.,Income assessment completed.,5/07/2023,Complaint,Resolved,Investigation remains pending.,Raj Das booked travel with IndiGo to Dubai; booking reference PNRB00228 requires review.
229,Amanda,Smith,25,Male,"976, Riverside street",Austin,18449840229,amanda_smith229@samplebank.com,Savings,1958.11,1/17/2018,7/19/2023,229,3/21/2023,Transfer,4273.54,-2315.43,40,229,28420.62,Mortgage,9.47,12,7/25/2022,Approved,229,MasterCard,4031.88,2004.98,92.76,3/07/2023,4/21/2023,Transaction reference TXN-000229-Z was escalated.,Manual review completed.,6/06/2023,Complaint,Pending,Access restored after standard verification.,No follow-up action currently required.
230,Joshua,Rodriguez,40,Other,"26, Maple road",Hyderabad,12585270230,joshua.rodriguez230@samplebank.com,Current,6635.92,12/11/2018,2/20/2023,230,12/02/2023,Deposit,4380.65,11016.57,8,230,15814.98,Auto,3.13,36,3/04/2022,Rejected,230,Visa,13218.61,12358.51,726.18,7/25/2023,6/09/2023,Cash deposit recorded.,Booking reference PNRS00230 was flagged for additional review.,9/06/2023,Suggestion,Pending,Case closed after review.,Statement reissue requested.
231,Charles,Carmichael,35,Male,"269, Smithford road",Philadelphia,17049070231,charles.carmichael231@mailtest.net,Savings,7231.26,3/16/2004,12/19/2023,231,12/02/2023,Deposit,410.52,7641.78,49,231,8642.31,Personal,7.01,48,7/30/2021,Closed,231,AMEX,8355.79,7991.82,602.62,4/02/2023,6/18/2023,Cash deposit recorded.,Aditi Iyer works at TCS Bangalore HQ under employee ID EMP-G00231; office-location review is pending.,10/02/2023,Praise,Resolved,Case closed after review.,Statement reissue requested.
232,Michael,Perez,75,Male,"578, Jaliso Springs court",Toronto,18599710232,michael_perez@samplebank.com,Current,5189.24,4/04/2006,10/18/2023,232,3/18/2023,Withdrawal,3973.43,1215.81,9,232,6979.74,Mortgage,2.41,36,9/19/2023,Approved,232,Visa,3641.31,1921.98,102.57,3/05/2023,3/12/2023,Card payment processed.,Income assessment completed.,7/22/2023,Suggestion,Resolved,Booking reference PNRW00232 was flagged for additional review.,No follow-up action currently required.
233,Isabella,Thompson,24,Female,"470, Jaliso Springs drive",Singapore,12566850233,isabella_thompson233@demo-finance.com,Current,13842.4,5/25/2018,11/03/2023,233,4/19/2023,Deposit,3268.82,17111.22,108,233,18190.94,Auto,9.25,60,7/21/2021,Approved,233,AMEX,4791.5,532.01,35.52,7/25/2023,11/28/2023,Card payment processed.,Income assessment completed.,8/08/2023,Suggestion,Pending,Investigation remains pending.,Employee Aditi Saxena is associated with identifier EMP-B00233.
234,Nancy,Nelson,78,Other,"199, Box road",Dubai,13597660234,nancynelson@kag.com,Current,5245.17,7/23/2004,10/29/2023,234,6/01/2023,Deposit,606.7,5851.87,19,234,9788.4,Mortgage,3.18,60,8/25/2021,Rejected,234,Visa,12252.07,6653.79,356.36,3/30/2023,10/19/2023,Monthly instalment received.,Documents reviewed against standard criteria.,2/20/2023,Praise,Resolved,Employee identifier EMP-A00234 requires manual verification.,Routine review completed; no concerns recorded.
235,Edward,Sharma,24,Female,"202, Washington court",Charlotte,19143750235,edward.sharma@samplebank.com,Current,10694.52,9/04/2011,8/29/2023,235,12/19/2023,Withdrawal,1009.05,9685.47,30,235,39473.4,Personal,1.92,24,7/15/2023,Rejected,235,Visa,3692.82,1022.86,36.11,5/15/2023,10/17/2023,Travel request for Vivek Rao is linked to booking PNRS00235.,Documents reviewed against standard criteria.,8/15/2023,Praise,Pending,Access restored after standard verification.,Routine review completed; no concerns recorded.
236,John,Khan,65,Male,"588, Mount View lane",Oklahoma City,17068630236,john.khan236@mailtest.net,Savings,5011.17,11/27/2019,7/06/2023,236,12/15/2023,Withdrawal,2311.19,2699.98,98,236,29680.84,Auto,1.06,60,6/03/2023,Closed,236,AMEX,9918.84,8267.82,623.65,9/16/2023,1/13/2023,Monthly instalment received.,No additional approval condition recorded.,1/07/2023,Complaint,Pending,Investigation remains pending.,No follow-up action currently required.
237,Zara,Sharma,48,Male,"594, Zeelandia street",Dallas,13449860237,zarasharma@samplebank.com,Savings,601.76,2/08/2018,8/10/2023,237,12/01/2023,Deposit,508.8,1110.56,45,237,42562.22,Mortgage,8.23,36,10/13/2020,Rejected,237,Visa,14737.9,12086.98,727.22,10/07/2023,9/01/2023,Interest adjustment posted.,"emp Nisha Chawla @ Wipro Hyderabad office, emp id EMP-D00237; addr/mob chk pending",8/18/2023,Complaint,Resolved,Investigation remains pending.,Routine review completed; no concerns recorded.
238,Anthony,Sharma,75,Female,"962, Belford court",El Paso,12242670238,anthonysharma@mailtest.net,Savings,4137.16,2/21/2006,6/23/2023,238,3/13/2023,Transfer,1039.69,5176.85,73,238,8931.48,Mortgage,2.2,12,1/26/2021,Closed,238,MasterCard,2233.51,726.96,57.8,6/16/2023,8/05/2023,Monthly instalment received.,Transaction TXN-000238-Z was discussed with Tanvi Das at the Northstar Logistics service desk.,4/10/2023,Complaint,Pending,Request completed successfully.,General product information provided.
239,Hannah,Young,23,Other,"193, Belford avenue",San Diego,13787880239,hannahyoung239@demo-finance.com,Savings,7412.92,11/09/2011,10/21/2023,239,9/09/2023,Transfer,1989.11,9402.03,24,239,24113.91,Auto,2.26,36,11/10/2022,Closed,239,AMEX,6223.01,5019.69,173.88,8/27/2023,8/25/2023,Monthly instalment received.,No additional approval condition recorded.,1/06/2023,Complaint,Resolved,Access restored after standard verification.,The spouse of Kabir Khanna works at Acme Analytics.
240,Sophia,Young,40,Female,"127, Mount View drive",Philadelphia,13396440240,sophia_young@samplebank.com,Savings,13082.85,4/17/2015,6/05/2023,240,4/17/2023,Deposit,1780.46,14863.31,66,240,41560,Mortgage,6.18,48,2/14/2022,Approved,240,Visa,5036.82,3719.94,229.23,10/16/2023,11/09/2023,Medical case reference MED-00240-14 remains open.,Documents reviewed against standard criteria.,9/08/2023,Complaint,Resolved,Investigation remains pending.,Routine review completed; no concerns recorded.
241,Kavita,Martinez,62,Female,"510, Airport pass",Chicago,13998420241,kavita.martinez241@mailtest.net,Savings,6958.38,8/15/2007,12/21/2023,241,3/02/2023,Withdrawal,4165,2793.38,95,241,5018.44,Auto,8.86,24,10/17/2021,Closed,241,Visa,4410.02,2404.61,154.79,1/07/2023,3/29/2023,Scheduled transfer completed.,Documents reviewed against standard criteria.,3/09/2023,Suggestion,Resolved,Access restored after standard verification.,Anita Mehta is recorded as working at Infosys Pune campus.
242,Edward,Thomas,75,Other,"752, Riverside pass",Austin,15679640242,edward.thomas@kag.com,Savings,14775.8,2/02/2010,2/26/2023,242,7/25/2023,Deposit,3918.03,18693.83,103,242,32945.73,Personal,2.37,60,4/04/2020,Rejected,242,Visa,12053.25,3221.74,253.98,2/16/2023,4/24/2023,Card payment processed.,Transaction reference TXN-000242-Z was escalated.,6/12/2023,Complaint,Pending,Access restored after standard verification.,Routine review completed; no concerns recorded.
243,Maria,Lewis,33,Other,"305, Philadephia pass",El Paso,14502400243,maria.lewis@mailtest.net,Current,4448.44,4/17/2008,5/30/2023,243,4/14/2023,Deposit,783.85,5232.29,13,243,5732.32,Personal,2.23,48,1/24/2020,Approved,243,MasterCard,2513.67,2090.08,96.81,8/07/2023,1/20/2023,Cash deposit recorded.,"txn reviewed - nothing unusual, no follow-up reqd",3/27/2023,Praise,Resolved,Access restored after standard verification.,General product information provided.
244,Amelia,Lewis,36,Other,"537, Zeelandia lane",Louisville,13269220244,amelia.lewis@mailtest.net,Savings,6752.75,9/20/2013,5/27/2023,244,10/25/2023,Transfer,4338.83,11091.58,26,244,7884.19,Auto,4.26,48,8/26/2021,Approved,244,Visa,1613.61,1149.39,42,3/30/2023,12/15/2023,Card payment processed.,Transaction TXN-000244-Y was discussed with Meera Bansal at the TCS Bangalore HQ service desk.,6/24/2023,Suggestion,Resolved,Access restored after standard verification.,Routine review completed; no concerns recorded.
245,John,White,45,Male,"988, Cedar avenue",Houston,13857620245,john.white@kag.com,Savings,1937.07,4/20/2009,1/18/2023,245,5/27/2023,Withdrawal,3695.03,-1757.96,56,245,21360.04,Personal,2.01,36,8/26/2021,Approved,245,Visa,2342.97,368.5,12.87,1/30/2023,2/10/2023,Interest adjustment posted.,Documents reviewed against standard criteria.,7/01/2023,Praise,Resolved,Request completed successfully.,addr/mob update not required; close req pls
246,Andrew,Singh,19,Female,"763, Mount View street",Oklahoma City,13822920246,andrew.singh246@demo-finance.com,Savings,10561.51,4/18/2010,11/28/2023,246,9/20/2023,Deposit,2817.96,13379.47,89,246,22066.61,Mortgage,8.88,36,6/01/2020,Approved,246,AMEX,3570.94,163.16,4.9,4/26/2023,12/22/2023,Transaction reference TXN-000246-X was escalated.,Manual review completed.,11/24/2023,Complaint,Resolved,Case closed after review.,Routine review completed; no concerns recorded.
247,Joseph,Flores,18,Other,"542, Chandler court",El Paso,13478450247,josephflores@demo-finance.com,Current,1870.33,7/22/2009,8/25/2023,247,7/26/2023,Withdrawal,2136.96,-266.63,18,247,11426.27,Mortgage,5.16,36,3/31/2023,Approved,247,Visa,5033.99,2047.37,136.6,1/09/2023,1/12/2023,Interest adjustment posted.,No additional approval condition recorded.,5/25/2023,Praise,Resolved,The spouse of Gaurav Iyer works at BluePeak Consulting.,Routine review completed; no concerns recorded.
248,Richard,Singh,66,Other,"997, Park road",London,17206100248,richard.singh248@demo-finance.com,Savings,6242.7,8/30/2007,6/23/2023,248,9/18/2023,Withdrawal,3203.48,3039.22,50,248,20637.03,Auto,1.61,24,1/07/2020,Rejected,248,AMEX,11317.33,3152.26,218.48,1/06/2023,11/21/2023,Scheduled transfer completed.,No additional approval condition recorded.,12/20/2023,Complaint,Pending,Access restored after standard verification.,Employee identifier EMP-D00248 requires manual verification.
249,Michelle,Sharma,46,Other,"753, Box drive",Mumbai,14129620249,michellesharma249@kag.com,Current,8295.72,9/18/2020,6/27/2023,249,6/02/2023,Deposit,1809.68,10105.4,62,249,27370.95,Auto,1.5,36,12/07/2023,Approved,249,AMEX,11658.21,4277.87,275.55,3/04/2023,6/10/2023,Card payment processed.,Manual review completed.,12/06/2023,Praise,Resolved,Employee identifier EMP-B00249 requires manual verification.,No follow-up action currently required.
250,Samuel,Martin,45,Other,"870, Viewmount drive",London,14079050250,samuel_martin@mailtest.net,Current,4433.16,6/14/2009,6/19/2023,250,12/13/2023,Deposit,597.58,5030.74,116,250,17488.32,Personal,1.41,24,7/08/2022,Approved,250,AMEX,13651.88,2787.7,195.95,9/28/2023,12/12/2023,Card payment processed.,Income assessment completed.,6/29/2023,Suggestion,Resolved,Access restored after standard verification.,Transaction reference TXN-000250-Y was escalated.
251,Arjun,Anderson,68,Other,"894, Meadow pass",Denver,14177770251,arjunanderson@samplebank.com,Savings,1234.93,1/31/2010,2/26/2023,251,1/14/2023,Deposit,489.84,1724.77,62,251,36102.98,Mortgage,6.64,12,11/25/2020,Approved,251,AMEX,3306.97,741.67,57.29,11/11/2023,11/24/2023,addr/mob update not required; close req pls,Manual review completed.,12/15/2023,Complaint,Pending,Access restored after standard verification.,No follow-up action currently required.
252,Ananya,Martinez,67,Female,"218, Woolworths drive",Phoenix,15957410252,ananya.martinez252@samplebank.com,Current,2441.93,3/27/2016,11/30/2023,252,5/27/2023,Withdrawal,1025.44,1416.49,16,252,42387.74,Auto,5.26,60,7/31/2021,Rejected,252,MasterCard,14405.1,6126.86,210.05,11/10/2023,9/22/2023,Monthly instalment received.,No additional approval condition recorded.,10/06/2023,Suggestion,Pending,Access restored after standard verification.,Routine review completed; no concerns recorded.
253,John,White,64,Male,"158, Cancun boulevard",San Diego,18936520253,john.white253@mailtest.net,Savings,9402.85,11/15/2010,9/21/2023,253,6/02/2023,Deposit,3895.03,13297.88,55,253,6822.23,Personal,7.79,60,4/06/2022,Approved,253,MasterCard,10291.87,7884.19,495.59,7/30/2023,5/30/2023,Cash deposit recorded.,Documents reviewed against standard criteria.,12/28/2023,Complaint,Pending,Transaction reference TXN-000253-Y was escalated.,No follow-up action currently required.
254,Isabella,Singh,40,Female,"35, Philadephia court",Los Angeles,18273490254,isabella.singh@kag.com,Current,1724,1/11/2017,7/17/2023,254,7/04/2023,Transfer,1484.78,3208.78,13,254,12570.66,Mortgage,1.9,24,10/16/2021,Approved,254,MasterCard,11688.56,10008.16,617.05,4/03/2023,6/29/2023,Interest adjustment posted.,Income assessment completed.,12/22/2023,Praise,Resolved,Access restored after standard verification.,Transaction reference TXN-000254-X was escalated.
255,Charles,Walker,66,Other,"554, Woolworths avenue",Oklahoma City,17254850255,charleswalker@mailtest.net,Current,6357.49,8/18/2011,11/09/2023,255,3/05/2023,Withdrawal,1858.65,4498.84,15,255,4468.16,Mortgage,8.38,36,2/03/2021,Rejected,255,Visa,12556.8,1127.85,63.99,2/12/2023,4/14/2023,Scheduled transfer completed.,Travel request for Priya Jain is linked to booking PNRY00255.,8/25/2023,Complaint,Pending,Investigation remains pending.,Statement reissue requested.
256,Vikram,Thomas,65,Other,"823, Wanderer avenue",Houston,18545430256,vikram.thomas256@kag.com,Current,8997.48,9/28/2022,6/23/2023,256,12/29/2023,Transfer,3139.49,5857.99,94,256,5105.43,Auto,5.06,24,3/15/2023,Approved,256,AMEX,14436.82,10681.45,704.8,2/11/2023,1/13/2023,Scheduled transfer completed.,Manual review completed.,4/16/2023,Complaint,Resolved,Employee identifier EMP-H00256 requires manual verification.,Statement reissue requested.
257,George,Flores,53,Male,"834, Oak lane",Seattle,19012590257,george.flores@kag.com,Savings,12187.86,11/01/2018,5/13/2023,257,7/02/2023,Deposit,772.53,12960.39,52,257,22331.06,Mortgage,8.96,24,8/02/2021,Approved,257,AMEX,10577.73,978.4,69.56,9/18/2023,12/17/2023,Monthly instalment received.,Documents reviewed against standard criteria.,5/27/2023,Complaint,Resolved,Transaction TXN-000257-X was discussed with Farah Desai at the Acme Analytics service desk.,Routine review completed; no concerns recorded.
258,Richard,Moore,29,Male,"287, Oak street",Hyderabad,14297310258,richard.moore@kag.com,Savings,7756.87,8/22/2014,5/07/2023,258,6/24/2023,Withdrawal,295.25,7461.62,84,258,10250.07,Auto,9.26,36,11/11/2020,Rejected,258,Visa,12001.35,1225.8,34.22,9/12/2023,9/11/2023,Scheduled transfer completed.,Documents reviewed against standard criteria.,4/10/2023,Suggestion,Pending,Investigation remains pending.,Statement reissue requested.
259,Joshua,Martin,51,Male,"638, Philadephia street",Philadelphia,12989600259,joshua.martin@mailtest.net,Current,7013.85,11/19/2014,11/09/2023,259,6/05/2023,Transfer,825.48,6188.37,57,259,33339.31,Mortgage,8.58,36,3/25/2022,Rejected,259,Visa,7961.9,5608.86,222.23,3/18/2023,3/08/2023,Card payment processed.,No additional approval condition recorded.,8/21/2023,Suggestion,Resolved,Investigation remains pending.,Deepak Nair works at Vertex Systems under employee ID EMP-F00259; office-location review is pending.
260,Arjun,Lewis,30,Male,"938, Seafarers court",El Paso,15904320260,arjun.lewis@samplebank.com,Current,6565,12/14/2018,2/11/2023,260,8/07/2023,Transfer,1553.92,5011.08,5,260,7155.56,Personal,8.34,60,12/16/2020,Rejected,260,Visa,6695.28,4247.56,145.24,5/24/2023,5/26/2023,Interest adjustment posted.,Documents reviewed against standard criteria.,1/04/2023,Complaint,Resolved,Booking reference PNRM00260 was flagged for additional review.,No follow-up action currently required.
261,Zara,Lee,27,Female,"773, Airport drive",El Paso,18829280261,zaralee261@mailtest.net,Savings,3799.01,1/16/2006,12/27/2023,261,11/05/2023,Withdrawal,1971.68,1827.33,88,261,45872.95,Mortgage,3.11,48,8/12/2022,Rejected,261,Visa,9536.05,5919.85,311.56,7/12/2023,1/06/2023,"txn reviewed - nothing unusual, no follow-up reqd",No additional approval condition recorded.,6/11/2023,Suggestion,Pending,Case closed after review.,Routine review completed; no concerns recorded.
262,George,Martinez,36,Female,"387, Woolworths avenue",Hyderabad,12462070262,george.martinez@demo-finance.com,Savings,6083.96,1/22/2014,5/24/2023,262,8/27/2023,Deposit,3455.86,9539.82,94,262,15011.6,Auto,5.67,36,6/18/2020,Approved,262,MasterCard,2362.06,1485.86,77.98,3/30/2023,6/25/2023,Scheduled transfer completed.,Documents reviewed against standard criteria.,6/06/2023,Complaint,Resolved,"docs chk done, no cust-specific detail noted",No follow-up action currently required.
263,Linda,Jackson,67,Female,"173, Mount View boulevard",Boston,15937910263,linda.jackson263@mailtest.net,Current,5847.86,3/16/2013,7/15/2023,263,8/24/2023,Deposit,506.01,6353.87,92,263,11836.21,Auto,3.54,36,10/06/2022,Approved,263,Visa,6880.09,6367.45,339.82,1/03/2023,8/10/2023,Monthly instalment received.,Income assessment completed.,2/07/2023,Suggestion,Resolved,Investigation remains pending.,Statement reissue requested.
264,Arjun,Torres,30,Male,"438, Columbus court",Mumbai,18075780264,arjun.torres@mailtest.net,Current,5542.37,2/19/2017,7/22/2023,264,10/21/2023,Deposit,1643.25,7185.62,34,264,24086.84,Auto,4.18,12,3/24/2023,Approved,264,Visa,7598.92,3842.99,139.98,6/26/2023,8/14/2023,"emp Rohan Mehta @ Acme Analytics, emp id EMP-B00264; addr/mob chk pending",Documents reviewed against standard criteria.,12/01/2023,Praise,Resolved,Request completed successfully.,Routine review completed; no concerns recorded.
265,Amelia,Perez,50,Female,"797, Box street",Boston,12372200265,ameliaperez@demo-finance.com,Current,11189.56,12/22/2013,12/14/2023,265,7/04/2023,Deposit,1280.75,12470.31,16,265,49199.62,Auto,3.33,48,5/01/2021,Closed,265,AMEX,3417.81,3326.02,76.17,2/20/2023,9/09/2023,Kavita Kumar visited AIIMS hospital for medical consultation; medical reference MED-00265-54 remains active.,Documents reviewed against standard criteria.,6/10/2023,Praise,Resolved,Case closed after review.,Routine review completed; no concerns recorded.
266,Lisa,Patel,59,Other,"319, Zeelandia drive",Denver,12896190266,lisa.patel@mailtest.net,Savings,7335.78,3/28/2022,10/07/2023,266,2/04/2023,Withdrawal,2789.86,4545.92,39,266,47903.92,Auto,8.06,24,10/22/2021,Approved,266,MasterCard,6525.83,814.45,51.64,3/11/2023,9/28/2023,Cash deposit recorded.,Documents reviewed against standard criteria.,7/20/2023,Suggestion,Resolved,Travel request for Gaurav Rao is linked to booking PNRC00266.,No follow-up action currently required.
267,Neha,Ramirez,22,Female,"657, Wanderer road",Los Angeles,15328130267,neha_ramirez267@kag.com,Savings,2057.01,4/10/2022,8/25/2023,267,1/02/2023,Withdrawal,1989.12,67.89,69,267,2079.98,Auto,5.25,36,12/29/2022,Approved,267,MasterCard,9215.08,8923.44,664.63,12/09/2023,7/08/2023,Monthly instalment received.,No additional approval condition recorded.,4/20/2023,Complaint,Pending,Access restored after standard verification.,No follow-up action currently required.
268,Hannah,Hall,49,Male,"60, Smithford boulevard",Bangalore,12916450268,hannah.hall@samplebank.com,Savings,10397.35,5/17/2005,4/01/2023,268,6/20/2023,Deposit,4371.01,14768.36,101,268,7052.72,Auto,1.66,60,11/04/2021,Rejected,268,MasterCard,5477.11,1165.28,70.05,5/15/2023,4/11/2023,Monthly instalment received.,No additional approval condition recorded.,7/30/2023,Complaint,Resolved,Access restored after standard verification.,Employee Tanvi Bose is associated with identifier EMP-B00268.
269,Andrew,Gupta,41,Other,"539, Viewmount pass",Columbus,18598950269,andrew.gupta@demo-finance.com,Savings,9295.94,10/14/2019,7/02/2023,269,5/06/2023,Withdrawal,565.34,8730.6,47,269,26118.56,Auto,4.44,12,12/27/2023,Closed,269,AMEX,6549.06,3633.66,266.34,3/09/2023,11/05/2023,"emp Anil Jain, id EMP-D00269; docs not clear",Manual review completed.,4/06/2023,Complaint,Resolved,Request completed successfully.,No follow-up action currently required.
270,Amanda,Taylor,74,Other,"222, Washington street",Dallas,19796350270,amanda.taylor@kag.com,Current,12685.7,1/24/2012,3/27/2023,270,10/14/2023,Deposit,1634.53,14320.23,120,270,20445.92,Auto,5.75,12,4/23/2022,Approved,270,Visa,2618.98,1404.99,48.88,8/02/2023,1/14/2023,Interest adjustment posted.,Booking reference PNRN00270 was flagged for additional review.,1/03/2023,Complaint,Pending,Request completed successfully.,Routine review completed; no concerns recorded.
271,Deepa,Clark,50,Male,"723, Viewmount boulevard",New York,12832390271,deepaclark@mailtest.net,Current,11800.48,1/02/2018,10/08/2023,271,1/08/2023,Withdrawal,4991.28,6809.2,97,271,7329.55,Auto,2.99,36,1/19/2020,Closed,271,AMEX,6336.32,517.53,25.52,12/22/2023,4/09/2023,Card payment processed.,addr/mob update not required; close req pls,9/26/2023,Praise,Pending,Request completed successfully.,No follow-up action currently required.
272,Carlos,White,35,Male,"855, Meadow drive",Orlando,14228770272,carlos.white@kag.com,Current,14319.22,12/15/2011,2/05/2023,272,6/29/2023,Deposit,3916.59,18235.81,15,272,37787.35,Mortgage,1.85,36,9/20/2022,Approved,272,AMEX,14882.98,12798.61,388.71,5/06/2023,10/03/2023,Scheduled transfer completed.,Income assessment completed.,9/24/2023,Complaint,Resolved,"docs chk done, no cust-specific detail noted",General product information provided.
273,Fatima,Garcia,31,Other,"243, Lakeview road",Hyderabad,12154330273,fatimagarcia@mailtest.net,Savings,8115.64,3/26/2016,4/05/2023,273,8/13/2023,Transfer,4460.51,12576.15,120,273,20454.71,Mortgage,6.87,60,12/25/2023,Closed,273,AMEX,6487.62,2319,141.72,10/30/2023,6/16/2023,"spouse of Vivek Reddy at Northstar Logistics, pls upd notes",Income assessment completed.,6/14/2023,Suggestion,Resolved,Investigation remains pending.,No follow-up action currently required.
274,Ananya,Sharma,48,Male,"627, Lakeview boulevard",El Paso,13668050274,ananya_sharma@demo-finance.com,Current,12352.9,2/09/2019,1/15/2023,274,2/14/2023,Withdrawal,2370.98,9981.92,105,274,30213.1,Personal,5.17,60,8/06/2022,Rejected,274,MasterCard,8036.71,7781.33,280.26,12/14/2023,8/13/2023,Cash deposit recorded.,Documents reviewed against standard criteria.,11/04/2023,Praise,Resolved,Case closed after review.,No follow-up action currently required.
275,Kevin,Hall,19,Other,"100, Wanderer drive",Mumbai,19828390275,kevin.hall275@samplebank.com,Current,8160.64,1/18/2008,7/12/2023,275,12/07/2023,Transfer,2607.3,5553.34,113,275,9894.28,Mortgage,6.14,24,1/04/2022,Approved,275,AMEX,4655.84,2399.3,112.42,3/22/2023,5/07/2023,The spouse of Kabir Menon works at Northstar Logistics.,Documents reviewed against standard criteria.,10/23/2023,Complaint,Resolved,Access restored after standard verification.,Statement reissue requested.
276,Susan,Mitchell,32,Other,"830, Carpenter lane",Houston,12499460276,susan_mitchell@kag.com,Savings,12528.13,2/20/2004,7/05/2023,276,10/04/2023,Withdrawal,416.84,12111.29,113,276,44861.76,Personal,8.12,60,12/16/2021,Approved,276,MasterCard,4320.29,3654.88,145.72,5/21/2023,6/24/2023,"emp Priya Kapoor @ Northstar Logistics, emp id EMP-G00276; addr/mob chk pending",Manual review completed.,3/31/2023,Complaint,Resolved,Case closed after review.,General product information provided.
277,Susan,Wright,50,Other,"427, Ironsmith street",Sydney,18873070277,susan_wright@mailtest.net,Current,8867.2,12/05/2014,10/25/2023,277,7/20/2023,Withdrawal,3938.33,4928.87,71,277,37867.49,Personal,2.98,36,6/19/2020,Rejected,277,AMEX,8469.3,4710.85,191.16,3/11/2023,10/17/2023,Employee Gaurav Nair is associated with identifier EMP-B00277.,Documents reviewed against standard criteria.,3/27/2023,Praise,Resolved,Request completed successfully.,No follow-up action currently required.
278,Daniel,Harris,73,Female,"589, Oak lane",Los Angeles,18642620278,daniel.harris@kag.com,Savings,8704.85,10/21/2007,9/23/2023,278,7/14/2023,Deposit,642.52,9347.37,71,278,35979.75,Personal,1.78,24,4/17/2022,Closed,278,Visa,14184.99,2421.11,106.62,6/24/2023,10/30/2023,Interest adjustment posted.,Manual review completed.,1/07/2023,Praise,Pending,Request completed successfully.,addr/mob update not required; close req pls
279,William,Adams,60,Male,"691, Lakeview court",San Diego,18477300279,william_adams@mailtest.net,Savings,12165.9,6/28/2012,10/19/2023,279,11/23/2023,Transfer,4105.13,16271.03,97,279,47921.68,Auto,4.63,36,3/11/2023,Approved,279,AMEX,12100.78,7991.79,420.26,3/21/2023,9/29/2023,Cash deposit recorded.,Income assessment completed.,10/15/2023,Suggestion,Pending,Booking reference PNRU00279 was flagged for additional review.,No follow-up action currently required.
280,Patricia,Harris,43,Female,"414, Rockend drive",Denver,13032350280,patricia_harris@kag.com,Current,13537.28,9/13/2022,6/07/2023,280,2/23/2023,Withdrawal,1924.59,11612.69,30,280,15476.82,Personal,5.59,24,1/28/2021,Closed,280,AMEX,1964.37,1651.67,73.24,11/04/2023,11/14/2023,"docs chk done, no cust-specific detail noted",Manual review completed.,7/10/2023,Complaint,Pending,Access restored after standard verification.,Routine review completed; no concerns recorded.
281,Susan,Taylor,40,Other,"997, Jaliso Springs boulevard",Pune,13583660281,susantaylor@kag.com,Current,12089,4/04/2020,2/28/2023,281,10/14/2023,Deposit,2138.13,14227.13,112,281,14959.15,Personal,5.7,24,10/13/2022,Approved,281,AMEX,13596.44,10958.15,700.12,5/24/2023,11/26/2023,Cash deposit recorded.,Income assessment completed.,3/30/2023,Praise,Pending,Request completed successfully.,Medical case reference MED-00281-16 remains open.
282,Charles,Miller,41,Other,"271, Cancun pass",Chicago,14229580282,charles_miller@kag.com,Current,2151.98,10/19/2019,7/20/2023,282,12/30/2023,Deposit,4177,6328.98,60,282,19042.88,Mortgage,4.64,36,6/22/2021,Approved,282,AMEX,11885.28,9747.65,618.07,1/09/2023,1/20/2023,Scheduled transfer completed.,"Tanvi Khanna flying BritishAirways to Singapore, pnr PNRC00282; cust msg recd",3/25/2023,Praise,Pending,Request completed successfully.,Routine review completed; no concerns recorded.
283,Linda,Kumar,50,Female,"977, Airport court",Hyderabad,19043260283,linda.kumar283@kag.com,Savings,1957.46,6/21/2017,5/14/2023,283,12/09/2023,Withdrawal,3010.16,-1052.7,39,283,44034.7,Auto,1.88,48,11/27/2021,Approved,283,Visa,10818.04,6734.51,348.49,10/21/2023,9/04/2023,Cash deposit recorded.,No additional approval condition recorded.,8/29/2023,Complaint,Resolved,Medical case reference MED-00283-35 remains open.,Routine review completed; no concerns recorded.
284,Richard,Khan,59,Other,"29, Zeelandia court",Portland,19755510284,richard.khan@samplebank.com,Savings,7295.15,6/07/2006,10/11/2023,284,3/08/2023,Withdrawal,4636.41,2658.74,81,284,22678.63,Auto,8.42,36,5/27/2021,Approved,284,Visa,7400.22,4746.21,307.04,8/18/2023,11/19/2023,Card payment processed.,No additional approval condition recorded.,5/13/2023,Complaint,Pending,Employee identifier EMP-A00284 requires manual verification.,Statement reissue requested.
285,George,Flores,76,Male,"829, Oak road",Chicago,19233430285,george_flores285@kag.com,Savings,560.91,7/27/2016,4/21/2023,285,8/02/2023,Withdrawal,3707.49,-3146.58,116,285,25269.25,Personal,7.7,60,4/08/2022,Rejected,285,AMEX,11671.58,9514.13,673.79,11/01/2023,1/24/2023,Interest adjustment posted.,Income assessment completed.,3/17/2023,Complaint,Resolved,Access restored after standard verification.,Routine review completed; no concerns recorded.
286,Joshua,Moore,29,Other,"146, Cancun drive",Denver,15789710286,joshua.moore@demo-finance.com,Savings,11002.53,3/04/2017,11/20/2023,286,7/30/2023,Transfer,4070.27,6932.26,102,286,37078.53,Mortgage,4.05,60,1/28/2021,Approved,286,MasterCard,1643.77,696.92,49.99,1/30/2023,8/09/2023,Employee identifier EMP-H00286 requires manual verification.,Manual review completed.,6/25/2023,Praise,Resolved,Investigation remains pending.,Routine review completed; no concerns recorded.
287,Michael,Taylor,21,Female,"165, Jaliso Springs drive",Los Angeles,18918630287,michaeltaylor287@samplebank.com,Current,937.45,2/09/2014,2/25/2023,287,4/30/2023,Transfer,1091.8,2029.25,58,287,45603.85,Mortgage,7.34,24,3/25/2020,Approved,287,MasterCard,11794.42,3381.24,72.58,11/07/2023,3/02/2023,Monthly instalment received.,Medical case reference MED-00287-97 remains open.,11/29/2023,Complaint,Pending,Access restored after standard verification.,General product information provided.
288,Charles,Davis,34,Other,"461, Columbus drive",Columbus,15116000288,charlesdavis@samplebank.com,Savings,2747.58,10/10/2015,12/09/2023,288,12/21/2023,Withdrawal,2669.19,78.39,109,288,47540.59,Auto,3.58,48,1/23/2023,Approved,288,MasterCard,9359.84,6988.96,551.81,2/18/2023,6/13/2023,Interest adjustment posted.,Priya Desai is recorded as working at Vertex Systems.,1/10/2023,Complaint,Resolved,Case closed after review.,Routine review completed; no concerns recorded.
289,Isabella,Baker,42,Male,"137, Smithford avenue",London,12726080289,isabella.baker@kag.com,Savings,13943.89,8/02/2008,6/07/2023,289,5/25/2023,Deposit,336.76,14280.65,91,289,18981.29,Mortgage,7.74,12,9/24/2023,Rejected,289,AMEX,3387.8,55.06,2.47,9/21/2023,8/09/2023,Cash deposit recorded.,Employee identifier EMP-D00289 requires manual verification.,12/06/2023,Complaint,Pending,Case closed after review.,Statement reissue requested.
290,Priya,White,36,Female,"854, Wanderer drive",El Paso,15387470290,priya.white290@samplebank.com,Savings,3603.34,11/24/2018,2/28/2023,290,9/03/2023,Deposit,989.25,4592.59,119,290,25657.41,Personal,7.28,48,9/13/2022,Approved,290,MasterCard,5940.39,5014.87,287.5,6/01/2023,12/18/2023,Card payment processed.,No additional approval condition recorded.,5/03/2023,Complaint,Resolved,Transaction TXN-000290-Z was discussed with Rohan Malhotra at the Infosys Pune campus service desk.,Routine review completed; no concerns recorded.
291,Joshua,Smith,66,Other,"422, Smithford street",Austin,12482210291,joshua_smith291@samplebank.com,Current,8356.98,7/19/2011,1/08/2023,291,4/11/2023,Transfer,2776.79,11133.77,72,291,20185.98,Personal,3.26,60,9/10/2022,Rejected,291,AMEX,6571.76,3170.73,208.1,6/26/2023,9/12/2023,Interest adjustment posted.,Income assessment completed.,3/22/2023,Praise,Resolved,"med ref MED-00291-26 still open, appt note pending",General product information provided.
292,Samuel,Singh,50,Male,"539, Chandler boulevard",Houston,18434040292,samuel.singh@samplebank.com,Savings,4686.53,1/30/2014,4/13/2023,292,7/11/2023,Deposit,163.66,4850.19,71,292,44961.1,Auto,5.61,12,1/26/2021,Rejected,292,Visa,10653.83,1566.86,98.11,4/17/2023,9/06/2023,Monthly instalment received.,Manual review completed.,6/02/2023,Suggestion,Pending,Case closed after review.,Statement reissue requested.
293,Sarah,Garcia,44,Female,"814, Cancun boulevard",Bangalore,18189800293,sarah_garcia@mailtest.net,Savings,13175.62,12/04/2006,9/19/2023,293,2/18/2023,Deposit,464.15,13639.77,110,293,43991.65,Personal,3.48,36,12/04/2020,Closed,293,Visa,7338.26,112.76,4.63,12/15/2023,6/04/2023,emp id EMP-H00293 - pls chk before close,Manual review completed.,1/30/2023,Complaint,Pending,Investigation remains pending.,No follow-up action currently required.
294,John,Thomas,51,Other,"519, Smithford avenue",New Delhi,15292190294,john_thomas294@demo-finance.com,Current,8108.59,8/04/2009,3/15/2023,294,1/04/2023,Withdrawal,2825.21,5283.38,52,294,43731.25,Personal,6.05,48,9/21/2020,Rejected,294,MasterCard,13138.11,3162.64,82.04,5/07/2023,11/08/2023,Employee Meera Khanna is associated with identifier EMP-E00294.,Income assessment completed.,1/05/2023,Suggestion,Pending,Case closed after review.,Routine review completed; no concerns recorded.
295,Fatima,Brown,42,Other,"437, Mount View boulevard",Portland,17937580295,fatima.brown295@demo-finance.com,Current,1476.76,2/26/2017,9/26/2023,295,9/12/2023,Withdrawal,4269.64,-2792.88,22,295,48972.41,Auto,1.79,36,10/28/2022,Approved,295,MasterCard,12774.14,7740.02,586.52,5/25/2023,12/19/2023,Card payment processed.,No additional approval condition recorded.,12/17/2023,Complaint,Pending,Request completed successfully.,General product information provided.
296,Deepa,Carmichael,62,Male,"722, Jaliso Springs court",Pune,12836400296,deepa_carmichael@kag.com,Current,7323.1,6/10/2019,6/16/2023,296,2/18/2023,Deposit,3399.96,10723.06,109,296,26985.48,Auto,5.84,36,12/10/2021,Rejected,296,MasterCard,14366.47,4822.63,300.7,11/01/2023,6/30/2023,Interest adjustment posted.,Documents reviewed against standard criteria.,9/24/2023,Complaint,Pending,Request completed successfully.,Employee identifier EMP-G00296 requires manual verification.
297,Amanda,Gonzalez,26,Male,"783, Box court",Charlotte,19832880297,amandagonzalez297@demo-finance.com,Savings,1247.92,9/06/2014,7/26/2023,297,5/14/2023,Withdrawal,3814.21,-2566.29,44,297,36405.45,Mortgage,1.37,36,12/11/2020,Rejected,297,AMEX,6481.69,3710.94,179.42,3/17/2023,6/27/2023,Interest adjustment posted.,No additional approval condition recorded.,5/10/2023,Praise,Resolved,Access restored after standard verification.,The spouse of Raj Nair works at TCS Bangalore HQ.
298,William,Brown,45,Female,"471, Rockend lane",Dubai,19367100298,william.brown@kag.com,Current,11361.9,7/03/2004,7/23/2023,298,9/19/2023,Withdrawal,2376.05,8985.85,90,298,9632.34,Mortgage,2.92,36,4/19/2020,Approved,298,Visa,14721.95,2409.33,87.19,12/25/2023,8/25/2023,Interest adjustment posted.,Documents reviewed against standard criteria.,1/04/2023,Complaint,Pending,Medical case reference MED-00298-55 remains open.,Statement reissue requested.
299,Mohammed,Thompson,25,Female,"534, Seafarers court",El Paso,18205510299,mohammed_thompson299@mailtest.net,Savings,11640.4,6/22/2008,12/26/2023,299,3/06/2023,Withdrawal,3170.29,8470.11,41,299,48076.5,Mortgage,7.06,48,5/28/2020,Rejected,299,MasterCard,2316.04,1511.1,40.1,11/05/2023,6/22/2023,Vivek Mehta booked travel with BritishAirways to London; booking reference PNRG00299 requires review.,No additional approval condition recorded.,9/10/2023,Suggestion,Pending,Request completed successfully.,No follow-up action currently required.
300,Arjun,Mitchell,61,Other,"694, Woolworths court",Boston,17958970300,arjunmitchell@mailtest.net,Savings,1042.15,1/12/2012,9/24/2023,300,3/16/2023,Withdrawal,2515.19,-1473.04,51,300,49154.48,Mortgage,3.13,48,2/17/2022,Approved,300,MasterCard,2146.35,568.95,29.67,12/06/2023,10/17/2023,Cash deposit recorded.,Documents reviewed against standard criteria.,10/04/2023,Suggestion,Pending,Transaction reference TXN-000300-Y was escalated.,Statement reissue requested.
301,Edward,Hall,26,Male,"517, Airport avenue",Boston,18209570301,edward.hall301@mailtest.net,Current,12924.02,7/03/2012,2/11/2023,301,6/30/2023,Deposit,3464.6,16388.62,7,301,2494.11,Auto,3.29,60,6/30/2020,Rejected,301,AMEX,3995.7,981.57,49.68,11/30/2023,6/30/2023,Card payment processed.,Documents reviewed against standard criteria.,4/25/2023,Praise,Pending,Access restored after standard verification.,Medical case reference MED-00301-87 remains open.
302,Samuel,Garcia,43,Female,"213, Seafarers avenue",Bangalore,14434900302,samuelgarcia@samplebank.com,Savings,14863.89,3/02/2014,2/14/2023,302,7/22/2023,Withdrawal,1553.16,13310.73,76,302,10939.07,Auto,7.62,60,10/09/2020,Closed,302,AMEX,7193.56,385.76,18.67,12/28/2023,6/15/2023,Interest adjustment posted.,Manual review completed.,3/29/2023,Praise,Resolved,Investigation remains pending.,Statement reissue requested.
303,Emma,White,73,Other,"208, Seafarers street",Charlotte,19227360303,emma.white@kag.com,Savings,14934.54,8/21/2007,5/24/2023,303,9/30/2023,Transfer,2729.98,17664.52,41,303,13611.75,Mortgage,7.15,60,3/24/2022,Approved,303,AMEX,7696.08,2865.62,196.3,1/28/2023,7/20/2023,Card payment processed.,Documents reviewed against standard criteria.,5/05/2023,Complaint,Resolved,Access restored after standard verification.,Routine review completed; no concerns recorded.
304,George,Perez,32,Female,"856, Oak street",Toronto,13799000304,george.perez@mailtest.net,Savings,11305.48,12/04/2011,4/15/2023,304,10/03/2023,Withdrawal,1690.75,9614.73,69,304,3955.58,Mortgage,1.06,24,4/28/2023,Approved,304,AMEX,5651.42,3323.03,81.5,12/01/2023,5/19/2023,Cash deposit recorded.,No additional approval condition recorded.,9/30/2023,Praise,Resolved,Kabir Sharma works @ Vertex Systems; emp info needs chk,Statement reissue requested.
305,Priya,Kumar,53,Other,"582, Lakeview boulevard",Toronto,19296020305,priya.kumar@mailtest.net,Savings,14107.93,11/13/2018,12/11/2023,305,6/27/2023,Deposit,4616.72,18724.65,5,305,1928.73,Auto,3.64,36,1/13/2020,Approved,305,Visa,2563.32,1877.06,122.14,9/07/2023,11/24/2023,Scheduled transfer completed.,Documents reviewed against standard criteria.,2/11/2023,Suggestion,Resolved,Request completed successfully.,Routine review completed; no concerns recorded.
306,George,Lee,37,Other,"698, Woolworths drive",San Diego,12913120306,georgelee@mailtest.net,Savings,14916.88,6/26/2008,6/11/2023,306,7/31/2023,Transfer,4999.6,19916.48,89,306,16353.78,Auto,5.53,24,6/20/2023,Approved,306,AMEX,5127.54,1083.94,52.32,1/27/2023,1/23/2023,Monthly instalment received.,Income assessment completed.,4/27/2023,Complaint,Pending,Access restored after standard verification.,Kavita Saxena booked travel with Singapore Airlines to Dubai; booking reference PNRZ00306 requires review.
307,Aisha,White,69,Female,"272, Pine road",Fort Worth,15767480307,aisha.white@kag.com,Savings,8643.19,9/07/2008,10/26/2023,307,6/01/2023,Deposit,2185.23,10828.42,81,307,4041.91,Auto,6.88,48,11/15/2020,Closed,307,AMEX,10711.38,9109.82,561.28,7/01/2023,9/07/2023,Monthly instalment received.,Manual review completed.,2/25/2023,Suggestion,Pending,Investigation remains pending.,General product information provided.
308,Jennifer,Davis,38,Male,"23, Smithford street",Charlotte,16532340308,jennifer_davis@kag.com,Current,9345.19,1/25/2014,11/11/2023,308,8/17/2023,Withdrawal,2495.79,6849.4,116,308,16983.57,Personal,1.18,12,7/10/2022,Approved,308,AMEX,3010.55,2225.14,144.03,12/23/2023,10/07/2023,Scheduled transfer completed.,Travel request for Gaurav Desai is linked to booking PNRQ00308.,4/11/2023,Praise,Pending,Request completed successfully.,No follow-up action currently required.
309,Emma,Martin,27,Other,"571, Riverside drive",New Delhi,13383240309,emmamartin@mailtest.net,Savings,3027.16,6/22/2017,8/22/2023,309,4/18/2023,Withdrawal,1281.71,1745.45,68,309,2708.82,Auto,2.3,36,4/02/2023,Approved,309,Visa,12711.12,631,46.89,8/19/2023,12/31/2023,Card payment processed.,Income assessment completed.,5/17/2023,Complaint,Resolved,Employee identifier EMP-C00309 requires manual verification.,Statement reissue requested.
310,Joseph,Baker,37,Other,"510, Belford street",Orlando,13032630310,joseph.baker@demo-finance.com,Savings,1722.46,7/15/2011,2/27/2023,310,11/08/2023,Deposit,1808.51,3530.97,25,310,16027.36,Mortgage,2.33,12,1/04/2021,Rejected,310,AMEX,12056.49,3105.22,141.75,12/06/2023,3/11/2023,Monthly instalment received.,No additional approval condition recorded.,8/14/2023,Praise,Pending,Request completed successfully.,Statement reissue requested.
311,David,Smith,46,Male,"132, Seafarers street",Chicago,17115730311,david_smith@samplebank.com,Current,6969.45,4/06/2011,1/19/2023,311,7/07/2023,Withdrawal,1526.42,5443.03,83,311,38550.22,Auto,1.17,36,2/19/2022,Rejected,311,AMEX,10114.86,7035.76,146.97,3/25/2023,7/18/2023,Card payment processed.,Transaction TXN-000311-Y was discussed with Kavita Sharma at the TCS Bangalore HQ service desk.,4/23/2023,Complaint,Resolved,Case closed after review.,Routine review completed; no concerns recorded.
312,Mark,Harris,23,Female,"128, Rockend avenue",Dubai,12773700312,mark_harris312@kag.com,Current,9529.17,1/25/2014,7/31/2023,312,2/09/2023,Deposit,3789.86,13319.03,78,312,3073.03,Mortgage,3.29,48,4/30/2021,Closed,312,MasterCard,9893.71,7643.83,405.62,10/27/2023,3/23/2023,Medical case reference MED-00312-37 remains open.,Income assessment completed.,11/04/2023,Praise,Pending,Access restored after standard verification.,Statement reissue requested.
313,Andrew,Johnson,25,Other,"310, Box avenue",Portland,12588110313,andrewjohnson313@mailtest.net,Savings,4737.35,8/04/2012,11/05/2023,313,6/07/2023,Deposit,1145.8,5883.15,42,313,43014.19,Personal,8.37,12,4/20/2021,Approved,313,AMEX,3185.13,1470.56,90.98,9/23/2023,12/25/2023,Transaction TXN-000313-Z was discussed with Rhea Chawla at the Infosys Pune campus service desk.,Documents reviewed against standard criteria.,9/03/2023,Praise,Pending,Request completed successfully.,Routine review completed; no concerns recorded.
314,Hannah,Lewis,59,Female,"289, Mount View avenue",Portland,17185160314,hannahlewis@kag.com,Current,5176.59,12/10/2004,10/27/2023,314,8/25/2023,Deposit,3676.29,8852.88,76,314,2420.49,Mortgage,8.72,60,11/09/2020,Approved,314,AMEX,10609.62,1337.85,80.37,10/28/2023,11/23/2023,Interest adjustment posted.,addr/mob update not required; close req pls,3/28/2023,Complaint,Resolved,Request completed successfully.,Statement reissue requested.
315,Kavita,Wilson,35,Other,"197, Seafarers lane",Columbus,15262710315,kavitawilson@samplebank.com,Current,14353.83,1/30/2007,9/26/2023,315,10/05/2023,Withdrawal,2237.12,12116.71,120,315,34280.23,Personal,8.04,24,7/02/2022,Approved,315,Visa,14476.36,608.39,45.29,6/16/2023,1/11/2023,Cash deposit recorded.,Documents reviewed against standard criteria.,5/11/2023,Suggestion,Pending,Access restored after standard verification.,Statement reissue requested.
316,Zara,Moore,48,Female,"376, Zeelandia road",Hyderabad,15863810316,zaramoore@mailtest.net,Savings,5385.38,9/12/2006,3/05/2023,316,10/28/2023,Transfer,852.4,4532.98,100,316,36300.73,Mortgage,8.61,48,9/14/2022,Approved,316,AMEX,9983.61,2853.92,64.54,10/12/2023,8/08/2023,Monthly instalment received.,Manual review completed.,1/12/2023,Suggestion,Resolved,Case closed after review.,No follow-up action currently required.
317,Richard,Singh,62,Female,"127, Carpenter road",Pune,16687750317,richardsingh@samplebank.com,Current,5992.63,3/16/2018,12/14/2023,317,9/08/2023,Withdrawal,1993.02,3999.61,82,317,10097.53,Auto,9.35,12,11/07/2021,Rejected,317,AMEX,14716.53,7778.66,327.81,5/08/2023,4/15/2023,The spouse of Harish Kumar works at Wipro Hyderabad office.,Documents reviewed against standard criteria.,1/10/2023,Praise,Pending,Access restored after standard verification.,General product information provided.
318,Aarav,Thompson,66,Male,"334, Washington lane",Philadelphia,17244170318,aarav.thompson318@kag.com,Current,12680.48,6/05/2007,8/28/2023,318,8/23/2023,Transfer,4292.63,8387.85,63,318,43996.54,Mortgage,3.45,12,11/26/2022,Approved,318,AMEX,2406.59,398.82,8.72,6/19/2023,7/11/2023,Transaction reference TXN-000318-Z was escalated.,Manual review completed.,5/03/2023,Suggestion,Resolved,Investigation remains pending.,Routine review completed; no concerns recorded.
319,Mark,Wright,51,Other,"673, Rockham court",Dubai,18628210319,markwright319@mailtest.net,Savings,6456.54,2/02/2008,7/05/2023,319,1/08/2023,Withdrawal,873.28,5583.26,50,319,26493.72,Auto,4.8,60,12/27/2021,Closed,319,AMEX,8095.59,5740.94,432.06,9/13/2023,4/12/2023,Monthly instalment received.,No additional approval condition recorded.,2/10/2023,Complaint,Resolved,Request completed successfully.,Routine review completed; no concerns recorded.
320,Margaret,Wright,37,Other,"308, Park drive",Austin,17194070320,margaret_wright@demo-finance.com,Current,8429.22,7/06/2009,3/14/2023,320,5/27/2023,Withdrawal,3199.67,5229.55,115,320,6717.99,Mortgage,2.09,60,12/17/2023,Approved,320,Visa,13305,5338.08,262.2,8/30/2023,6/23/2023,Scheduled transfer completed.,Manual review completed.,11/07/2023,Praise,Resolved,Request completed successfully.,Aditi Reddy works at Northstar Logistics under employee ID EMP-C00320; office-location review is pending.
321,Isabella,Shah,37,Other,"132, Rockend pass",Austin,16866560321,isabella.shah@kag.com,Savings,11423.91,6/03/2020,11/03/2023,321,3/04/2023,Withdrawal,3962.78,7461.13,104,321,41604.92,Mortgage,3.44,12,8/08/2022,Approved,321,AMEX,5070.96,3269.62,175.32,9/24/2023,8/16/2023,Interest adjustment posted.,Manual review completed.,9/08/2023,Complaint,Resolved,Investigation remains pending.,Routine review completed; no concerns recorded.
322,Charles,Wilson,33,Other,"663, Belford pass",Chicago,16972000322,charles_wilson@kag.com,Current,9016.43,7/24/2009,9/16/2023,322,11/16/2023,Withdrawal,1944.79,7071.64,25,322,43830.22,Mortgage,2.46,48,6/15/2023,Closed,322,AMEX,4302.88,4159.67,91.01,10/30/2023,6/03/2023,Monthly instalment received.,Manual review completed.,7/11/2023,Complaint,Resolved,Case closed after review.,Routine review completed; no concerns recorded.
323,Robert,Clark,47,Female,"692, Airport court",Singapore,15898930323,robert.clark@mailtest.net,Savings,9435.75,8/29/2017,7/24/2023,323,12/02/2023,Deposit,3770.96,13206.71,47,323,48034.41,Auto,5.68,24,1/18/2021,Rejected,323,AMEX,8337.37,3369.75,127.29,5/01/2023,8/25/2023,Interest adjustment posted.,Documents reviewed against standard criteria.,8/23/2023,Suggestion,Resolved,The spouse of Akash Jain works at Vertex Systems.,Routine review completed; no concerns recorded.
324,Michelle,Patel,57,Male,"507, Jaliso Springs avenue",Mumbai,19063330324,michelle_patel@demo-finance.com,Current,11628.18,4/21/2019,3/30/2023,324,8/26/2023,Transfer,3239.77,14867.95,62,324,36017.9,Mortgage,7.07,60,7/21/2023,Approved,324,Visa,4874.13,2606.21,180.54,3/12/2023,3/12/2023,Monthly instalment received.,Documents reviewed against standard criteria.,2/18/2023,Suggestion,Resolved,Investigation remains pending.,"emp Vivek Reddy, id EMP-C00324; docs not clear"
325,Neha,Adams,56,Female,"776, Chandler lane",Chicago,18664650325,neha.adams325@mailtest.net,Savings,7144.9,7/15/2011,11/02/2023,325,6/10/2023,Deposit,2386.62,9531.52,48,325,12500.29,Mortgage,5.07,12,8/29/2021,Rejected,325,AMEX,14881.41,9762.12,301.01,12/28/2023,12/03/2023,Monthly instalment received.,Employee identifier EMP-G00325 requires manual verification.,12/05/2023,Praise,Resolved,Access restored after standard verification.,Routine review completed; no concerns recorded.
326,Michelle,Young,52,Male,"89, Jaliso Springs avenue",Chicago,13532810326,michelleyoung326@samplebank.com,Current,14238.54,12/25/2020,5/26/2023,326,12/22/2023,Deposit,1646.87,15885.41,76,326,41988.3,Mortgage,3.58,12,5/30/2022,Closed,326,AMEX,4120.8,728.4,19.09,11/16/2023,5/30/2023,Cash deposit recorded.,Documents reviewed against standard criteria.,6/26/2023,Suggestion,Pending,Access restored after standard verification.,Routine review completed; no concerns recorded.
327,Jennifer,Taylor,67,Other,"658, Pine avenue",Columbus,13043280327,jennifer.taylor@mailtest.net,Savings,14052.89,10/18/2015,1/01/2023,327,9/30/2023,Withdrawal,4958.61,9094.28,52,327,41344.43,Personal,4.18,12,2/16/2022,Closed,327,AMEX,12634.56,1001.9,32.42,4/20/2023,8/02/2023,emp id EMP-F00327 - pls chk before close,Income assessment completed.,4/26/2023,Praise,Resolved,Investigation remains pending.,General product information provided.
328,Neha,Williams,69,Female,"624, Lakeview street",New Delhi,12282590328,neha.williams@samplebank.com,Savings,1572.41,2/07/2012,12/20/2023,328,3/14/2023,Withdrawal,403.39,1169.02,107,328,40489.57,Mortgage,5.66,24,1/02/2020,Rejected,328,MasterCard,10216,8751.95,325.56,2/13/2023,10/03/2023,Cash deposit recorded.,Elena Jain visited St Joseph medical centre for diabetes medication; medical reference MED-00328-88 remains active.,1/06/2023,Suggestion,Resolved,Access restored after standard verification.,Statement reissue requested.
329,Charles,Singh,18,Female,"343, Rockend road",Houston,14402400329,charlessingh@demo-finance.com,Current,11691.05,11/05/2005,9/16/2023,329,11/12/2023,Withdrawal,2665.91,9025.14,40,329,48734.79,Auto,2.88,48,7/03/2021,Closed,329,AMEX,3324.22,1019.56,71.05,3/25/2023,3/20/2023,Cash deposit recorded.,addr/mob update not required; close req pls,10/02/2023,Complaint,Resolved,Investigation remains pending.,General product information provided.
330,Carlos,Carmichael,63,Male,"219, Park court",Denver,15472910330,carlos_carmichael330@demo-finance.com,Current,4672.3,7/19/2011,7/14/2023,330,2/11/2023,Deposit,3889.16,8561.46,56,330,7498.27,Mortgage,7.85,24,8/04/2020,Closed,330,AMEX,4950.65,3797.71,235.86,8/19/2023,3/01/2023,Monthly instalment received.,Documents reviewed against standard criteria.,11/28/2023,Praise,Pending,Deepak Das visited Apollo hospital for oncology consultation; medical reference MED-00330-96 remains active.,No follow-up action currently required.
331,Rahul,Lewis,36,Female,"143, Maple court",San Diego,19473390331,rahullewis331@mailtest.net,Current,9826.53,2/06/2018,5/21/2023,331,7/02/2023,Transfer,1287.45,8539.08,52,331,43762.55,Personal,9.23,36,1/26/2023,Closed,331,AMEX,6631.72,4528.21,326.31,8/07/2023,4/21/2023,Monthly instalment received.,Manual review completed.,7/16/2023,Complaint,Resolved,Access restored after standard verification.,Routine review completed; no concerns recorded.
332,Rahul,Moore,33,Male,"641, Seafarers boulevard",Columbus,12294160332,rahulmoore332@kag.com,Savings,4645.83,8/07/2018,8/15/2023,332,3/20/2023,Withdrawal,2602.46,2043.37,20,332,29050.58,Personal,3.18,48,2/18/2020,Rejected,332,Visa,4530.2,3557.64,186.54,8/04/2023,10/10/2023,Transaction reference TXN-000332-Y was escalated.,No additional approval condition recorded.,8/03/2023,Praise,Resolved,Investigation remains pending.,No follow-up action currently required.
333,John,Smith,34,Other,"986, Maple road",Los Angeles,17132100333,johnsmith@mailtest.net,Savings,1139.86,9/20/2012,1/03/2023,333,8/18/2023,Deposit,751.39,1891.25,117,333,38356.17,Auto,8.11,48,10/23/2022,Rejected,333,AMEX,1910.96,448.9,20.47,11/07/2023,11/26/2023,Cash deposit recorded.,Documents reviewed against standard criteria.,9/15/2023,Complaint,Pending,Case closed after review.,No follow-up action currently required.
334,Rahul,Brown,23,Other,"208, Chandler pass",San Diego,18613210334,rahul_brown334@demo-finance.com,Savings,2887.25,11/18/2019,5/08/2023,334,5/19/2023,Transfer,434.27,3321.52,56,334,20775.29,Mortgage,2.14,36,10/07/2022,Approved,334,AMEX,9431.41,8891.87,393.64,9/29/2023,12/25/2023,Scheduled transfer completed.,Income assessment completed.,6/15/2023,Complaint,Pending,Investigation remains pending.,The spouse of Vivek Das works at TCS Bangalore HQ.
335,Charles,Baker,78,Male,"243, Box lane",Orlando,12602930335,charles_baker@kag.com,Savings,11457.06,8/14/2019,2/24/2023,335,5/11/2023,Deposit,1925.41,13382.47,45,335,34923.76,Mortgage,8.71,24,5/21/2023,Closed,335,MasterCard,5459.18,3729.6,180.02,7/26/2023,6/22/2023,Employee identifier EMP-E00335 requires manual verification.,No additional approval condition recorded.,5/28/2023,Suggestion,Pending,Access restored after standard verification.,General product information provided.
336,David,Anderson,66,Female,"942, Oak lane",Sydney,14845260336,davidanderson336@demo-finance.com,Savings,7908.69,2/17/2010,11/23/2023,336,6/18/2023,Withdrawal,1466.27,6442.42,19,336,43889.37,Mortgage,3.83,48,12/18/2022,Closed,336,AMEX,4540.14,3930.21,121.12,1/19/2023,1/05/2023,Card payment processed.,"med ref MED-00336-20 still open, appt note pending",1/22/2023,Praise,Resolved,Case closed after review.,No follow-up action currently required.
337,Kavita,Young,68,Male,"89, Belford pass",Fort Worth,19267340337,kavita.young337@demo-finance.com,Savings,7257.91,2/10/2012,1/14/2023,337,8/27/2023,Withdrawal,2333.7,4924.21,67,337,42323.1,Mortgage,5.3,12,1/29/2022,Rejected,337,AMEX,14829.2,9882.96,275.3,6/14/2023,10/07/2023,Cash deposit recorded.,Meera Das is recorded as working at BluePeak Consulting.,10/19/2023,Complaint,Resolved,Case closed after review.,Statement reissue requested.
338,John,Wright,75,Female,"934, Viewmount boulevard",Phoenix,13962750338,john.wright@kag.com,Savings,11235.17,8/16/2010,3/26/2023,338,11/25/2023,Deposit,464.88,11700.05,27,338,22562.37,Auto,5.01,36,9/13/2021,Approved,338,AMEX,4477.07,781.24,57.55,9/17/2023,5/16/2023,Card payment processed.,Transaction TXN-000338-Z was discussed with Gaurav Mehta at the Acme Analytics service desk.,3/08/2023,Praise,Resolved,Case closed after review.,General product information provided.
339,John,Singh,71,Other,"467, Pine court",Toronto,12145770339,johnsingh339@mailtest.net,Savings,11737.72,12/16/2007,2/02/2023,339,9/17/2023,Withdrawal,322.81,11414.91,67,339,47718.38,Personal,8.77,48,1/17/2020,Approved,339,AMEX,2213.96,502.1,32.65,9/14/2023,2/23/2023,Cash deposit recorded.,Medical case reference MED-00339-99 remains open.,1/11/2023,Suggestion,Resolved,Request completed successfully.,Routine review completed; no concerns recorded.
340,Charles,Miller,59,Female,"776, Ironsmith pass",Pune,15207540340,charles_miller@kag.com,Current,10233.91,4/02/2021,1/01/2023,340,12/18/2023,Transfer,2817.33,7416.58,61,340,48265.67,Mortgage,6.31,60,11/27/2021,Approved,340,MasterCard,8904.75,4121.61,171.06,3/03/2023,9/18/2023,Scheduled transfer completed.,Documents reviewed against standard criteria.,5/21/2023,Complaint,Resolved,Investigation remains pending.,Employee Amit Jain is associated with identifier EMP-D00340.
341,Edward,Lewis,57,Male,"975, Belford lane",Hyderabad,17317180341,edwardlewis@kag.com,Current,12813.25,5/05/2020,5/20/2023,341,10/18/2023,Deposit,1320.74,14133.99,50,341,33319.71,Auto,1.19,24,1/19/2023,Closed,341,AMEX,12461.04,2568.63,127.14,7/22/2023,12/23/2023,Scheduled transfer completed.,Manual review completed.,5/05/2023,Suggestion,Pending,Access restored after standard verification.,General product information provided.
342,Mary,Jones,22,Other,"173, Chandler boulevard",Phoenix,18753250342,maryjones342@samplebank.com,Current,14319.26,9/03/2017,10/01/2023,342,4/11/2023,Deposit,2599.07,16918.33,93,342,29149.43,Mortgage,4.18,60,9/18/2022,Approved,342,MasterCard,12746.23,6236.78,471.2,12/23/2023,3/10/2023,Interest adjustment posted.,Manual review completed.,1/16/2023,Complaint,Resolved,The spouse of Pranav Jain works at Acme Analytics.,Statement reissue requested.
343,Christopher,Wright,52,Female,"933, Mount View court",Los Angeles,18752930343,christopher.wright@samplebank.com,Savings,12627.76,5/14/2021,5/07/2023,343,7/21/2023,Deposit,3530.87,16158.63,105,343,19141.99,Mortgage,7.07,48,8/11/2023,Closed,343,AMEX,4632.37,2098.1,167.68,5/09/2023,5/08/2023,Monthly instalment received.,Documents reviewed against standard criteria.,8/14/2023,Complaint,Resolved,Request completed successfully.,No follow-up action currently required.
344,Emma,Carmichael,38,Male,"911, Rockham street",New Delhi,14043770344,emma.carmichael@kag.com,Current,1299.01,1/28/2011,4/26/2023,344,11/24/2023,Deposit,1065.33,2364.34,52,344,48338.02,Auto,1.61,36,1/16/2023,Closed,344,MasterCard,2201.69,1399.3,75.16,12/18/2023,3/29/2023,Card payment processed.,Documents reviewed against standard criteria.,10/28/2023,Suggestion,Resolved,Shreya Kumar is recorded as working at TCS Bangalore HQ.,Statement reissue requested.
345,James,Patel,53,Male,"35, Columbus drive",Pune,14575210345,jamespatel345@samplebank.com,Savings,8289.3,4/17/2022,9/21/2023,345,8/22/2023,Withdrawal,1551.4,6737.9,77,345,38983.97,Auto,7.7,24,5/09/2022,Approved,345,AMEX,7823.16,4129.52,123.57,3/09/2023,4/28/2023,Scheduled transfer completed.,Transaction TXN-000345-Y was discussed with Rhea Menon at the BluePeak Consulting service desk.,1/04/2023,Suggestion,Resolved,Case closed after review.,Routine review completed; no concerns recorded.
346,Mary,Perez,71,Other,"466, Rockham street",Sydney,16738170346,mary_perez346@kag.com,Current,14809.47,6/18/2010,2/16/2023,346,11/28/2023,Transfer,1510.71,13298.76,59,346,7239.54,Personal,9.26,24,7/31/2022,Rejected,346,AMEX,14037.72,5169.74,345.38,12/19/2023,12/27/2023,Interest adjustment posted.,No additional approval condition recorded.,10/12/2023,Praise,Resolved,txn ref TXN-000346-X needs manual chk,Statement reissue requested.
347,Michael,White,53,Female,"692, Woolworths drive",Singapore,19853810347,michael.white347@demo-finance.com,Savings,827.16,4/16/2006,3/10/2023,347,11/11/2023,Deposit,2874.48,3701.64,91,347,39331.63,Auto,2.04,24,8/03/2022,Approved,347,Visa,8748.3,121.16,9.56,12/17/2023,4/25/2023,Card payment processed.,Documents reviewed against standard criteria.,6/25/2023,Complaint,Pending,Case closed after review.,No follow-up action currently required.
348,Kavita,Brown,78,Female,"71, Maple street",Dubai,12073090348,kavita.brown348@kag.com,Savings,12583.44,8/30/2004,2/11/2023,348,10/26/2023,Withdrawal,2668.49,9914.95,43,348,7967.65,Auto,7.85,36,11/10/2021,Closed,348,Visa,6586.87,3011.76,63.55,3/02/2023,2/21/2023,Scheduled transfer completed.,"bkng ref PNRY00348, cust asking for update",12/12/2023,Complaint,Pending,Access restored after standard verification.,No follow-up action currently required.
349,Deepa,Rodriguez,32,Male,"546, Riverside lane",Toronto,13166490349,deeparodriguez@samplebank.com,Current,4524.35,1/28/2022,1/25/2023,349,1/07/2023,Deposit,4946.37,9470.72,40,349,1991.56,Mortgage,2.8,24,2/22/2021,Approved,349,MasterCard,3390.28,1313.66,55.92,2/01/2023,3/17/2023,Monthly instalment received.,Documents reviewed against standard criteria.,3/07/2023,Praise,Resolved,Investigation remains pending.,Routine review completed; no concerns recorded.
350,Maria,Singh,75,Other,"191, Cancun court",Seattle,16326710350,maria_singh@demo-finance.com,Savings,749.91,3/19/2021,10/08/2023,350,10/17/2023,Transfer,869.08,-119.17,119,350,41982.84,Auto,2.09,48,9/03/2020,Closed,350,AMEX,5135.98,3339.58,134.7,11/07/2023,7/31/2023,Interest adjustment posted.,Income assessment completed.,4/20/2023,Complaint,Resolved,Access restored after standard verification.,General product information provided.
351,Kavita,Moore,37,Female,"992, Belford lane",Columbus,19122450351,kavita_moore@samplebank.com,Savings,7021.46,5/07/2014,12/27/2023,351,4/28/2023,Transfer,439.87,6581.59,15,351,20520.3,Auto,7.64,36,11/25/2022,Approved,351,Visa,3243.42,3215.22,132.31,5/12/2023,4/19/2023,Interest adjustment posted.,Booking reference PNRE00351 was flagged for additional review.,11/01/2023,Suggestion,Resolved,Investigation remains pending.,General product information provided.
352,Emma,Martinez,64,Other,"214, Riverside lane",Fort Worth,14777160352,emma_martinez@samplebank.com,Current,5074.21,10/13/2015,4/11/2023,352,4/11/2023,Withdrawal,1608.35,3465.86,12,352,42513.29,Mortgage,6.51,24,5/13/2021,Closed,352,MasterCard,4535.36,2417.49,151.81,12/21/2023,4/30/2023,Scheduled transfer completed.,Documents reviewed against standard criteria.,1/17/2023,Complaint,Pending,Transaction TXN-000352-Y was discussed with Akash Khanna at the Wipro Hyderabad office service desk.,General product information provided.
353,Benjamin,Singh,25,Other,"269, Belford road",Oklahoma City,16573720353,benjaminsingh353@mailtest.net,Current,6505.86,10/08/2020,4/10/2023,353,3/26/2023,Transfer,1164.99,5340.87,102,353,14726.34,Auto,1.7,12,6/03/2020,Rejected,353,Visa,14737.65,9342.43,403.1,10/14/2023,6/22/2023,Scheduled transfer completed.,Documents reviewed against standard criteria.,8/31/2023,Praise,Pending,Request completed successfully.,Routine review completed; no concerns recorded.
354,Patricia,Khan,39,Female,"352, Wanderer street",Denver,13986610354,patricia.khan@samplebank.com,Current,1363.35,3/26/2014,8/06/2023,354,11/29/2023,Transfer,1789.89,3153.24,50,354,14179.27,Auto,5.36,12,2/20/2021,Approved,354,MasterCard,9042.5,1615.95,108.77,10/24/2023,12/25/2023,Cash deposit recorded.,Manual review completed.,7/09/2023,Praise,Resolved,Access restored after standard verification.,Booking reference PNRC00354 was flagged for additional review.
355,Nancy,Moore,57,Female,"110, Rockend drive",Charlotte,14159120355,nancy.moore@samplebank.com,Savings,2501.24,5/03/2013,10/30/2023,355,11/28/2023,Deposit,3123.71,5624.95,57,355,23590.77,Auto,3.06,48,4/22/2023,Approved,355,MasterCard,5680.63,4537.11,179.26,8/14/2023,11/05/2023,Booking reference PNRU00355 was flagged for additional review.,Manual review completed.,8/09/2023,Praise,Resolved,Investigation remains pending.,No follow-up action currently required.
356,James,Adams,20,Female,"966, Belford drive",Toronto,13666270356,james_adams@demo-finance.com,Savings,13403.4,10/15/2009,8/19/2023,356,8/05/2023,Deposit,1309.54,14712.94,41,356,43035.79,Personal,6.18,24,3/10/2020,Closed,356,Visa,4083.54,3138.44,143.65,6/06/2023,6/23/2023,Scheduled transfer completed.,Income assessment completed.,11/10/2023,Complaint,Resolved,Request completed successfully.,No follow-up action currently required.
357,Amanda,Clark,53,Male,"887, Carpenter boulevard",Seattle,18555330357,amanda.clark@kag.com,Current,1327.3,7/28/2018,12/31/2023,357,3/03/2023,Withdrawal,2304.04,-976.74,8,357,15047.92,Mortgage,2.45,36,9/02/2020,Rejected,357,Visa,11881.96,4979.85,182.6,7/30/2023,10/20/2023,Monthly instalment received.,Income assessment completed.,9/10/2023,Praise,Pending,Medical case reference MED-00357-97 remains open.,General product information provided.
358,Anthony,Lewis,25,Female,"605, Cancun court",Houston,15475660358,anthony_lewis358@demo-finance.com,Current,4054.62,6/09/2020,5/06/2023,358,5/31/2023,Withdrawal,1031.17,3023.45,65,358,45718.49,Auto,8.71,24,10/26/2020,Closed,358,MasterCard,14125.25,14047.48,653.56,2/25/2023,9/06/2023,Cash deposit recorded.,No additional approval condition recorded.,7/13/2023,Complaint,Resolved,Transaction reference TXN-000358-Y was escalated.,General product information provided.
359,Fatima,Harris,61,Male,"410, Washington avenue",Columbus,17383810359,fatima.harris@samplebank.com,Current,14286.67,5/28/2009,7/02/2023,359,4/22/2023,Deposit,3771.21,18057.88,115,359,2205.32,Mortgage,3.84,48,6/06/2021,Rejected,359,AMEX,7794.48,5791.49,422.2,3/13/2023,8/19/2023,Booking reference PNRS00359 was flagged for additional review.,Documents reviewed against standard criteria.,2/16/2023,Praise,Pending,Case closed after review.,General product information provided.
360,Michael,Moore,23,Male,"315, Pine boulevard",Houston,15567960360,michael_moore360@demo-finance.com,Current,14843.73,10/04/2013,7/16/2023,360,12/07/2023,Withdrawal,2839.04,12004.69,13,360,48239,Mortgage,5.52,24,5/07/2021,Closed,360,Visa,6855.08,2138.8,107.01,4/27/2023,1/14/2023,Interest adjustment posted.,Income assessment completed.,8/21/2023,Complaint,Pending,Investigation remains pending.,Transaction reference TXN-000360-X was escalated.
361,Fatima,Flores,20,Female,"684, Rockham boulevard",Los Angeles,16674060361,fatima.flores361@kag.com,Current,6563.65,12/09/2010,4/15/2023,361,9/01/2023,Transfer,4753.04,1810.61,111,361,27177.23,Mortgage,7.16,48,1/15/2020,Rejected,361,AMEX,10312.64,8316.52,549.3,8/06/2023,7/17/2023,Card payment processed.,addr/mob update not required; close req pls,11/15/2023,Praise,Resolved,Request completed successfully.,General product information provided.
362,Benjamin,Kumar,69,Other,"505, Mount View drive",Mumbai,14305570362,benjamin_kumar362@mailtest.net,Savings,2869.91,6/20/2021,12/12/2023,362,10/11/2023,Deposit,4083.86,6953.77,84,362,9840.43,Auto,8.54,36,2/03/2023,Approved,362,AMEX,5873.26,5595.1,372.23,10/15/2023,8/17/2023,Booking reference PNRZ00362 was flagged for additional review.,Documents reviewed against standard criteria.,9/29/2023,Praise,Resolved,Access restored after standard verification.,No follow-up action currently required.
363,Samuel,Flores,72,Other,"985, Woolworths pass",El Paso,15274020363,samuel.flores@mailtest.net,Current,9130.83,12/04/2014,4/18/2023,363,4/30/2023,Withdrawal,664.46,8466.37,81,363,47664.98,Personal,7.83,60,12/17/2023,Rejected,363,Visa,3893.76,2005.82,143.47,11/10/2023,11/20/2023,Interest adjustment posted.,Kabir Reddy is recorded as working at Orion Retail.,3/11/2023,Complaint,Resolved,Request completed successfully.,Statement reissue requested.
364,Andrew,Jackson,42,Female,"810, Wanderer drive",Charlotte,13574010364,andrew.jackson364@kag.com,Current,7747.9,12/24/2019,7/16/2023,364,7/16/2023,Withdrawal,699.42,7048.48,108,364,26049.81,Personal,8.54,24,8/23/2023,Closed,364,Visa,5290.17,634.45,44.99,11/09/2023,2/28/2023,Medical case reference MED-00364-66 remains open.,Income assessment completed.,12/18/2023,Praise,Resolved,Request completed successfully.,Routine review completed; no concerns recorded.
365,Patricia,Wilson,52,Female,"303, Cedar avenue",Hyderabad,15814490365,patricia.wilson365@kag.com,Current,3110.65,4/20/2016,7/22/2023,365,1/06/2023,Deposit,3441.09,6551.74,76,365,3101.91,Auto,5.27,48,10/18/2023,Rejected,365,MasterCard,5116.43,1874.21,128.52,2/11/2023,3/14/2023,Cash deposit recorded.,Documents reviewed against standard criteria.,4/17/2023,Complaint,Resolved,Access restored after standard verification.,Transaction reference TXN-000365-X was escalated.
366,Maria,Hall,51,Other,"210, Oak lane",Houston,14434030366,maria.hall@kag.com,Savings,9357.87,12/04/2005,11/29/2023,366,6/01/2023,Transfer,4501.36,4856.51,49,366,11193.15,Mortgage,1.48,60,6/24/2022,Approved,366,AMEX,7499.49,112.78,8.02,7/19/2023,8/15/2023,"spouse of Anita Kapoor at Infosys Pune campus, pls upd notes",Manual review completed.,2/04/2023,Suggestion,Pending,Investigation remains pending.,Statement reissue requested.
367,Priya,Rodriguez,60,Other,"565, Viewmount boulevard",Louisville,14286930367,priya.rodriguez@demo-finance.com,Savings,7629.76,12/30/2019,7/28/2023,367,4/03/2023,Withdrawal,4772.26,2857.5,70,367,6077.06,Auto,2.56,60,10/01/2022,Closed,367,Visa,12226.73,4756.05,151.46,11/24/2023,12/12/2023,Card payment processed.,Akash Menon booked travel with IndiGo to Dubai; booking reference PNRW00367 requires review.,7/20/2023,Praise,Pending,Case closed after review.,Routine review completed; no concerns recorded.
368,Neha,Davis,40,Male,"995, Rockend road",Columbus,12266960368,neha.davis368@samplebank.com,Savings,12836.6,10/05/2019,2/13/2023,368,5/23/2023,Deposit,4717.66,17554.26,101,368,12905.16,Mortgage,1.34,60,2/11/2022,Rejected,368,Visa,12311.67,11320.62,292.35,11/04/2023,11/22/2023,Card payment processed.,Transaction reference TXN-000368-Y was escalated.,10/18/2023,Praise,Pending,Access restored after standard verification.,Statement reissue requested.
369,Sophia,Torres,28,Male,"771, Cedar court",Pune,12084190369,sophiatorres369@kag.com,Savings,3584.89,10/22/2011,8/16/2023,369,11/26/2023,Withdrawal,293.93,3290.96,64,369,7423.74,Mortgage,1.4,24,1/12/2020,Approved,369,Visa,7743.64,4252.23,292.01,10/25/2023,9/30/2023,Card payment processed.,addr/mob update not required; close req pls,9/09/2023,Suggestion,Resolved,Access restored after standard verification.,General product information provided.
370,Hannah,Taylor,73,Male,"220, Mount View court",Chicago,18874300370,hannah_taylor@samplebank.com,Savings,3150.96,12/12/2007,5/07/2023,370,4/18/2023,Transfer,4048.72,-897.76,20,370,15626.18,Auto,8.13,48,2/10/2022,Rejected,370,MasterCard,8660.14,1219.75,90.63,7/18/2023,10/21/2023,Monthly instalment received.,Manual review completed.,8/12/2023,Complaint,Resolved,Access restored after standard verification.,Employee identifier EMP-H00370 requires manual verification.
371,Andrew,Thomas,66,Other,"949, Mount View drive",New Delhi,15104990371,andrew.thomas371@mailtest.net,Savings,6556.43,1/15/2008,7/03/2023,371,5/11/2023,Deposit,2911.09,9467.52,98,371,46062.65,Mortgage,6.4,48,1/02/2021,Approved,371,Visa,9679.84,104.47,4.18,8/25/2023,9/03/2023,Card payment processed.,The spouse of Meera Kapoor works at Northstar Logistics.,1/03/2023,Complaint,Resolved,Investigation remains pending.,Statement reissue requested.
372,Priya,Gonzalez,67,Female,"804, Rockham lane",Sydney,14713110372,priya.gonzalez@mailtest.net,Current,10480.55,10/01/2004,4/26/2023,372,1/24/2023,Deposit,656.09,11136.64,66,372,31375.35,Mortgage,1.75,60,4/14/2020,Approved,372,Visa,4017.61,2728.8,92.86,3/04/2023,7/30/2023,Card payment processed.,Documents reviewed against standard criteria.,2/01/2023,Praise,Pending,Dev Khanna visited Narayana Health centre for medical follow-up; medical reference MED-00372-87 remains active.,General product information provided.
373,Hannah,Sharma,18,Other,"857, Rockham avenue",Pune,14965940373,hannah_sharma373@demo-finance.com,Savings,6503.66,3/29/2009,6/01/2023,373,9/27/2023,Transfer,1338.33,7841.99,86,373,14750.45,Mortgage,4.93,12,9/17/2021,Approved,373,AMEX,10734.91,1054.66,53.22,1/19/2023,10/31/2023,Scheduled transfer completed.,Manual review completed.,1/08/2023,Suggestion,Resolved,Priya Nair is recorded as working at Orion Retail.,Statement reissue requested.
374,George,Moore,77,Female,"61, Viewmount avenue",Boston,19666890374,george_moore374@samplebank.com,Savings,6595.88,5/19/2017,8/31/2023,374,7/01/2023,Withdrawal,4533.15,2062.73,53,374,30363.53,Mortgage,5.39,24,12/29/2023,Rejected,374,MasterCard,10268.56,5230.8,237.08,9/10/2023,11/18/2023,Interest adjustment posted.,"bkng ref PNRQ00374, cust asking for update",3/20/2023,Praise,Resolved,Access restored after standard verification.,General product information provided.
375,Mary,Adams,70,Other,"267, Washington street",Houston,18525100375,mary.adams375@demo-finance.com,Current,9383.65,9/06/2015,5/16/2023,375,11/28/2023,Deposit,1289.06,10672.71,58,375,36663.81,Auto,4.16,60,11/01/2020,Rejected,375,MasterCard,11958.21,7633.75,537.85,7/14/2023,10/31/2023,Scheduled transfer completed.,Manual review completed.,12/08/2023,Praise,Pending,Anita Mehta visited St Joseph medical centre for diabetes medication; medical reference MED-00375-59 remains active.,No follow-up action currently required.
376,Samuel,Gupta,78,Male,"272, Viewmount court",Austin,16068810376,samuel_gupta376@samplebank.com,Current,4987.03,1/11/2018,12/10/2023,376,6/22/2023,Withdrawal,4451.22,535.81,59,376,40266.9,Auto,4.75,60,10/22/2023,Approved,376,MasterCard,5005.64,280.83,20.85,2/24/2023,11/24/2023,Card payment processed.,Income assessment completed.,12/21/2023,Suggestion,Pending,Investigation remains pending.,Routine review completed; no concerns recorded.
377,Emma,Lee,22,Female,"177, Pine road",Mumbai,17854170377,emmalee377@kag.com,Savings,6877.07,10/05/2009,12/07/2023,377,6/08/2023,Withdrawal,3498.85,3378.22,57,377,35988.12,Mortgage,3.46,12,6/11/2020,Approved,377,Visa,6080.75,2754.66,116.92,1/18/2023,7/20/2023,Cash deposit recorded.,Documents reviewed against standard criteria.,10/30/2023,Suggestion,Resolved,Employee Priya Saxena is associated with identifier EMP-H00377.,General product information provided.
378,Neha,Singh,21,Male,"515, Mount View avenue",Houston,16668600378,neha.singh@kag.com,Current,11394.87,3/29/2009,6/17/2023,378,12/09/2023,Withdrawal,1099.58,10295.29,37,378,46587.65,Mortgage,1.64,24,2/05/2022,Approved,378,Visa,11567.6,3748.1,253.41,4/16/2023,4/27/2023,Scheduled transfer completed.,"Raj Chawla flying British Airways to Singapore, pnr PNRL00378; cust msg recd",4/30/2023,Complaint,Resolved,Access restored after standard verification.,No follow-up action currently required.
379,Daniel,Moore,48,Female,"373, Philadephia avenue",Sydney,14625070379,danielmoore@mailtest.net,Current,3831.6,12/19/2012,6/17/2023,379,5/12/2023,Deposit,814.74,4646.34,33,379,12574.22,Auto,6.07,36,8/10/2020,Closed,379,AMEX,6051.05,3713.91,103.7,6/03/2023,12/10/2023,Cash deposit recorded.,Income assessment completed.,12/11/2023,Praise,Resolved,txn ref TXN-000379-Z needs manual chk,Routine review completed; no concerns recorded.
380,Mohammed,Anderson,56,Female,"246, Rockend lane",Fort Worth,16628060380,mohammedanderson@demo-finance.com,Current,11060.01,9/03/2010,6/03/2023,380,10/04/2023,Withdrawal,4663.12,6396.89,72,380,25023.82,Personal,5,48,1/16/2023,Approved,380,AMEX,5223.24,2214.29,85.76,9/13/2023,11/15/2023,Monthly instalment received.,No additional approval condition recorded.,6/17/2023,Complaint,Pending,Deepak Kapoor visited Apollo hospital for therapy; medical reference MED-00380-72 remains active.,General product information provided.
381,Nancy,Robinson,24,Female,"387, Zeelandia pass",Dallas,12379400381,nancy.robinson@mailtest.net,Current,14594.69,3/05/2015,1/25/2023,381,4/07/2023,Withdrawal,3230,11364.69,107,381,26095.94,Auto,1.63,60,1/14/2020,Approved,381,AMEX,5598.38,2571.13,126.23,11/15/2023,3/31/2023,Card payment processed.,The spouse of Dev Kumar works at Orion Retail.,8/28/2023,Complaint,Pending,Request completed successfully.,No follow-up action currently required.
382,Neha,Johnson,43,Female,"121, Smithford court",New York,19448920382,nehajohnson@samplebank.com,Savings,7910.3,5/01/2013,12/06/2023,382,2/23/2023,Deposit,2373.97,10284.27,17,382,44944.12,Personal,8.25,60,11/01/2020,Approved,382,Visa,6000.28,5490.95,378.58,11/14/2023,2/01/2023,"emp Aditi Menon @ TCS Bangalore HQ, emp id EMP-E00382; addr/mob chk pending",Income assessment completed.,8/07/2023,Praise,Resolved,Access restored after standard verification.,Routine review completed; no concerns recorded.
383,Andrew,Lewis,51,Female,"145, Seafarers drive",Houston,13112120383,andrew.lewis383@samplebank.com,Savings,3861.86,6/03/2018,6/18/2023,383,4/24/2023,Deposit,4813.91,8675.77,46,383,36488.69,Mortgage,2.31,48,5/09/2021,Approved,383,MasterCard,13365.83,2275.07,124.55,9/24/2023,12/21/2023,Interest adjustment posted.,No additional approval condition recorded.,8/26/2023,Praise,Resolved,Investigation remains pending.,General product information provided.
384,Richard,Garcia,48,Female,"204, Mount View street",Bangalore,15609100384,richard.garcia@samplebank.com,Current,6271.3,3/28/2017,10/09/2023,384,3/11/2023,Deposit,2245.28,8516.58,73,384,41808.43,Personal,4.87,60,8/07/2023,Closed,384,MasterCard,13857.77,9336.21,253.55,7/16/2023,6/11/2023,Cash deposit recorded.,Employee Cindy Mehta is associated with identifier EMP-E00384.,3/10/2023,Complaint,Pending,Case closed after review.,Routine review completed; no concerns recorded.
385,George,Thomas,62,Female,"922, Box court",Seattle,13543150385,george.thomas385@samplebank.com,Current,3753.67,8/10/2004,3/29/2023,385,12/16/2023,Withdrawal,2037.33,1716.34,95,385,25221.5,Auto,2.92,12,2/02/2020,Closed,385,MasterCard,3722.53,3386.41,160.66,11/27/2023,9/16/2023,Card payment processed.,Manual review completed.,2/14/2023,Complaint,Resolved,Employee identifier EMP-A00385 requires manual verification.,No follow-up action currently required.
386,Richard,Adams,51,Male,"24, Maple court",Bangalore,16173580386,richard.adams@samplebank.com,Savings,4386,12/01/2021,8/07/2023,386,9/16/2023,Withdrawal,4040.04,345.96,100,386,9564.59,Auto,9.49,48,4/12/2023,Approved,386,MasterCard,11298.64,2720.54,155.46,2/08/2023,7/22/2023,Monthly instalment received.,Manual review completed.,11/06/2023,Complaint,Pending,Access restored after standard verification.,"spouse of Harish Menon at Infosys Pune campus, pls upd notes"
387,Maria,Wright,70,Other,"33, Woolworths court",Fort Worth,14274840387,maria.wright387@demo-finance.com,Current,10118.69,8/25/2007,2/09/2023,387,9/04/2023,Deposit,1226.33,11345.02,17,387,3603.79,Personal,6.03,60,4/11/2020,Approved,387,AMEX,1569.08,1511.59,39.14,12/07/2023,5/30/2023,Cash deposit recorded.,Documents reviewed against standard criteria.,5/13/2023,Praise,Resolved,Request completed successfully.,No follow-up action currently required.
388,Linda,Perez,42,Female,"553, Lakeview avenue",El Paso,18549860388,linda.perez388@kag.com,Savings,11872.43,1/07/2015,8/24/2023,388,7/28/2023,Withdrawal,67.1,11805.33,92,388,29748.97,Auto,2.81,60,12/06/2020,Rejected,388,AMEX,9272.94,2480.39,118.91,11/19/2023,3/17/2023,Monthly instalment received.,Income assessment completed.,5/09/2023,Praise,Resolved,Request completed successfully.,No follow-up action currently required.
389,Christopher,Baker,45,Other,"232, Oak drive",Boston,13822860389,christopherbaker@demo-finance.com,Current,7770.66,11/18/2009,7/16/2023,389,6/19/2023,Deposit,1693.24,9463.9,114,389,14157.15,Mortgage,1.42,60,4/17/2022,Approved,389,AMEX,14792.92,5725.99,325.33,11/24/2023,6/11/2023,Cash deposit recorded.,Jaya Bansal is recorded as working at Wipro Hyderabad office.,2/01/2023,Complaint,Pending,Request completed successfully.,No follow-up action currently required.
390,Raj,Kumar,57,Female,"317, Ironsmith court",Chicago,13385180390,rajkumar@kag.com,Savings,3767.94,4/07/2020,11/18/2023,390,6/04/2023,Withdrawal,2412.28,1355.66,64,390,31204.55,Auto,9.22,12,6/15/2022,Closed,390,AMEX,4612,1458.39,94.78,9/09/2023,4/17/2023,Interest adjustment posted.,Income assessment completed.,10/10/2023,Suggestion,Pending,Investigation remains pending.,Statement reissue requested.
391,Emily,Sharma,32,Female,"514, Maple pass",Columbus,15986580391,emily.sharma@demo-finance.com,Savings,5237.48,2/13/2022,5/07/2023,391,5/01/2023,Deposit,537.61,5775.09,96,391,3630.97,Auto,5.82,36,11/17/2020,Approved,391,Visa,8540.47,6287.96,479.9,3/18/2023,7/20/2023,Cash deposit recorded.,Documents reviewed against standard criteria.,7/23/2023,Praise,Resolved,Medical case reference MED-00391-69 remains open.,Statement reissue requested.
392,Benjamin,Anderson,61,Female,"52, Woolworths drive",Boston,18839730392,benjamin.anderson392@demo-finance.com,Current,11320.02,9/24/2019,6/13/2023,392,8/24/2023,Withdrawal,1960.15,9359.87,41,392,38774.09,Auto,9.47,36,12/21/2020,Approved,392,MasterCard,7327.58,5880.77,252.91,6/15/2023,9/19/2023,Cash deposit recorded.,Documents reviewed against standard criteria.,6/28/2023,Complaint,Pending,Case closed after review.,Statement reissue requested.
393,Vikram,Gonzalez,72,Other,"92, Wanderer road",Pune,12915540393,vikram.gonzalez@mailtest.net,Current,9195.13,3/03/2010,4/11/2023,393,11/30/2023,Deposit,4770.95,13966.08,45,393,49624.75,Mortgage,6.71,48,12/10/2023,Approved,393,AMEX,10534.66,479.36,13.34,12/13/2023,1/17/2023,Cash deposit recorded.,No additional approval condition recorded.,12/16/2023,Praise,Resolved,Case closed after review.,Statement reissue requested.
394,Nancy,Anderson,70,Male,"119, Zeelandia avenue",Charlotte,15717230394,nancy_anderson@samplebank.com,Savings,4008.08,12/16/2012,10/26/2023,394,10/11/2023,Withdrawal,3341.14,666.94,30,394,40622.46,Auto,1.18,48,5/13/2021,Rejected,394,AMEX,10046.52,7877.26,244.25,5/13/2023,8/31/2023,Card payment processed.,Income assessment completed.,5/18/2023,Complaint,Resolved,Request completed successfully.,Statement reissue requested.
395,Edward,Martin,54,Other,"472, Zeelandia street",Philadelphia,12144390395,edward.martin@demo-finance.com,Current,10435.72,6/08/2017,2/22/2023,395,1/02/2023,Deposit,4478.49,14914.21,60,395,8425.41,Auto,8.42,48,9/08/2023,Approved,395,Visa,12556.89,6479.78,210.03,7/28/2023,9/28/2023,"emp Amit Saxena, id EMP-C00395; docs not clear",Documents reviewed against standard criteria.,11/10/2023,Praise,Resolved,Access restored after standard verification.,Statement reissue requested.
396,Robert,Sharma,41,Other,"894, Wanderer street",Bangalore,17696000396,robert.sharma@samplebank.com,Savings,7185.7,11/04/2010,12/03/2023,396,3/02/2023,Withdrawal,1267.46,5918.24,52,396,13547.25,Auto,3.31,24,10/15/2021,Closed,396,AMEX,9737.72,1005.49,32.48,4/18/2023,9/14/2023,Card payment processed.,Income assessment completed.,1/10/2023,Praise,Pending,Investigation remains pending.,Booking reference PNRW00396 was flagged for additional review.
397,Lisa,Torres,68,Male,"523, Cancun drive",Philadelphia,15016680397,lisatorres@demo-finance.com,Savings,5364.36,1/14/2013,8/10/2023,397,2/27/2023,Deposit,2521.33,7885.69,11,397,15066.98,Mortgage,1.68,48,10/15/2023,Closed,397,MasterCard,12571.6,8111,320.71,4/01/2023,12/29/2023,Scheduled transfer completed.,No additional approval condition recorded.,11/19/2023,Suggestion,Pending,Access restored after standard verification.,Transaction reference TXN-000397-Y was escalated.
398,Isabella,Hall,44,Female,"685, Philadephia boulevard",Pune,18374060398,isabella.hall398@demo-finance.com,Savings,10619.14,2/02/2005,2/24/2023,398,3/01/2023,Transfer,4879.51,15498.65,103,398,3206.09,Auto,4.04,36,5/31/2023,Closed,398,Visa,2933.76,2709.18,208.95,8/21/2023,7/14/2023,Cash deposit recorded.,No additional approval condition recorded.,12/26/2023,Complaint,Pending,Case closed after review.,General product information provided.
399,David,Adams,28,Male,"601, Cancun lane",Portland,17142880399,david_adams@demo-finance.com,Savings,13188.47,12/22/2014,11/17/2023,399,9/02/2023,Withdrawal,3238.86,9949.61,6,399,12361.46,Personal,1.35,36,7/06/2021,Approved,399,AMEX,8604.47,1967.32,82.17,4/24/2023,9/19/2023,"txn reviewed - nothing unusual, no follow-up reqd",Documents reviewed against standard criteria.,12/23/2023,Complaint,Pending,Request completed successfully.,General product information provided.
400,Joseph,Nelson,24,Male,"472, Airport road",Boston,15616740135,josephnelson@samplebank.com,Current,2301.35,7/08/2008,5/02/2023,400,7/03/2023,Deposit,1932.38,4233.73,109,400,31045.28,Mortgage,9.48,60,8/15/2020,Rejected,400,MasterCard,13765.67,6968.18,143.48,4/25/2023,6/30/2023,Booking reference PNRA00400 was flagged for additional review.,Income assessment completed.,8/12/2023,Complaint,Resolved,Case closed after review.,General product information provided.
401,Amanda,Patel,43,Other,"218, Smithford lane",San Diego,13234190401,amanda.patel@kag.com,Current,3295.93,7/11/2004,6/02/2023,401,8/20/2023,Withdrawal,4045.65,-749.72,57,401,47512.7,Mortgage,6.02,60,12/14/2021,Approved,401,MasterCard,11114.63,7594.25,457.49,11/01/2023,9/24/2023,Interest adjustment posted.,No additional approval condition recorded.,10/05/2023,Complaint,Pending,"med ref MED-00401-53 still open, appt note pending",Statement reissue requested.
402,Rahul,Carmichael,72,Other,"409, Maple street",Seattle,13615010402,rahul.carmichael402@samplebank.com,Savings,12823.24,9/24/2006,5/20/2023,402,12/12/2023,Withdrawal,697.31,12125.93,18,402,32916.51,Auto,5.35,48,6/13/2023,Closed,402,MasterCard,2058.04,781.19,16.33,3/21/2023,9/30/2023,Interest adjustment posted.,Documents reviewed against standard criteria.,8/18/2023,Complaint,Resolved,Request completed successfully.,General product information provided.
403,John,Singh,18,Other,"124, Meadow boulevard",Phoenix,17925000403,john.singh@mailtest.net,Current,11856.31,2/07/2018,9/14/2023,403,8/04/2023,Transfer,989.75,10866.56,45,403,8491.85,Auto,2.01,60,7/22/2020,Closed,403,AMEX,9403.68,3147.36,221.86,9/20/2023,6/07/2023,Cash deposit recorded.,No additional approval condition recorded.,2/12/2023,Complaint,Resolved,Access restored after standard verification.,Employee identifier EMP-B00403 requires manual verification.
404,Isabella,Johnson,32,Other,"635, Rockham road",Mumbai,19763880404,isabella.johnson@samplebank.com,Current,10858.95,3/24/2019,9/16/2023,404,8/17/2023,Transfer,2797.68,13656.63,92,404,12899.82,Auto,5.47,24,12/07/2020,Approved,404,AMEX,1634.62,366.84,7.81,8/22/2023,12/19/2023,Interest adjustment posted.,Income assessment completed.,4/01/2023,Praise,Pending,Booking reference PNRP00404 was flagged for additional review.,Statement reissue requested.
405,Fatima,Moore,26,Other,"443, Zeelandia drive",Dubai,13877160405,fatimamoore@samplebank.com,Current,5806.65,11/23/2017,10/21/2023,405,12/05/2023,Deposit,2781.14,8587.79,94,405,12569.75,Auto,6.26,36,2/09/2021,Closed,405,Visa,2679.16,2638.77,159.62,8/09/2023,10/02/2023,Interest adjustment posted.,No additional approval condition recorded.,10/31/2023,Suggestion,Resolved,Request completed successfully.,No follow-up action currently required.
406,Emma,Williams,65,Female,"217, Seafarers court",Philadelphia,17258180406,emma.williams@kag.com,Savings,14648.1,1/21/2009,5/30/2023,406,6/18/2023,Deposit,2950.45,17598.55,2,406,46673.14,Auto,7.88,60,4/20/2020,Approved,406,AMEX,6031.39,4977.98,134.85,8/15/2023,1/27/2023,Monthly instalment received.,No additional approval condition recorded.,3/30/2023,Praise,Resolved,Request completed successfully.,General product information provided.
407,George,White,48,Female,"954, Carpenter pass",Hyderabad,18904760407,george.white@demo-finance.com,Savings,8239.78,6/27/2010,9/18/2023,407,10/25/2023,Transfer,1553.58,6686.2,59,407,27625.54,Mortgage,3.28,48,11/11/2022,Rejected,407,AMEX,13691.67,1252.56,47.93,12/12/2023,6/05/2023,Scheduled transfer completed.,Documents reviewed against standard criteria.,6/04/2023,Praise,Resolved,Investigation remains pending.,No follow-up action currently required.
408,Ananya,Wilson,74,Other,"769, Ironsmith street",Dallas,18439860408,ananya.wilson@demo-finance.com,Savings,6352.94,5/17/2010,6/03/2023,408,9/04/2023,Deposit,1885.7,8238.64,8,408,17512.1,Auto,5.59,48,7/22/2020,Closed,408,MasterCard,4810.16,3867.92,150.32,7/16/2023,1/16/2023,Card payment processed.,Manual review completed.,9/07/2023,Complaint,Resolved,Investigation remains pending.,Statement reissue requested.
409,Amanda,Smith,35,Female,"39, Park drive",El Paso,19586760409,amanda.smith@samplebank.com,Current,4856.6,12/31/2006,10/07/2023,409,5/31/2023,Withdrawal,4860.7,-4.1,85,409,16418.31,Auto,6.91,36,6/06/2020,Approved,409,AMEX,3801.98,3005.05,169.55,5/07/2023,11/07/2023,Scheduled transfer completed.,Manual review completed.,1/27/2023,Praise,Pending,Case closed after review.,Transaction reference TXN-000409-Z was escalated.
410,Priya,Davis,73,Female,"611, Lakeview pass",Oklahoma City,17988970410,priya_davis410@mailtest.net,Savings,8869.21,3/18/2020,8/01/2023,410,7/19/2023,Deposit,4890.82,13760.03,2,410,40718.28,Auto,1.2,24,11/14/2020,Rejected,410,Visa,7801.6,1771.57,102.9,11/22/2023,5/02/2023,Scheduled transfer completed.,Income assessment completed.,1/01/2023,Praise,Pending,Investigation remains pending.,Transaction TXN-000410-Y was discussed with Nisha Nair at the Vertex Systems service desk.
411,Aisha,Khan,42,Female,"567, Lakeview street",Houston,18175620411,aisha.khan@mailtest.net,Current,8811.4,12/27/2020,10/25/2023,411,2/16/2023,Deposit,1509.7,10321.1,89,411,6148.02,Auto,1.03,24,12/24/2023,Approved,411,AMEX,6713.56,3059.54,142.15,12/08/2023,5/24/2023,Card payment processed.,Income assessment completed.,5/25/2023,Praise,Resolved,Case closed after review.,Routine review completed; no concerns recorded.
412,Mark,Smith,29,Other,"684, Belford drive",Mumbai,13423520412,mark.smith412@samplebank.com,Current,12267.47,12/16/2010,7/14/2023,412,2/16/2023,Deposit,3855.41,16122.88,18,412,3318.19,Mortgage,5.58,24,10/07/2021,Rejected,412,AMEX,10574.22,10218.55,560.57,6/03/2023,3/21/2023,Interest adjustment posted.,Documents reviewed against standard criteria.,5/09/2023,Complaint,Pending,Access restored after standard verification.,General product information provided.
413,Robert,Sharma,45,Male,"166, Smithford street",New Delhi,16182910413,robertsharma@demo-finance.com,Savings,4214.14,12/26/2009,9/08/2023,413,1/15/2023,Deposit,1313.79,5527.93,4,413,30948.91,Personal,2.1,60,3/04/2023,Rejected,413,MasterCard,6283.31,4637.65,336.91,11/17/2023,7/27/2023,Scheduled transfer completed.,Medical case reference MED-00413-14 remains open.,6/25/2023,Praise,Resolved,Investigation remains pending.,Routine review completed; no concerns recorded.
414,James,Singh,43,Other,"722, Woolworths boulevard",Los Angeles,19854630414,jamessingh@kag.com,Savings,2674.7,8/24/2006,1/05/2023,414,9/03/2023,Deposit,4220.44,6895.14,108,414,43550.38,Auto,6.17,48,12/26/2021,Closed,414,AMEX,14406.71,10993.57,246.59,5/23/2023,7/30/2023,Card payment processed.,Documents reviewed against standard criteria.,8/21/2023,Complaint,Pending,Investigation remains pending.,Transaction reference TXN-000414-Z was escalated.
415,Richard,Rodriguez,77,Male,"320, Columbus drive",Fort Worth,17134070415,richard.rodriguez@samplebank.com,Current,5344.11,6/09/2010,7/10/2023,415,8/25/2023,Transfer,1672.86,7016.97,82,415,20992.07,Mortgage,7.34,48,12/22/2021,Rejected,415,Visa,10114.03,8756.11,681.3,7/30/2023,8/29/2023,"docs chk done, no cust-specific detail noted",Manual review completed.,9/29/2023,Complaint,Resolved,Request completed successfully.,No follow-up action currently required.
416,Rahul,Wright,61,Female,"544, Chandler road",Denver,17603880416,rahul_wright@mailtest.net,Savings,4862.32,10/17/2005,8/04/2023,416,7/06/2023,Withdrawal,4494.4,367.92,90,416,11438.78,Personal,4.22,36,4/13/2023,Approved,416,AMEX,5203.05,1799.51,63.22,4/06/2023,11/16/2023,Monthly instalment received.,No additional approval condition recorded.,8/05/2023,Suggestion,Pending,Access restored after standard verification.,Statement reissue requested.
417,Lisa,Moore,35,Other,"462, Mount View court",El Paso,17407000417,lisa.moore417@mailtest.net,Savings,9802.39,4/12/2009,4/10/2023,417,5/07/2023,Deposit,4784.38,14586.77,61,417,37419.88,Mortgage,2.2,48,11/24/2023,Approved,417,AMEX,3351.38,3292.53,164.35,5/10/2023,7/22/2023,Monthly instalment received.,No additional approval condition recorded.,4/15/2023,Praise,Pending,Raj Kapoor is recorded as working at Acme Analytics.,Statement reissue requested.
418,James,Young,73,Female,"913, Meadow court",Fort Worth,13363120418,james.young418@samplebank.com,Current,12045.36,12/25/2004,3/12/2023,418,7/17/2023,Deposit,1094.64,13140,91,418,18279.44,Mortgage,1.31,60,2/27/2023,Closed,418,Visa,10815.2,7563.89,185.33,5/04/2023,5/10/2023,Scheduled transfer completed.,"bkng ref PNRT00418, cust asking for update",1/12/2023,Complaint,Resolved,Investigation remains pending.,Routine review completed; no concerns recorded.
419,Benjamin,Robinson,53,Male,"404, Woolworths boulevard",Orlando,15328480419,benjaminrobinson@demo-finance.com,Current,9624.48,11/21/2018,9/23/2023,419,9/10/2023,Transfer,4073.92,5550.56,117,419,46153.91,Personal,1.71,12,1/30/2021,Closed,419,AMEX,10685.5,9965.33,325.88,9/22/2023,12/30/2023,Booking reference PNRY00419 was flagged for additional review.,Manual review completed.,1/02/2023,Praise,Pending,Investigation remains pending.,No follow-up action currently required.
420,Raj,Garcia,27,Male,"899, Park court",Los Angeles,16264120420,raj_garcia@kag.com,Current,581.67,4/19/2011,7/18/2023,420,12/11/2023,Withdrawal,4753.07,-4171.4,94,420,46068.44,Personal,6.65,12,6/03/2020,Approved,420,MasterCard,2299.5,1323.64,83.91,2/21/2023,10/02/2023,Scheduled transfer completed.,Income assessment completed.,12/12/2023,Complaint,Pending,Access restored after standard verification.,Statement reissue requested.
421,Isabella,Wright,34,Male,"65, Carpenter street",Orlando,14268680421,isabella_wright421@mailtest.net,Current,4656.29,2/02/2010,1/24/2023,421,12/03/2023,Deposit,149.5,4805.79,22,421,13989.65,Personal,6.09,48,2/08/2022,Approved,421,AMEX,11881.25,11780.26,419.95,7/23/2023,8/27/2023,Card payment processed.,No additional approval condition recorded.,3/02/2023,Praise,Pending,Case closed after review.,Routine review completed; no concerns recorded.
422,Joshua,Johnson,60,Female,"478, Washington lane",Houston,18758000422,joshua_johnson@mailtest.net,Savings,2583.17,1/28/2005,5/04/2023,422,6/04/2023,Transfer,4379.2,-1796.03,49,422,24335.37,Auto,3.25,12,6/15/2020,Closed,422,AMEX,13496.76,3.34,0.26,2/20/2023,4/04/2023,Monthly instalment received.,No additional approval condition recorded.,2/08/2023,Praise,Resolved,The spouse of Harish Roy works at Wipro Hyderabad office.,Statement reissue requested.
423,Hannah,Kumar,55,Male,"711, Rockpart street",Chicago,16574440423,hannah_kumar@kag.com,Current,3081.55,7/07/2012,11/04/2023,423,11/27/2023,Withdrawal,4083.72,-1002.17,63,423,30742.17,Auto,6.93,12,12/31/2020,Approved,423,MasterCard,10361.58,4968.35,152.44,7/16/2023,8/13/2023,Monthly instalment received.,No additional approval condition recorded.,4/29/2023,Praise,Pending,Investigation remains pending.,No follow-up action currently required.
424,Mary,Rodriguez,46,Male,"647, Box pass",El Paso,16085290424,maryrodriguez@kag.com,Current,7735.02,11/04/2007,5/01/2023,424,3/29/2023,Transfer,2601,5134.02,120,424,41169.69,Auto,7.77,24,5/23/2022,Closed,424,AMEX,11183.23,7909,569.29,9/25/2023,1/28/2023,Interest adjustment posted.,"txn reviewed - nothing unusual, no follow-up reqd",8/14/2023,Complaint,Resolved,Request completed successfully.,Statement reissue requested.
425,Kavita,Robinson,66,Male,"376, Rockham lane",Portland,17163720425,kavita_robinson425@demo-finance.com,Savings,11316.76,1/07/2022,3/23/2023,425,9/29/2023,Transfer,479.74,11796.5,96,425,17104.79,Personal,1.03,36,2/18/2022,Approved,425,Visa,3082.09,1223.66,31.27,7/19/2023,11/20/2023,Interest adjustment posted.,No additional approval condition recorded.,6/11/2023,Complaint,Resolved,Investigation remains pending.,No follow-up action currently required.
426,Sophia,Davis,39,Male,"38, Pine avenue",Mumbai,19749260426,sophia.davis@samplebank.com,Current,2102.85,1/19/2017,9/28/2023,426,5/22/2023,Deposit,1452.95,3555.8,76,426,44197.41,Personal,5.53,12,5/23/2023,Rejected,426,AMEX,10509.23,10093.21,315.41,11/29/2023,10/30/2023,emp id EMP-G00426 - pls chk before close,Manual review completed.,6/15/2023,Complaint,Resolved,Request completed successfully.,No follow-up action currently required.
427,William,Harris,71,Female,"181, Washington avenue",New Delhi,12002160427,william.harris427@samplebank.com,Current,3429.65,3/23/2005,1/17/2023,427,3/20/2023,Deposit,3857.1,7286.75,10,427,18035.95,Mortgage,1.19,36,12/21/2023,Rejected,427,AMEX,13204.54,1295.77,36.78,11/22/2023,2/19/2023,Isha Saxena is recorded as working at Infosys Pune campus.,Manual review completed.,3/24/2023,Complaint,Pending,Request completed successfully.,Routine review completed; no concerns recorded.
428,Nancy,Brown,68,Other,"815, Philadephia boulevard",Mumbai,12135180428,nancy_brown@samplebank.com,Current,3710.52,8/05/2022,5/14/2023,428,5/28/2023,Withdrawal,3862.67,-152.15,54,428,47094.72,Auto,1.6,36,3/19/2021,Approved,428,Visa,9261.68,4124.4,308.98,2/19/2023,1/06/2023,Cash deposit recorded.,Booking reference PNRY00428 was flagged for additional review.,3/02/2023,Complaint,Pending,Request completed successfully.,No follow-up action currently required.
429,Jennifer,Kumar,40,Male,"59, Chandler boulevard",Pune,16772480429,jennifer_kumar429@demo-finance.com,Current,12201.44,5/09/2008,11/10/2023,429,3/29/2023,Deposit,4940.35,17141.79,74,429,37671.27,Mortgage,9.37,36,9/27/2023,Closed,429,AMEX,11919.71,10597.06,630.61,8/26/2023,2/27/2023,Monthly instalment received.,Manual review completed.,7/14/2023,Suggestion,Resolved,Priya Rao is recorded as working at TCS Bangalore HQ.,General product information provided.
430,Deepa,Anderson,51,Other,"854, Woolworths street",San Diego,12996430430,deepa_anderson430@mailtest.net,Savings,8552.31,4/27/2018,4/15/2023,430,2/06/2023,Deposit,4664.15,13216.46,94,430,13911.2,Auto,6.93,24,12/16/2023,Approved,430,AMEX,11830.53,1380.44,110.17,10/31/2023,2/11/2023,"docs chk done, no cust-specific detail noted",Income assessment completed.,1/11/2023,Complaint,Pending,Access restored after standard verification.,No follow-up action currently required.
431,James,Adams,32,Other,"597, Box road",Sydney,18833000431,james.adams@samplebank.com,Current,2999.96,4/24/2006,9/30/2023,431,2/23/2023,Withdrawal,3228.22,-228.26,42,431,44096.11,Mortgage,6.43,48,5/25/2023,Approved,431,AMEX,14244.9,3267.88,175.35,3/08/2023,9/25/2023,Interest adjustment posted.,Income assessment completed.,8/01/2023,Complaint,Pending,Request completed successfully.,Statement reissue requested.
432,John,Nelson,25,Other,"660, Viewmount drive",Austin,14114220432,johnnelson432@demo-finance.com,Savings,8931.29,6/09/2004,5/06/2023,432,12/13/2023,Withdrawal,2609.03,6322.26,72,432,23499.22,Auto,4.92,24,1/04/2021,Closed,432,Visa,12805.32,11560.39,338.26,7/25/2023,1/14/2023,Anil Roy is recorded as working at TCS Bangalore HQ.,Income assessment completed.,12/15/2023,Complaint,Pending,Request completed successfully.,General product information provided.
433,Aisha,Torres,38,Male,"728, Zeelandia drive",London,13513830433,aisha_torres@samplebank.com,Savings,10148.64,5/10/2005,1/19/2023,433,6/04/2023,Transfer,2760.94,7387.7,54,433,31027.03,Auto,1.13,48,11/30/2020,Rejected,433,MasterCard,4571.57,1859.97,65.29,4/25/2023,4/25/2023,Card payment processed.,Transaction reference TXN-000433-Z was escalated.,4/30/2023,Complaint,Resolved,Investigation remains pending.,No follow-up action currently required.
434,Nancy,Patel,55,Male,"419, Lakeview avenue",Portland,14595540434,nancy.patel434@mailtest.net,Savings,13767.88,4/02/2018,2/27/2023,434,10/22/2023,Deposit,2983.78,16751.66,64,434,12112.86,Personal,8.69,48,2/12/2022,Approved,434,AMEX,12278.24,6483.78,385.53,5/24/2023,3/31/2023,Scheduled transfer completed.,Income assessment completed.,1/05/2023,Praise,Resolved,Case closed after review.,Statement reissue requested.
435,John,Sharma,43,Female,"187, Pine court",Los Angeles,14248040435,john.sharma435@demo-finance.com,Savings,9861.76,7/23/2021,12/02/2023,435,2/06/2023,Deposit,1219.67,11081.43,120,435,33471.11,Auto,8.73,12,7/12/2023,Rejected,435,AMEX,3940.2,420.33,27.87,10/28/2023,11/07/2023,Scheduled transfer completed.,"txn reviewed - nothing unusual, no follow-up reqd",3/04/2023,Suggestion,Resolved,Access restored after standard verification.,General product information provided.
436,Ananya,Wright,27,Other,"517, Pine drive",Columbus,19779120436,ananya_wright@mailtest.net,Savings,1111.81,3/18/2018,6/20/2023,436,4/16/2023,Deposit,4941.15,6052.96,114,436,47012.91,Mortgage,4.25,36,9/10/2021,Approved,436,Visa,9097.63,51.82,1.98,8/07/2023,3/03/2023,Cash deposit recorded.,Employee identifier EMP-C00436 requires manual verification.,9/22/2023,Complaint,Resolved,Request completed successfully.,Statement reissue requested.
437,Samuel,Thomas,27,Female,"599, Seafarers court",El Paso,17065660437,samuelthomas@kag.com,Savings,8451.95,1/20/2004,5/07/2023,437,2/04/2023,Deposit,3608.03,12059.98,96,437,37889,Auto,4.75,36,1/26/2022,Closed,437,MasterCard,9032.69,2528.88,65.55,1/13/2023,9/08/2023,Scheduled transfer completed.,Manual review completed.,4/09/2023,Complaint,Pending,Investigation remains pending.,Transaction reference TXN-000437-Y was escalated.
438,Mohammed,Adams,26,Other,"720, Oak street",Pune,16329310438,mohammed.adams438@samplebank.com,Savings,12590.57,11/24/2011,10/12/2023,438,3/07/2023,Deposit,4434.31,17024.88,113,438,30788.7,Personal,6.05,48,11/17/2020,Approved,438,AMEX,6054.09,3886.26,246.97,9/18/2023,12/27/2023,Cash deposit recorded.,Documents reviewed against standard criteria.,11/13/2023,Suggestion,Resolved,Request completed successfully.,General product information provided.
439,Nancy,Carmichael,71,Other,"878, Zeelandia pass",Orlando,13964640439,nancy.carmichael@mailtest.net,Savings,2685.81,4/21/2022,2/15/2023,439,4/27/2023,Deposit,2790.63,5476.44,116,439,22590.85,Auto,1.37,24,3/28/2022,Approved,439,AMEX,11210.17,6172.38,282.21,6/03/2023,6/14/2023,Card payment processed.,Documents reviewed against standard criteria.,4/03/2023,Complaint,Pending,Case closed after review.,Employee Akash Nair is associated with identifier EMP-C00439.
440,Hannah,Wilson,21,Female,"112, Cancun boulevard",San Diego,19863900440,hannah.wilson440@kag.com,Current,12965.15,5/07/2009,5/18/2023,440,10/14/2023,Deposit,524.79,13489.94,100,440,24929.1,Mortgage,1.26,24,7/02/2020,Rejected,440,AMEX,3759.74,916.22,70.69,2/10/2023,10/01/2023,Scheduled transfer completed.,Documents reviewed against standard criteria.,1/15/2023,Complaint,Pending,Case closed after review.,General product information provided.
441,Mark,Jackson,75,Other,"471, Carpenter boulevard",San Diego,12256560441,mark.jackson@kag.com,Current,2585.93,10/10/2022,5/22/2023,441,2/28/2023,Deposit,511.83,3097.76,82,441,32723.42,Auto,8.41,24,10/29/2022,Approved,441,Visa,5797.5,107.08,4.12,3/23/2023,10/15/2023,Interest adjustment posted.,Income assessment completed.,6/27/2023,Complaint,Resolved,Medical case reference MED-00441-30 remains open.,Routine review completed; no concerns recorded.
442,Christopher,Clark,75,Male,"593, Rockham street",Fort Worth,19592600442,christopherclark@mailtest.net,Savings,11968.95,9/07/2016,10/23/2023,442,10/05/2023,Withdrawal,855.87,11113.08,28,442,34567.59,Auto,4.7,24,10/09/2020,Rejected,442,AMEX,13907.95,144.84,4.62,7/15/2023,8/29/2023,Monthly instalment received.,Pooja Jain booked travel with IndiGo to Sydney; booking reference PNRK00442 requires review.,9/05/2023,Complaint,Pending,Request completed successfully.,No follow-up action currently required.
443,Arjun,Garcia,24,Female,"3, Lakeview pass",Bangalore,15343600443,arjun_garcia@mailtest.net,Current,4633.65,4/08/2018,7/08/2023,443,5/20/2023,Withdrawal,3809.06,824.59,94,443,4954.37,Auto,1.55,24,7/21/2023,Approved,443,AMEX,4201.67,2076.17,157.79,3/26/2023,2/10/2023,Scheduled transfer completed.,No additional approval condition recorded.,2/22/2023,Suggestion,Resolved,Case closed after review.,No follow-up action currently required.
444,Priya,Garcia,34,Male,"536, Philadephia lane",Austin,19757730221,priya_garcia221@kag.com,Savings,2583,11/12/2004,4/05/2023,444,2/18/2023,Deposit,992.35,3575.35,60,444,28488.42,Auto,7.34,24,2/05/2022,Closed,444,MasterCard,14992.47,14068.83,578.53,4/12/2023,9/07/2023,"docs chk done, no cust-specific detail noted",No additional approval condition recorded.,8/25/2023,Complaint,Pending,Investigation remains pending.,No follow-up action currently required.
445,Ananya,Sharma,71,Male,"320, Seafarers lane",Bangalore,12389780445,ananya.sharma445@mailtest.net,Current,2602.67,7/24/2005,4/27/2023,445,4/02/2023,Withdrawal,2408.85,193.82,65,445,36341.11,Auto,2.49,60,3/30/2020,Approved,445,AMEX,7426.39,1461.96,39.43,8/27/2023,6/26/2023,Card payment processed.,Booking reference PNRA00445 was flagged for additional review.,10/08/2023,Suggestion,Resolved,Case closed after review.,Routine review completed; no concerns recorded.
446,Charles,Walker,31,Other,"185, Oak boulevard",Toronto,17199230446,charles.walker@mailtest.net,Current,13608.65,1/11/2007,9/17/2023,446,9/13/2023,Deposit,2049.25,15657.9,35,446,21269.97,Mortgage,3.75,12,12/16/2023,Rejected,446,MasterCard,1946.77,1306.41,48.63,2/05/2023,8/09/2023,Interest adjustment posted.,Documents reviewed against standard criteria.,2/27/2023,Complaint,Resolved,Investigation remains pending.,General product information provided.
447,Nancy,Young,71,Male,"190, Philadephia street",New York,12619320447,nancyyoung447@samplebank.com,Savings,5097.43,7/13/2019,5/15/2023,447,4/23/2023,Withdrawal,4290.1,807.33,78,447,31881.44,Auto,7,36,5/14/2021,Closed,447,AMEX,2941.13,2914.58,123.54,10/08/2023,7/07/2023,Cash deposit recorded.,No additional approval condition recorded.,5/30/2023,Praise,Pending,The spouse of Aditi Sen works at BluePeak Consulting.,Routine review completed; no concerns recorded.
448,Amanda,Martin,49,Male,"614, Seafarers court",Charlotte,17232280448,amanda_martin@samplebank.com,Savings,11199.42,4/16/2007,1/17/2023,448,8/23/2023,Deposit,2954.89,14154.31,108,448,44516.33,Auto,2.63,12,9/13/2022,Approved,448,AMEX,6013.88,2169.88,64.17,12/21/2023,3/14/2023,Card payment processed.,No additional approval condition recorded.,10/07/2023,Complaint,Pending,addr/mob update not required; close req pls,General product information provided.
449,Sophia,Williams,75,Male,"229, Columbus avenue",Mumbai,17955350449,sophia.williams@kag.com,Current,4316.22,4/06/2005,10/29/2023,449,2/15/2023,Withdrawal,3698.05,618.17,103,449,49145.95,Auto,7.17,36,5/27/2023,Approved,449,MasterCard,6740.79,4574.4,235.23,9/28/2023,1/30/2023,Card payment processed.,No additional approval condition recorded.,5/11/2023,Complaint,Pending,Booking reference PNRW00449 was flagged for additional review.,General product information provided.
450,Emily,Wright,30,Male,"985, Washington boulevard",Sydney,12139380450,emily.wright@samplebank.com,Current,7200.78,9/20/2006,10/07/2023,450,12/24/2023,Withdrawal,1274.25,5926.53,38,450,40907.18,Auto,7.06,36,9/14/2020,Approved,450,Visa,6835.18,4802.05,353.92,6/02/2023,3/21/2023,Interest adjustment posted.,No additional approval condition recorded.,9/03/2023,Suggestion,Resolved,emp id EMP-A00450 - pls chk before close,General product information provided.
451,Michael,Walker,43,Female,"77, Belford street",Singapore,13528290451,michael_walker@mailtest.net,Current,9054.32,10/01/2008,8/22/2023,451,6/01/2023,Withdrawal,1198.08,7856.24,74,451,1962.42,Personal,7.33,60,2/07/2023,Closed,451,Visa,2598.25,1710.89,127.57,10/28/2023,1/18/2023,Interest adjustment posted.,No additional approval condition recorded.,3/01/2023,Complaint,Pending,Case closed after review.,General product information provided.
452,Samuel,Hall,20,Female,"171, Maple pass",Phoenix,14289730452,samuel.hall452@samplebank.com,Current,2758.03,4/07/2016,11/17/2023,452,2/03/2023,Transfer,2174.7,4932.73,119,452,23278.32,Personal,1.06,48,11/28/2021,Rejected,452,AMEX,5291.47,4567.5,302.02,8/26/2023,11/20/2023,Interest adjustment posted.,Manual review completed.,8/11/2023,Complaint,Resolved,"emp Pooja Reddy, id EMP-C00452; docs not clear",Statement reissue requested.
453,Maria,Williams,59,Other,"138, Cancun drive",Hyderabad,19416630453,mariawilliams@mailtest.net,Current,1658.77,11/26/2019,11/23/2023,453,12/06/2023,Transfer,1134.01,524.76,94,453,7550.98,Auto,5.65,12,2/20/2020,Closed,453,Visa,3844.58,50.54,1.82,2/14/2023,10/02/2023,Card payment processed.,Documents reviewed against standard criteria.,10/23/2023,Complaint,Resolved,Case closed after review.,Transaction TXN-000453-Z was discussed with Akash Desai at the Vertex Systems service desk.
454,Michelle,Brown,56,Male,"67, Rockend court",Chicago,17394380454,michelle.brown454@mailtest.net,Savings,8930.55,2/07/2008,4/14/2023,454,12/21/2023,Transfer,2898.6,6031.95,51,454,44171.71,Auto,2.28,36,5/08/2021,Rejected,454,AMEX,10010.23,6685.61,227.96,2/06/2023,7/09/2023,Cash deposit recorded.,Transaction reference TXN-000454-Z was escalated.,10/18/2023,Suggestion,Pending,Request completed successfully.,No follow-up action currently required.
455,Neha,Smith,54,Male,"31, Woolworths drive",Charlotte,18532500455,neha.smith455@kag.com,Savings,1250.67,11/02/2018,8/20/2023,455,11/14/2023,Transfer,1262.49,2513.16,27,455,12933.01,Auto,3.28,60,3/06/2023,Approved,455,AMEX,6466.31,6198.96,291.23,3/04/2023,10/16/2023,Card payment processed.,Documents reviewed against standard criteria.,1/23/2023,Complaint,Pending,Gaurav Bansal works at TCS Bangalore HQ under employee ID EMP-C00455; office-location review is pending.,General product information provided.
456,Michelle,Carmichael,50,Male,"738, Cancun road",El Paso,14894340456,michelle.carmichael456@mailtest.net,Savings,7523.58,4/30/2015,9/18/2023,456,8/01/2023,Deposit,2293.42,9817,48,456,46799.62,Auto,4.29,48,10/03/2020,Rejected,456,AMEX,6638.73,3496.21,183.69,8/21/2023,5/26/2023,Scheduled transfer completed.,No additional approval condition recorded.,10/13/2023,Suggestion,Resolved,The spouse of Deepak Sen works at Infosys Pune campus.,Routine review completed; no concerns recorded.
457,Emily,Kumar,35,Male,"827, Woolworths drive",Singapore,19516300457,emily.kumar@kag.com,Savings,3943.81,12/28/2021,10/25/2023,457,3/02/2023,Withdrawal,1279.85,2663.96,92,457,30657.53,Auto,3.89,48,1/23/2021,Rejected,457,AMEX,6151.42,728.14,20.67,4/29/2023,11/17/2023,Monthly instalment received.,Income assessment completed.,6/01/2023,Suggestion,Resolved,Investigation remains pending.,Employee Jaya Mehta is associated with identifier EMP-F00457.
458,Richard,Gonzalez,75,Male,"811, Maple avenue",Oklahoma City,18399220003,richard.gonzalez3@mailtest.net,Savings,11588.58,4/02/2017,7/16/2023,458,11/15/2023,Withdrawal,1410.34,10178.24,31,458,31948.42,Mortgage,9.3,24,5/05/2020,Rejected,458,AMEX,13261.7,7650.48,187.92,12/11/2023,9/12/2023,Card payment processed.,Income assessment completed.,6/22/2023,Complaint,Pending,Access restored after standard verification.,No follow-up action currently required.
459,Andrew,Patel,73,Other,"274, Carpenter court",Singapore,13866540459,andrew_patel@demo-finance.com,Current,12409.26,2/14/2008,11/11/2023,459,8/21/2023,Withdrawal,828.02,11581.24,116,459,10720.41,Auto,9.15,12,2/19/2022,Rejected,459,AMEX,9731.14,7402.62,527.49,4/26/2023,6/07/2023,Scheduled transfer completed.,No additional approval condition recorded.,8/02/2023,Complaint,Pending,Request completed successfully.,Routine review completed; no concerns recorded.
460,Robert,Baker,52,Female,"250, Maple lane",Los Angeles,14344960460,robertbaker@samplebank.com,Savings,13479.41,8/01/2007,2/26/2023,460,2/15/2023,Withdrawal,4016.95,9462.46,42,460,29365.08,Mortgage,8.3,36,2/05/2020,Approved,460,MasterCard,13843.29,2189.29,82.31,10/06/2023,2/04/2023,Shreya Das is recorded as working at BluePeak Consulting.,No additional approval condition recorded.,1/07/2023,Complaint,Resolved,Request completed successfully.,General product information provided.
461,Christopher,Wilson,20,Female,"180, Washington avenue",Boston,12054480461,christopher.wilson@mailtest.net,Current,8051.63,8/11/2013,3/02/2023,461,1/14/2023,Transfer,1280.81,6770.82,119,461,15447.35,Auto,5.96,60,11/26/2021,Approved,461,AMEX,9238.45,4357.71,267.04,2/12/2023,9/27/2023,Scheduled transfer completed.,Documents reviewed against standard criteria.,8/21/2023,Complaint,Pending,Employee identifier EMP-D00461 requires manual verification.,Statement reissue requested.
462,James,Taylor,24,Other,"159, Rockpart court",London,15379530462,james_taylor@kag.com,Savings,7269.39,10/29/2013,9/21/2023,462,8/05/2023,Withdrawal,808.02,6461.37,13,462,11535.9,Mortgage,8.62,12,4/11/2021,Closed,462,Visa,4733.65,4147.77,208.56,9/23/2023,2/07/2023,Scheduled transfer completed.,Manual review completed.,8/28/2023,Complaint,Resolved,Investigation remains pending.,Routine review completed; no concerns recorded.
463,Vikram,Hall,68,Other,"601, Oak lane",Portland,17568080463,vikram_hall@mailtest.net,Current,3088.85,3/12/2019,10/14/2023,463,12/14/2023,Withdrawal,4455.59,-1366.74,62,463,1897.1,Auto,6.85,48,10/06/2020,Approved,463,AMEX,9397.52,4786.84,373.22,3/06/2023,11/11/2023,Employee Raj Iyer is associated with identifier EMP-D00463.,No additional approval condition recorded.,6/20/2023,Praise,Resolved,Access restored after standard verification.,No follow-up action currently required.
464,George,Wilson,77,Other,"507, Mount View avenue",Dallas,13686060464,george.wilson@kag.com,Savings,1853.28,1/09/2017,11/17/2023,464,12/06/2023,Withdrawal,4864.28,-3011,12,464,37169.67,Personal,8.21,12,7/26/2023,Rejected,464,AMEX,3461.6,691.42,19.57,6/16/2023,1/29/2023,Card payment processed.,Income assessment completed.,6/13/2023,Praise,Pending,"Cindy Iyer flying Emirates to Toronto, pnr PNRL00464; cust msg recd",Routine review completed; no concerns recorded.
465,Michael,Davis,44,Female,"874, Rockham boulevard",Pune,12068100465,michael_davis465@samplebank.com,Savings,10062.67,5/16/2004,3/18/2023,465,5/17/2023,Deposit,1518.74,11581.41,22,465,14637.28,Personal,8.92,36,9/25/2022,Approved,465,AMEX,8492.68,5251.38,313.01,2/03/2023,5/04/2023,Scheduled transfer completed.,Documents reviewed against standard criteria.,6/09/2023,Suggestion,Pending,Booking reference PNRP00465 was flagged for additional review.,General product information provided.
466,Neha,Wright,74,Male,"913, Chandler pass",Houston,12487830466,neha.wright@mailtest.net,Savings,12285.78,5/15/2020,7/17/2023,466,1/04/2023,Withdrawal,2917.94,9367.84,23,466,23983.66,Auto,6.57,36,2/06/2021,Rejected,466,Visa,11765.75,9260.16,441.98,11/12/2023,2/02/2023,Cash deposit recorded.,Manual review completed.,8/28/2023,Complaint,Resolved,Case closed after review.,Kabir Das is recorded as working at Vertex Systems.
467,Mary,Thomas,20,Male,"956, Woolworths street",London,15738540467,mary.thomas@demo-finance.com,Current,12044.67,10/08/2020,5/06/2023,467,6/29/2023,Deposit,3853.23,15897.9,80,467,23290.17,Personal,9.41,36,3/13/2022,Closed,467,AMEX,3429.65,1950.11,81.2,12/06/2023,4/06/2023,Scheduled transfer completed.,Documents reviewed against standard criteria.,1/22/2023,Suggestion,Pending,Investigation remains pending.,Medical case reference MED-00467-44 remains open.
468,Aarav,Torres,24,Female,"887, Washington pass",Dallas,16584770468,aarav.torres468@samplebank.com,Current,12994.7,11/24/2018,2/20/2023,468,6/20/2023,Transfer,3242.08,9752.62,115,468,13228.18,Auto,5.75,36,10/26/2022,Rejected,468,Visa,13916.29,3521.02,156.92,11/22/2023,6/09/2023,Interest adjustment posted.,No additional approval condition recorded.,4/27/2023,Praise,Resolved,txn ref TXN-000468-Z needs manual chk,General product information provided.
469,Amelia,Smith,65,Female,"771, Rockham boulevard",New York,18457960469,ameliasmith@kag.com,Savings,12133.58,1/04/2004,5/17/2023,469,2/15/2023,Deposit,43.9,12177.48,12,469,11960.05,Mortgage,3.78,12,6/06/2020,Approved,469,MasterCard,5362,2555.4,196.88,12/24/2023,1/28/2023,Scheduled transfer completed.,No additional approval condition recorded.,10/11/2023,Praise,Pending,"txn reviewed - nothing unusual, no follow-up reqd",Routine review completed; no concerns recorded.
470,Deepa,Sharma,33,Female,"11, Wanderer avenue",Philadelphia,12753050470,deepa_sharma470@kag.com,Current,7955.48,10/15/2004,5/10/2023,470,2/14/2023,Deposit,1018.58,8974.06,7,470,15648.92,Mortgage,1.63,36,8/01/2020,Approved,470,Visa,4502.79,4031.98,268.73,12/23/2023,1/21/2023,Card payment processed.,Manual review completed.,1/25/2023,Praise,Resolved,Employee identifier EMP-H00470 requires manual verification.,General product information provided.
471,Isabella,Miller,35,Other,"734, Meadow lane",Seattle,12668900471,isabella.miller471@demo-finance.com,Current,4855.17,7/14/2019,11/22/2023,471,1/12/2023,Deposit,897.3,5752.47,59,471,6655.46,Mortgage,2.39,24,1/18/2023,Approved,471,AMEX,6593.55,5591.09,198.61,4/29/2023,12/22/2023,Scheduled transfer completed.,Income assessment completed.,9/05/2023,Praise,Resolved,Case closed after review.,Routine review completed; no concerns recorded.
472,Mohammed,Young,59,Female,"30, Park drive",Los Angeles,12819350472,mohammed.young@demo-finance.com,Savings,9453.4,12/21/2004,12/11/2023,472,10/07/2023,Withdrawal,1841.14,7612.26,51,472,2904.66,Mortgage,9.27,48,12/19/2021,Rejected,472,AMEX,9546.32,9030.36,240.51,4/05/2023,10/14/2023,Employee identifier EMP-D00472 requires manual verification.,Documents reviewed against standard criteria.,3/01/2023,Complaint,Resolved,Request completed successfully.,Statement reissue requested.
473,Sarah,Wilson,37,Male,"640, Zeelandia street",Mumbai,14429710473,sarah.wilson@demo-finance.com,Current,740.82,11/13/2011,1/13/2023,473,8/31/2023,Transfer,418.51,322.31,59,473,15988.84,Auto,7.98,12,5/15/2023,Approved,473,Visa,11833.14,3259.63,260.51,7/03/2023,7/24/2023,Transaction TXN-000473-Y was discussed with Nikhil Desai at the Vertex Systems service desk.,Documents reviewed against standard criteria.,10/04/2023,Complaint,Resolved,Investigation remains pending.,No follow-up action currently required.
474,William,Thomas,67,Female,"142, Wanderer court",Toronto,12614430474,william.thomas474@kag.com,Savings,14190.39,10/24/2010,5/20/2023,474,7/03/2023,Withdrawal,641.71,13548.68,113,474,32905.3,Auto,6.09,12,11/02/2023,Rejected,474,AMEX,11871.77,7462.65,199.26,8/26/2023,8/31/2023,Cash deposit recorded.,Documents reviewed against standard criteria.,11/03/2023,Praise,Resolved,Case closed after review.,Travel request for Elena Kumar is linked to booking PNRY00474.
475,Priya,Kumar,18,Other,"582, Lakeview boulevard",Toronto,19296020305,priya.kumar@mailtest.net,Current,3404.43,10/23/2015,11/23/2023,475,5/03/2023,Deposit,4229.89,7634.32,63,475,47320.06,Auto,6.93,48,12/22/2023,Rejected,475,MasterCard,12619.33,6107.79,427.18,4/12/2023,6/05/2023,The spouse of Gaurav Roy works at Acme Analytics.,Documents reviewed against standard criteria.,2/28/2023,Praise,Resolved,Request completed successfully.,General product information provided.
476,Aarav,Walker,45,Male,"737, Cedar road",Columbus,14408230476,aarav.walker@kag.com,Savings,8894.47,2/10/2018,8/14/2023,476,9/05/2023,Withdrawal,4956.85,3937.62,41,476,9932.19,Personal,5.7,12,10/21/2023,Rejected,476,AMEX,14686.96,10514.87,383.01,4/29/2023,3/08/2023,Monthly instalment received.,emp id EMP-A00476 - pls chk before close,6/01/2023,Complaint,Resolved,Case closed after review.,No follow-up action currently required.
477,Aisha,Moore,20,Male,"765, Airport pass",Hyderabad,18669800477,aishamoore477@mailtest.net,Savings,5685.3,3/01/2019,2/16/2023,477,7/24/2023,Withdrawal,2452.3,3233,10,477,19860.63,Personal,4.27,36,4/22/2021,Closed,477,Visa,8709.28,494.26,23.63,1/01/2023,8/27/2023,Card payment processed.,Income assessment completed.,9/21/2023,Complaint,Pending,txn TXN-000477-Z discussed w/ Anil Mehta at Infosys Pune campus; pls upd case,Routine review completed; no concerns recorded.
478,Raj,Young,44,Female,"269, Belford drive",Denver,15344810478,raj_young@demo-finance.com,Current,1824.99,8/05/2004,4/27/2023,478,5/16/2023,Deposit,2812.09,4637.08,99,478,11081.51,Mortgage,2.83,12,10/09/2022,Approved,478,Visa,4998.58,487.66,21.87,4/24/2023,12/03/2023,Card payment processed.,Manual review completed.,10/03/2023,Praise,Pending,Request completed successfully.,"txn reviewed - nothing unusual, no follow-up reqd"
479,Richard,Jackson,41,Other,"557, Rockpart drive",Portland,12506810479,richardjackson@kag.com,Savings,7481.85,2/13/2014,7/25/2023,479,4/13/2023,Transfer,4318.64,11800.49,8,479,2010.73,Mortgage,7.32,12,4/03/2022,Approved,479,AMEX,9126.47,8785.32,423.35,7/01/2023,7/19/2023,Cash deposit recorded.,Income assessment completed.,9/11/2023,Suggestion,Pending,Access restored after standard verification.,No follow-up action currently required.
480,Mohammed,Rodriguez,23,Male,"478, Mount View street",Phoenix,19283320480,mohammed.rodriguez480@demo-finance.com,Savings,13181.22,4/01/2010,10/23/2023,480,5/05/2023,Deposit,2546.26,15727.48,65,480,14780.09,Auto,1.92,12,1/22/2021,Rejected,480,MasterCard,7414.92,2057.5,88.73,3/05/2023,3/29/2023,Cash deposit recorded.,Documents reviewed against standard criteria.,7/27/2023,Praise,Pending,Investigation remains pending.,No follow-up action currently required.
481,Anthony,Gupta,60,Female,"784, Jaliso Springs boulevard",Sydney,15772240481,anthony_gupta@kag.com,Current,6110.24,7/31/2009,10/18/2023,481,8/17/2023,Withdrawal,4275.86,1834.38,81,481,20989.54,Auto,3.59,12,8/08/2021,Rejected,481,MasterCard,8612.48,2894.13,208.48,7/12/2023,12/25/2023,Interest adjustment posted.,Documents reviewed against standard criteria.,2/17/2023,Praise,Pending,Access restored after standard verification.,Routine review completed; no concerns recorded.
482,Fatima,Jackson,27,Female,"674, Mount View lane",Portland,13194830482,fatima_jackson@mailtest.net,Savings,7353,1/31/2005,11/13/2023,482,7/18/2023,Withdrawal,416.3,6936.7,51,482,44112.69,Mortgage,7.7,36,3/21/2022,Approved,482,AMEX,6455.93,2598.43,54.41,8/29/2023,10/09/2023,Cash deposit recorded.,Income assessment completed.,11/29/2023,Praise,Pending,Access restored after standard verification.,No follow-up action currently required.
483,David,Jackson,53,Other,"818, Rockpart lane",Hyderabad,15377630483,davidjackson@mailtest.net,Current,6847.86,11/13/2005,7/10/2023,483,8/04/2023,Withdrawal,3780.55,3067.31,22,483,23868.89,Auto,7.91,24,11/02/2020,Closed,483,MasterCard,7677.42,1048.1,28.68,3/31/2023,3/24/2023,Monthly instalment received.,Medical case reference MED-00483-42 remains open.,8/15/2023,Complaint,Pending,Case closed after review.,Routine review completed; no concerns recorded.
484,Edward,Carmichael,67,Male,"276, Oak avenue",Bangalore,14749460484,edward.carmichael484@mailtest.net,Savings,3074.39,3/12/2018,5/17/2023,484,1/04/2023,Deposit,3786.16,6860.55,67,484,21308.97,Auto,2.11,36,9/27/2022,Approved,484,AMEX,9545.18,6218.68,147.34,2/20/2023,5/26/2023,Monthly instalment received.,No additional approval condition recorded.,11/18/2023,Suggestion,Resolved,Case closed after review.,Medical case reference MED-00484-57 remains open.
485,Edward,Williams,74,Female,"784, Airport boulevard",Chicago,19432300485,edward_williams@kag.com,Current,6440.76,3/29/2010,1/20/2023,485,8/01/2023,Deposit,948.41,7389.17,17,485,45561.46,Personal,7.93,60,7/12/2020,Approved,485,Visa,9766.96,4334.94,261.36,3/23/2023,2/25/2023,Cash deposit recorded.,Documents reviewed against standard criteria.,10/21/2023,Praise,Resolved,Access restored after standard verification.,Routine review completed; no concerns recorded.
486,William,Shah,64,Female,"293, Meadow pass",Toronto,12332750486,william.shah486@demo-finance.com,Savings,7246.78,10/08/2013,5/11/2023,486,7/01/2023,Deposit,4518.65,11765.43,103,486,48837.81,Personal,2.04,24,1/01/2022,Approved,486,AMEX,6594.59,2045.22,55.91,5/31/2023,7/14/2023,Interest adjustment posted.,No additional approval condition recorded.,1/28/2023,Complaint,Resolved,Employee identifier EMP-C00486 requires manual verification.,General product information provided.
487,Arjun,Carmichael,54,Male,"108, Park road",Chicago,14066360002,arjuncarmichael@mailtest.net,Current,8937.6,3/21/2006,11/08/2023,487,3/01/2023,Withdrawal,4444.7,4492.9,87,487,45824.87,Auto,2,48,12/18/2020,Approved,487,AMEX,4033.64,2582.19,118.49,10/06/2023,8/19/2023,Card payment processed.,Income assessment completed.,3/11/2023,Praise,Pending,Access restored after standard verification.,"txn reviewed - nothing unusual, no follow-up reqd"
488,Aisha,Jones,33,Female,"553, Oak lane",Philadelphia,17005780488,aisha.jones@mailtest.net,Current,9361.54,1/15/2008,8/19/2023,488,9/01/2023,Withdrawal,3028.8,6332.74,106,488,19354.35,Mortgage,1.81,36,6/07/2021,Rejected,488,AMEX,10130.83,3426.15,92.86,8/21/2023,8/03/2023,Interest adjustment posted.,No additional approval condition recorded.,9/19/2023,Complaint,Resolved,Investigation remains pending.,General product information provided.
489,Sarah,Singh,20,Other,"907, Columbus court",Columbus,15165470489,sarahsingh@samplebank.com,Current,4977.18,3/25/2005,7/04/2023,489,7/17/2023,Transfer,1697.51,3279.67,61,489,33248.12,Auto,3.2,24,9/26/2020,Approved,489,Visa,6667.03,5519.54,381.59,3/11/2023,6/14/2023,Cash deposit recorded.,Income assessment completed.,10/26/2023,Praise,Resolved,Employee Amit Saxena is associated with identifier EMP-F00489.,Statement reissue requested.
490,Hannah,Torres,55,Female,"238, Washington pass",New York,12059300490,hannah.torres@kag.com,Savings,8820.9,4/09/2022,9/14/2023,490,1/22/2023,Deposit,3111.52,11932.42,4,490,4345.91,Auto,4.13,24,3/04/2023,Closed,490,AMEX,14133.07,13532.64,427.24,6/21/2023,11/11/2023,Card payment processed.,No additional approval condition recorded.,1/20/2023,Praise,Resolved,Cindy Saxena booked travel with British Airways to Toronto; booking reference PNRP00490 requires review.,Routine review completed; no concerns recorded.
491,Zara,Nelson,68,Other,"36, Chandler avenue",Orlando,14274360491,zaranelson@mailtest.net,Current,4652.43,5/19/2010,12/26/2023,491,7/21/2023,Withdrawal,4631.43,21,59,491,20958.48,Auto,3.43,48,12/20/2021,Rejected,491,MasterCard,5778.82,2337.06,161.73,6/04/2023,8/18/2023,Cash deposit recorded.,No additional approval condition recorded.,12/08/2023,Complaint,Resolved,Investigation remains pending.,General product information provided.
492,James,Harris,70,Female,"99, Box lane",Columbus,19574170492,jamesharris492@kag.com,Savings,13284.46,6/25/2016,12/07/2023,492,7/06/2023,Deposit,2098.46,15382.92,7,492,1225.28,Auto,4.26,24,2/12/2021,Closed,492,Visa,5225.91,4419.49,88.4,6/27/2023,7/31/2023,"docs chk done, no cust-specific detail noted",No additional approval condition recorded.,3/19/2023,Suggestion,Pending,Investigation remains pending.,No follow-up action currently required.
493,Emma,Johnson,35,Male,"464, Philadephia boulevard",Chicago,18932350493,emma.johnson493@samplebank.com,Savings,5919.18,2/27/2019,9/05/2023,493,1/15/2023,Withdrawal,2422.69,3496.49,49,493,49982.4,Auto,8.19,36,2/18/2022,Approved,493,AMEX,8664.9,607.78,33.9,8/12/2023,7/02/2023,Monthly instalment received.,Income assessment completed.,6/30/2023,Complaint,Pending,Investigation remains pending.,Travel request for Elena Bansal is linked to booking PNRP00493.
494,Neha,Wilson,38,Other,"337, Viewmount boulevard",Denver,15619720494,neha.wilson@mailtest.net,Savings,9334.14,8/08/2019,2/15/2023,494,5/06/2023,Withdrawal,785.36,8548.78,68,494,28018.51,Auto,4.46,60,6/15/2022,Rejected,494,MasterCard,2067.57,544.6,27.65,10/20/2023,12/11/2023,Interest adjustment posted.,No additional approval condition recorded.,10/21/2023,Suggestion,Pending,Nikhil Iyer booked travel with Emirates to Bangalore; booking reference PNRM00494 requires review.,No follow-up action currently required.
495,Mary,Patel,74,Female,"136, Cedar court",New Delhi,18582250495,mary.patel@kag.com,Current,4563.63,7/08/2020,1/15/2023,495,1/04/2023,Deposit,4386.09,8949.72,9,495,15073.12,Mortgage,1.05,60,8/06/2020,Closed,495,Visa,13353.53,7136.78,556.2,1/20/2023,4/08/2023,Monthly instalment received.,"docs chk done, no cust-specific detail noted",9/25/2023,Praise,Pending,Case closed after review.,Routine review completed; no concerns recorded.
496,Susan,Baker,30,Female,"301, Woolworths pass",Bangalore,12383860496,susan.baker@samplebank.com,Savings,11941.71,10/30/2014,10/31/2023,496,9/12/2023,Transfer,3828.15,8113.56,75,496,48224.25,Auto,4.21,12,1/23/2022,Rejected,496,MasterCard,2596.34,2410.03,132.24,2/18/2023,1/09/2023,Cash deposit recorded.,"docs chk done, no cust-specific detail noted",12/18/2023,Complaint,Pending,Request completed successfully.,General product information provided.
497,Edward,Thomas,45,Other,"355, Belford lane",El Paso,16183010497,edward.thomas497@demo-finance.com,Current,12004.61,4/05/2018,3/04/2023,497,6/24/2023,Deposit,818.56,12823.17,14,497,7187.51,Auto,1.81,12,5/26/2022,Rejected,497,Visa,3368.29,230.19,14.03,4/02/2023,6/30/2023,Interest adjustment posted.,Income assessment completed.,10/28/2023,Complaint,Resolved,Transaction reference TXN-000497-Z was escalated.,No follow-up action currently required.
498,Priya,Martinez,66,Female,"847, Washington street",Louisville,12846800498,priya.martinez@samplebank.com,Savings,14015.38,8/27/2012,7/13/2023,498,12/12/2023,Deposit,4878.91,18894.29,25,498,37586.12,Mortgage,5.96,12,8/02/2022,Rejected,498,Visa,4183.62,1811.35,56.66,11/30/2023,11/08/2023,Cash deposit recorded.,No additional approval condition recorded.,5/20/2023,Complaint,Resolved,Case closed after review.,General product information provided.
499,Susan,Young,29,Female,"72, Airport avenue",Bangalore,19749660499,susanyoung@kag.com,Current,7898.9,2/25/2021,3/02/2023,499,7/05/2023,Deposit,4218.67,12117.57,56,499,47651.3,Auto,9.35,36,9/10/2020,Closed,499,MasterCard,9148.34,6892.88,270.7,5/08/2023,3/02/2023,Cash deposit recorded.,Income assessment completed.,12/12/2023,Praise,Resolved,Access restored after standard verification.,Employee Nikhil Sen is associated with identifier EMP-G00499.
500,Samuel,Lewis,69,Female,"530, Columbus boulevard",Sydney,17673640500,samuel.lewis500@kag.com,Savings,5226.81,4/13/2015,3/04/2023,500,7/16/2023,Transfer,2433.42,2793.39,14,500,5864.19,Mortgage,6.01,48,5/12/2023,Approved,500,Visa,3509.99,2323.49,167.17,2/28/2023,1/24/2023,Cash deposit recorded.,Documents reviewed against standard criteria.,6/24/2023,Praise,Pending,Booking reference PNRW00500 was flagged for additional review.,Routine review completed; no concerns recorded.
501,Deepa,Miller,65,Female,"194, Columbus street",New York,12578870501,deepa.miller@kag.com,Savings,7853.15,4/25/2015,12/01/2023,501,1/24/2023,Deposit,1910.88,9764.03,31,501,37627.79,Personal,2.15,48,10/12/2020,Approved,501,AMEX,5724.42,2384.36,87.49,12/27/2023,6/09/2023,Interest adjustment posted.,Manual review completed.,3/24/2023,Praise,Resolved,Investigation remains pending.,Employee Kabir Sen is associated with identifier EMP-B00501.
502,Arjun,Young,57,Other,"203, Cancun drive",Los Angeles,14212220502,arjun.young502@demo-finance.com,Savings,14301.87,7/13/2014,7/18/2023,502,5/20/2023,Withdrawal,3736.68,10565.19,91,502,22264.56,Auto,1.87,12,10/29/2023,Approved,502,MasterCard,12809.68,9775.59,677.31,2/17/2023,4/28/2023,Medical case reference MED-00502-16 remains open.,Documents reviewed against standard criteria.,7/18/2023,Complaint,Resolved,Access restored after standard verification.,Statement reissue requested.
503,Richard,Moore,20,Female,"580, Meadow road",Louisville,15462470503,richard.moore@demo-finance.com,Current,9625.47,2/10/2010,9/18/2023,503,8/06/2023,Withdrawal,1249.66,8375.81,5,503,20248.95,Mortgage,6,36,6/21/2022,Rejected,503,AMEX,6683.08,5702.91,401.17,10/13/2023,9/19/2023,Card payment processed.,Income assessment completed.,10/09/2023,Praise,Resolved,Request completed successfully.,Travel request for Kabir Khanna is linked to booking PNRQ00503.
504,Mary,Shah,46,Male,"628, Zeelandia street",Singapore,19724330504,maryshah@kag.com,Current,14660.36,1/27/2006,6/23/2023,504,10/02/2023,Deposit,1647.85,16308.21,77,504,48704.62,Auto,1.16,48,3/10/2022,Closed,504,MasterCard,12071.02,4798.96,208.89,11/26/2023,10/06/2023,The spouse of Amit Das works at Acme Analytics.,No additional approval condition recorded.,2/16/2023,Suggestion,Resolved,Investigation remains pending.,Statement reissue requested.
505,Fatima,Robinson,29,Male,"634, Pine boulevard",San Diego,15973560505,fatima.robinson@mailtest.net,Current,2383.57,9/15/2006,8/26/2023,505,12/23/2023,Withdrawal,3041.38,-657.81,72,505,7824.06,Personal,6.07,24,5/08/2020,Closed,505,MasterCard,12588.27,8406.88,280.31,11/14/2023,5/28/2023,Travel request for Tanvi Desai is linked to booking PNRL00505.,Documents reviewed against standard criteria.,10/25/2023,Suggestion,Resolved,Access restored after standard verification.,Routine review completed; no concerns recorded.
506,Amelia,Robinson,36,Other,"699, Philadephia court",Dallas,12823080506,ameliarobinson@demo-finance.com,Current,7234.18,2/19/2014,3/19/2023,506,6/23/2023,Transfer,2356.62,9590.8,80,506,28017.9,Auto,2.46,24,7/26/2022,Closed,506,AMEX,4330.61,3389.11,264.01,10/05/2023,5/24/2023,Employee identifier EMP-B00506 requires manual verification.,Documents reviewed against standard criteria.,10/17/2023,Complaint,Pending,Case closed after review.,General product information provided.
507,Carlos,Baker,66,Other,"8, Belford lane",Mumbai,12134130507,carlos.baker@mailtest.net,Savings,12224.09,8/11/2006,3/21/2023,507,4/23/2023,Withdrawal,490.39,11733.7,114,507,46659.37,Auto,1.5,12,7/04/2020,Rejected,507,AMEX,5973.33,5752.73,350.7,6/17/2023,1/25/2023,Gaurav Roy visited St Joseph medical centre for oncology consultation; medical reference MED-00507-32 remains active.,Documents reviewed against standard criteria.,8/06/2023,Complaint,Resolved,Case closed after review.,General product information provided.
508,Hannah,Mitchell,65,Female,"520, Ironsmith drive",Denver,14814720508,hannah.mitchell@kag.com,Current,13781.08,7/30/2005,11/21/2023,508,2/04/2023,Deposit,490.91,14271.99,73,508,41466.31,Mortgage,8.22,60,10/15/2023,Rejected,508,Visa,11301.89,8140.47,500.86,12/11/2023,11/20/2023,Cash deposit recorded.,No additional approval condition recorded.,4/20/2023,Complaint,Pending,Request completed successfully.,No follow-up action currently required.
509,Mary,Mitchell,73,Other,"456, Jaliso Springs road",London,18846580509,mary.mitchell509@mailtest.net,Current,13205.7,9/26/2020,8/22/2023,509,2/11/2023,Withdrawal,1337.79,11867.91,110,509,33814.68,Mortgage,1.69,36,6/26/2021,Rejected,509,AMEX,12466.83,4288.33,284.97,12/31/2023,5/07/2023,Interest adjustment posted.,Manual review completed.,9/30/2023,Complaint,Resolved,Request completed successfully.,Medical case reference MED-00509-25 remains open.
510,Vikram,Taylor,61,Male,"9, Seafarers avenue",Singapore,12003290510,vikramtaylor510@demo-finance.com,Current,7706.48,6/09/2010,5/04/2023,510,2/21/2023,Transfer,1314.35,9020.83,62,510,6936.01,Auto,2.31,48,11/26/2023,Approved,510,AMEX,14130.98,2952.8,60.39,11/03/2023,2/09/2023,Cash deposit recorded.,Transaction TXN-000510-X was discussed with Raj Roy at the Infosys Pune campus service desk.,6/05/2023,Suggestion,Resolved,Investigation remains pending.,General product information provided.
511,Amelia,Adams,58,Other,"290, Rockend court",New York,18893350511,ameliaadams@kag.com,Current,6255.99,4/26/2021,8/05/2023,511,10/26/2023,Withdrawal,308.24,5947.75,51,511,12502.76,Mortgage,3.2,60,1/27/2022,Approved,511,AMEX,13478.19,11372,816.41,12/18/2023,9/15/2023,Interest adjustment posted.,Income assessment completed.,6/02/2023,Complaint,Resolved,Investigation remains pending.,Employee identifier EMP-B00511 requires manual verification.
512,Nancy,Garcia,56,Female,"112, Carpenter lane",Philadelphia,17537240512,nancygarcia512@samplebank.com,Current,12988.41,6/14/2014,4/18/2023,512,11/18/2023,Deposit,4706.13,17694.54,113,512,7781.39,Personal,5.56,24,2/28/2022,Closed,512,AMEX,3521.36,3315.58,174.39,3/23/2023,2/09/2023,Scheduled transfer completed.,Documents reviewed against standard criteria.,1/05/2023,Praise,Resolved,"emp Alisha Saxena @ Acme Analytics, emp id EMP-F00512; addr/mob chk pending",Statement reissue requested.
513,Michael,Lewis,59,Male,"192, Columbus drive",Philadelphia,17429070513,michael.lewis@kag.com,Savings,12443.49,6/18/2007,4/02/2023,513,11/19/2023,Deposit,1251.51,13695,80,513,47845.35,Auto,6.34,12,9/12/2021,Closed,513,Visa,10596.08,5806.12,260.43,2/11/2023,7/05/2023,Scheduled transfer completed.,Documents reviewed against standard criteria.,10/17/2023,Suggestion,Resolved,Booking reference PNRP00513 was flagged for additional review.,No follow-up action currently required.
514,Arjun,Gonzalez,31,Other,"159, Columbus road",Portland,12647670514,arjun.gonzalez@demo-finance.com,Savings,11748.55,3/05/2021,6/22/2023,514,11/25/2023,Withdrawal,3416.41,8332.14,120,514,42065.46,Mortgage,9.19,36,2/11/2022,Approved,514,MasterCard,3257.95,241.8,5.5,11/02/2023,12/27/2023,Interest adjustment posted.,Income assessment completed.,10/09/2023,Praise,Pending,Investigation remains pending.,Medical case reference MED-00514-18 remains open.
515,Priya,White,72,Male,"370, Cancun court",Chicago,15099720515,priya.white@samplebank.com,Savings,4942.31,4/06/2005,3/03/2023,515,1/02/2023,Withdrawal,3382.17,1560.14,4,515,28357.38,Personal,4.12,60,3/02/2020,Approved,515,AMEX,14818.41,13552.85,1002.75,12/18/2023,5/27/2023,"bkng ref PNRR00515, cust asking for update",Manual review completed.,3/21/2023,Praise,Pending,Case closed after review.,No follow-up action currently required.
516,Sophia,Smith,34,Male,"297, Wanderer boulevard",New York,18457800516,sophia_smith@samplebank.com,Savings,888.83,11/02/2008,9/02/2023,516,6/04/2023,Withdrawal,2616.79,-1727.96,110,516,11793.19,Personal,1.92,24,7/21/2023,Approved,516,AMEX,12112.44,4197.14,195.78,12/07/2023,12/17/2023,Scheduled transfer completed.,Transaction reference TXN-000516-Y was escalated.,2/26/2023,Complaint,Resolved,Request completed successfully.,General product information provided.
517,Amelia,Martinez,60,Other,"246, Rockpart street",Pune,19214710517,amelia.martinez517@demo-finance.com,Savings,10551.53,11/07/2018,6/18/2023,517,2/11/2023,Withdrawal,4853.07,5698.46,92,517,47269.62,Personal,8.39,48,1/06/2023,Closed,517,MasterCard,10697.87,229.35,13.88,7/04/2023,10/07/2023,Cash deposit recorded.,No additional approval condition recorded.,5/29/2023,Complaint,Pending,Access restored after standard verification.,No follow-up action currently required.
518,Anthony,Wilson,46,Other,"863, Maple pass",Boston,12752710518,anthony.wilson518@samplebank.com,Savings,10990.56,11/06/2007,5/20/2023,518,6/18/2023,Deposit,4077.28,15067.84,64,518,1445.75,Personal,2.93,24,3/10/2021,Approved,518,MasterCard,14304.18,774.9,50.39,8/30/2023,6/29/2023,Monthly instalment received.,Manual review completed.,5/14/2023,Complaint,Pending,Investigation remains pending.,No follow-up action currently required.
519,Amelia,Smith,30,Male,"771, Rockham boulevard",New York,18457960469,ameliasmith@kag.com,Savings,2956.17,11/24/2019,2/15/2023,519,5/15/2023,Deposit,1428.45,4384.62,15,519,11725.68,Personal,1.73,24,2/28/2021,Approved,519,AMEX,6444.27,4662.01,105.77,11/02/2023,1/25/2023,Cash deposit recorded.,Manual review completed.,6/29/2023,Complaint,Pending,Request completed successfully.,No follow-up action currently required.
520,Samuel,Young,43,Male,"588, Rockend boulevard",Dallas,13975840520,samuelyoung@demo-finance.com,Savings,4423,4/27/2004,10/24/2023,520,12/13/2023,Deposit,4415.79,8838.79,116,520,27456.77,Auto,5.7,12,1/14/2021,Rejected,520,MasterCard,8394.75,779.84,22.31,5/31/2023,1/04/2023,Monthly instalment received.,Employee Harish Iyer is associated with identifier EMP-F00520.,4/29/2023,Praise,Pending,Investigation remains pending.,General product information provided.
521,Raj,Baker,18,Other,"86, Smithford court",Toronto,17618050521,rajbaker@mailtest.net,Current,2605.63,1/28/2022,1/13/2023,521,3/19/2023,Deposit,633.95,3239.58,39,521,44052.53,Mortgage,2.29,60,12/25/2020,Rejected,521,AMEX,7907.81,7487.51,297.88,10/07/2023,6/23/2023,Scheduled transfer completed.,Income assessment completed.,4/05/2023,Complaint,Resolved,"pt Anil Khanna at Narayana Health centre, medicaltreatment; med ref MED-00521-56, pls follow up",General product information provided.
522,Nancy,Williams,26,Other,"697, Rockpart lane",El Paso,19282550522,nancy.williams@samplebank.com,Savings,9687.6,3/16/2017,2/19/2023,522,11/20/2023,Withdrawal,1223.8,8463.8,100,522,6428.66,Mortgage,5.65,48,7/02/2022,Rejected,522,AMEX,4761.63,565.46,13.23,4/15/2023,1/02/2023,Monthly instalment received.,Manual review completed.,12/24/2023,Complaint,Pending,Investigation remains pending.,Routine review completed; no concerns recorded.
523,Christopher,White,18,Other,"916, Riverside court",Oklahoma City,13636060523,christopher.white@demo-finance.com,Savings,4337.2,3/07/2020,11/14/2023,523,12/23/2023,Deposit,3907.31,8244.51,69,523,20028.41,Mortgage,1.55,24,9/04/2022,Closed,523,AMEX,12868.44,3289,139.54,1/26/2023,11/18/2023,Scheduled transfer completed.,Manual review completed.,3/20/2023,Complaint,Pending,Request completed successfully.,"docs chk done, no cust-specific detail noted"
524,Amanda,Johnson,22,Female,"632, Zeelandia lane",Charlotte,14479590524,amandajohnson524@mailtest.net,Current,9498.17,8/16/2016,10/11/2023,524,4/03/2023,Deposit,1531.27,11029.44,77,524,26612.73,Personal,6.82,36,12/21/2020,Rejected,524,AMEX,3725.02,1793.06,134.92,9/10/2023,5/09/2023,Card payment processed.,Documents reviewed against standard criteria.,6/19/2023,Praise,Resolved,Booking reference PNRV00524 was flagged for additional review.,Routine review completed; no concerns recorded.
525,Rahul,Ramirez,19,Male,"555, Carpenter lane",Louisville,16628680525,rahul_ramirez525@mailtest.net,Current,4951.23,8/12/2005,9/12/2023,525,7/26/2023,Deposit,923.45,5874.68,103,525,10450.67,Personal,3.15,36,3/15/2021,Approved,525,Visa,10530.35,3267.71,151.74,2/06/2023,4/22/2023,Scheduled transfer completed.,Documents reviewed against standard criteria.,3/27/2023,Suggestion,Resolved,Booking reference PNRK00525 was flagged for additional review.,Routine review completed; no concerns recorded.
526,Thomas,Perez,26,Other,"528, Cedar lane",New York,18849190526,thomas_perez@kag.com,Savings,2673.74,9/23/2017,9/13/2023,526,2/03/2023,Deposit,4010.54,6684.28,112,526,7131.36,Auto,7.7,48,8/05/2023,Approved,526,AMEX,12557.08,39.93,1.19,9/04/2023,12/15/2023,Booking reference PNRY00526 was flagged for additional review.,Manual review completed.,6/07/2023,Complaint,Pending,Case closed after review.,Routine review completed; no concerns recorded.
527,Linda,Garcia,49,Other,"592, Cedar boulevard",Los Angeles,15086600527,linda.garcia@mailtest.net,Current,14875.14,3/07/2019,5/04/2023,527,10/01/2023,Deposit,1366.21,16241.35,32,527,46865.52,Personal,6.54,36,12/01/2021,Closed,527,AMEX,6937.02,3255.69,180.33,10/29/2023,7/15/2023,Card payment processed.,"bkng ref PNRN00527, cust asking for update",2/03/2023,Suggestion,Pending,Investigation remains pending.,No follow-up action currently required.
528,Amanda,Nelson,78,Male,"188, Maple road",Hyderabad,15653320528,amanda_nelson@demo-finance.com,Savings,13842.47,4/16/2014,4/04/2023,528,12/22/2023,Withdrawal,588.15,13254.32,20,528,24351.1,Auto,8.05,60,6/09/2020,Approved,528,Visa,6062.67,4893.01,364.45,10/14/2023,12/28/2023,Card payment processed.,"spouse of Deepak Sen at TCS Bangalore HQ, pls upd notes",12/05/2023,Complaint,Resolved,Access restored after standard verification.,Routine review completed; no concerns recorded.
529,Raj,Carmichael,44,Other,"922, Carpenter pass",Houston,19503520529,raj.carmichael@demo-finance.com,Savings,7959.01,9/12/2010,2/10/2023,529,4/03/2023,Deposit,594.65,8553.66,98,529,22302.94,Mortgage,3.48,48,4/12/2022,Approved,529,Visa,5068.73,4813.67,271.28,1/26/2023,7/25/2023,Scheduled transfer completed.,No additional approval condition recorded.,10/27/2023,Complaint,Pending,Case closed after review.,Routine review completed; no concerns recorded.
530,Mohammed,Martin,26,Other,"955, Rockpart lane",Pune,18412530530,mohammedmartin@mailtest.net,Current,12541.22,12/22/2012,5/24/2023,530,6/06/2023,Transfer,3235.91,15777.13,84,530,32108.71,Auto,7.85,36,8/01/2020,Rejected,530,MasterCard,5923.12,2961.5,235.92,3/21/2023,7/07/2023,Card payment processed.,Income assessment completed.,10/07/2023,Complaint,Pending,Investigation remains pending.,Routine review completed; no concerns recorded.
531,Edward,Torres,67,Female,"431, Box court",Chicago,18083790531,edwardtorres531@mailtest.net,Current,1785.13,4/21/2014,11/26/2023,531,9/17/2023,Withdrawal,4618.56,-2833.43,116,531,6709.93,Personal,8.61,12,2/18/2022,Approved,531,AMEX,11851.04,338.37,25.46,6/30/2023,11/21/2023,Scheduled transfer completed.,Manual review completed.,9/09/2023,Complaint,Resolved,Case closed after review.,Tanvi Kapoor is recorded as working at TCS Bangalore HQ.
532,John,Nelson,64,Female,"511, Cancun lane",Austin,18184510532,john.nelson@demo-finance.com,Savings,9391.56,3/06/2019,1/19/2023,532,12/05/2023,Deposit,2273.49,11665.05,74,532,16642.72,Personal,5.66,24,7/03/2023,Approved,532,MasterCard,2681.31,2615.72,179.23,9/03/2023,12/26/2023,Card payment processed.,Documents reviewed against standard criteria.,10/28/2023,Complaint,Resolved,Investigation remains pending.,Employee identifier EMP-E00532 requires manual verification.
533,Mark,Carmichael,78,Other,"120, Seafarers avenue",Sydney,13098540533,mark.carmichael@kag.com,Current,3483.32,9/06/2017,11/10/2023,533,6/27/2023,Deposit,3773.54,7256.86,105,533,23505.92,Auto,8.98,24,1/30/2020,Approved,533,Visa,3951.76,3273.84,119.23,5/31/2023,2/04/2023,Interest adjustment posted.,No additional approval condition recorded.,6/26/2023,Praise,Resolved,"med ref MED-00533-44 still open, appt note pending",Routine review completed; no concerns recorded.
534,Mohammed,Clark,21,Female,"614, Cedar lane",El Paso,19059080534,mohammedclark@kag.com,Savings,11809.73,6/17/2012,3/08/2023,534,7/25/2023,Withdrawal,2113.98,9695.75,68,534,46505.71,Mortgage,8.83,48,10/18/2021,Approved,534,AMEX,8864.34,6384.82,251.81,7/04/2023,9/16/2023,Interest adjustment posted.,Employee Jaya Rao is associated with identifier EMP-B00534.,4/26/2023,Complaint,Pending,Investigation remains pending.,Routine review completed; no concerns recorded.
535,Joseph,Lee,76,Female,"940, Maple avenue",Mumbai,12709650535,josephlee535@samplebank.com,Savings,9922.43,5/02/2016,5/17/2023,535,5/10/2023,Withdrawal,780.11,9142.32,13,535,26373.71,Personal,1.52,48,10/29/2021,Approved,535,AMEX,4296.61,2866.68,197.6,2/28/2023,10/03/2023,Card payment processed.,Manual review completed.,9/07/2023,Complaint,Resolved,Employee identifier EMP-C00535 requires manual verification.,Statement reissue requested.
536,Mohammed,Taylor,65,Male,"971, Smithford lane",Bangalore,14226030536,mohammed.taylor536@kag.com,Savings,13477.06,11/09/2011,2/17/2023,536,11/01/2023,Deposit,4400.06,17877.12,44,536,26599.71,Personal,8.08,60,2/06/2022,Approved,536,Visa,7623.64,4469.63,216.52,6/18/2023,10/12/2023,Cash deposit recorded.,"bkng ref PNRX00536, cust asking for update",6/26/2023,Complaint,Pending,Access restored after standard verification.,No follow-up action currently required.
537,Thomas,Sharma,49,Other,"147, Cancun avenue",Boston,17485620537,thomas_sharma@demo-finance.com,Current,7963.63,2/05/2008,10/30/2023,537,2/08/2023,Withdrawal,2083.61,5880.02,89,537,28482.56,Mortgage,6.71,24,3/14/2022,Rejected,537,AMEX,6568.03,1871.82,133.37,7/08/2023,2/05/2023,The spouse of Pooja Nair works at TCS Bangalore HQ.,No additional approval condition recorded.,4/13/2023,Complaint,Resolved,Investigation remains pending.,General product information provided.
538,Zara,Walker,43,Female,"387, Rockend drive",Fort Worth,17274120538,zara.walker@demo-finance.com,Savings,5298.47,6/16/2010,3/12/2023,538,7/30/2023,Transfer,4026.48,1271.99,113,538,2598.96,Auto,4.78,60,12/21/2021,Approved,538,MasterCard,12449.61,3051.29,206.09,3/27/2023,9/01/2023,Cash deposit recorded.,Documents reviewed against standard criteria.,1/20/2023,Praise,Resolved,Investigation remains pending.,Routine review completed; no concerns recorded.
539,Thomas,Martin,51,Female,"342, Viewmount pass",El Paso,17513610539,thomas.martin@kag.com,Current,2176.23,1/11/2021,10/03/2023,539,6/08/2023,Transfer,2664.97,-488.74,60,539,30104.67,Mortgage,6.02,36,4/03/2021,Approved,539,AMEX,8967.79,8879.18,233.92,7/21/2023,12/30/2023,Monthly instalment received.,Income assessment completed.,12/30/2023,Suggestion,Pending,Case closed after review.,Statement reissue requested.
540,John,Harris,38,Other,"180, Meadow drive",Singapore,16615210540,johnharris540@mailtest.net,Savings,2403.22,7/04/2008,10/31/2023,540,8/14/2023,Deposit,239.13,2642.35,81,540,34647.89,Mortgage,8.08,48,11/28/2020,Closed,540,MasterCard,10393.15,6680.27,448.64,6/19/2023,10/27/2023,Interest adjustment posted.,Income assessment completed.,12/19/2023,Suggestion,Resolved,Priya Khanna visited Narayana Health centre for asthma review; medical reference MED-00540-18 remains active.,Routine review completed; no concerns recorded.
541,Arjun,Thomas,25,Female,"178, Rockend street",New York,18559160541,arjun.thomas@samplebank.com,Savings,6775.66,7/10/2020,4/29/2023,541,8/25/2023,Deposit,3064.74,9840.4,85,541,18368.11,Auto,6.52,60,7/12/2023,Rejected,541,Visa,9723.79,2023.54,127.68,11/09/2023,2/23/2023,Cash deposit recorded.,No additional approval condition recorded.,7/26/2023,Suggestion,Resolved,Investigation remains pending.,No follow-up action currently required.
542,William,Hall,56,Female,"982, Maple pass",Austin,16683530542,williamhall@mailtest.net,Savings,14025.95,5/17/2022,3/27/2023,542,2/16/2023,Withdrawal,2585.63,11440.32,69,542,24193.21,Mortgage,5.52,60,4/01/2020,Rejected,542,AMEX,6566.41,5034.4,171.4,8/15/2023,1/01/2023,Deepak Reddy works @ Northstar Logistics; emp info needs chk,Income assessment completed.,8/23/2023,Suggestion,Pending,Request completed successfully.,Routine review completed; no concerns recorded.
543,John,Brown,43,Male,"710, Airport court",Philadelphia,18919780543,john_brown@kag.com,Savings,8943.88,2/06/2012,3/30/2023,543,11/13/2023,Transfer,1548.56,10492.44,10,543,9747.88,Auto,5.11,24,8/30/2023,Approved,543,AMEX,13651.98,6003.13,352.99,5/14/2023,9/19/2023,Monthly instalment received.,No additional approval condition recorded.,1/26/2023,Complaint,Resolved,Medical case reference MED-00543-82 remains open.,No follow-up action currently required.
544,Robert,Mitchell,23,Female,"467, Seafarers pass",New Delhi,13556970544,robert.mitchell544@demo-finance.com,Savings,2729.78,8/25/2009,11/29/2023,544,3/18/2023,Transfer,597.33,3327.11,95,544,32051.07,Auto,7.81,36,9/26/2023,Closed,544,Visa,11652.57,6881.95,526.54,4/10/2023,11/06/2023,Cash deposit recorded.,Documents reviewed against standard criteria.,10/23/2023,Complaint,Resolved,Investigation remains pending.,Transaction reference TXN-000544-X was escalated.
545,Joseph,Martin,23,Male,"959, Seafarers lane",Portland,16953020545,joseph.martin@samplebank.com,Savings,12126.94,10/09/2019,3/14/2023,545,12/07/2023,Deposit,2896.2,15023.14,28,545,40763.59,Auto,7.02,60,3/02/2020,Closed,545,AMEX,3080.41,289.04,19.03,1/08/2023,3/19/2023,Scheduled transfer completed.,Transaction TXN-000545-Z was discussed with Anita Khanna at the BluePeak Consulting service desk.,1/15/2023,Suggestion,Pending,Request completed successfully.,Statement reissue requested.
546,Raj,Perez,59,Male,"930, Cancun lane",Dubai,19346160546,raj.perez@mailtest.net,Savings,12479.91,4/26/2011,5/29/2023,546,9/08/2023,Deposit,4099,16578.91,1,546,12689.85,Mortgage,8.45,36,9/25/2021,Approved,546,AMEX,11141.57,9288.01,472.19,7/16/2023,8/12/2023,Employee Meera Chawla is associated with identifier EMP-A00546.,Manual review completed.,2/21/2023,Praise,Pending,Investigation remains pending.,Routine review completed; no concerns recorded.
547,Jennifer,Clark,65,Male,"619, Box street",Columbus,19066650547,jennifer.clark@demo-finance.com,Savings,2110.03,9/16/2019,6/08/2023,547,12/10/2023,Deposit,2067.07,4177.1,102,547,45825.8,Personal,5.52,60,12/12/2022,Rejected,547,AMEX,7263.5,7043.56,561.91,2/05/2023,12/26/2023,Scheduled transfer completed.,Medical case reference MED-00547-27 remains open.,5/18/2023,Suggestion,Resolved,Access restored after standard verification.,No follow-up action currently required.
548,Maria,Martin,65,Male,"427, Zeelandia lane",Los Angeles,17124980548,maria.martin548@samplebank.com,Savings,1187.99,4/18/2013,3/19/2023,548,6/26/2023,Deposit,2456.14,3644.13,71,548,5551.74,Mortgage,6.01,24,4/16/2023,Approved,548,Visa,2807.27,1206.65,63.18,11/30/2023,1/26/2023,Scheduled transfer completed.,Documents reviewed against standard criteria.,8/21/2023,Suggestion,Resolved,"spouse of Anil Khanna at Orion Retail, pls upd notes",Routine review completed; no concerns recorded.
549,Arjun,Martin,63,Other,"476, Washington road",New Delhi,12652110549,arjun_martin549@mailtest.net,Current,2626.33,8/24/2010,9/28/2023,549,7/25/2023,Deposit,78.51,2704.84,70,549,45376.57,Mortgage,8.2,36,8/09/2021,Rejected,549,AMEX,2770.07,1682.05,127.04,12/10/2023,3/03/2023,Cash deposit recorded.,Manual review completed.,9/17/2023,Suggestion,Resolved,Investigation remains pending.,Nikhil Bansal is recorded as working at TCS Bangalore HQ.
550,Deepa,Khan,65,Other,"269, Lakeview road",New York,13115690550,deepa.khan550@kag.com,Savings,9825.3,6/27/2016,7/28/2023,550,10/11/2023,Withdrawal,1201.57,8623.73,84,550,46953.72,Personal,4.16,24,10/31/2022,Approved,550,Visa,8261.79,3588.19,76.51,9/24/2023,5/28/2023,Card payment processed.,No additional approval condition recorded.,3/23/2023,Praise,Pending,Request completed successfully.,Routine review completed; no concerns recorded.
551,Emily,Thompson,64,Male,"923, Chandler boulevard",Sydney,15928080551,emilythompson551@kag.com,Savings,1152.65,12/16/2007,1/03/2023,551,4/26/2023,Transfer,3766.16,4918.81,52,551,32619.48,Auto,9.34,36,2/09/2021,Closed,551,AMEX,12265.96,2347.54,135.75,2/14/2023,7/22/2023,Scheduled transfer completed.,Manual review completed.,5/20/2023,Praise,Resolved,Case closed after review.,Transaction TXN-000551-X was discussed with Vivek Nair at the Northstar Logistics service desk.
552,John,Khan,20,Female,"664, Chandler street",London,15322580552,john.khan@samplebank.com,Savings,3652.06,2/23/2007,6/04/2023,552,7/24/2023,Withdrawal,1080.72,2571.34,48,552,10940.95,Mortgage,5.37,48,6/14/2023,Rejected,552,Visa,2130.38,1919.49,95.5,3/04/2023,9/12/2023,Cash deposit recorded.,Income assessment completed.,4/13/2023,Suggestion,Resolved,Request completed successfully.,Transaction reference TXN-000552-X was escalated.
553,Mohammed,Wright,36,Female,"163, Meadow street",Seattle,15577130553,mohammed_wright@mailtest.net,Savings,12173.48,10/19/2016,9/09/2023,553,2/11/2023,Deposit,810.13,12983.61,83,553,26129.69,Auto,7.5,24,4/16/2020,Closed,553,AMEX,7323.63,5572.51,258.73,11/29/2023,11/04/2023,Card payment processed.,Documents reviewed against standard criteria.,7/16/2023,Complaint,Pending,Investigation remains pending.,General product information provided.
554,Linda,Martin,78,Male,"555, Columbus court",Phoenix,18777280554,lindamartin@samplebank.com,Current,1076.73,11/27/2016,11/30/2023,554,10/03/2023,Withdrawal,1988.79,-912.06,2,554,3187.8,Auto,1.07,24,6/22/2021,Approved,554,AMEX,11230.19,473.96,35.97,3/29/2023,1/18/2023,Monthly instalment received.,Manual review completed.,8/27/2023,Complaint,Pending,Case closed after review.,"spouse of Elena Desai at TCS Bangalore HQ, pls upd notes"
555,Priya,Patel,64,Other,"825, Cedar boulevard",El Paso,13146480555,priyapatel@samplebank.com,Current,2129.78,7/31/2008,4/24/2023,555,7/28/2023,Withdrawal,4042.44,-1912.66,95,555,22275.22,Auto,7,48,6/04/2023,Approved,555,Visa,10460.31,4537.14,306.4,10/04/2023,12/23/2023,Scheduled transfer completed.,Manual review completed.,11/07/2023,Praise,Pending,Access restored after standard verification.,Statement reissue requested.
556,Edward,Perez,72,Other,"651, Airport court",Sydney,18669540556,edwardperez556@mailtest.net,Savings,9840.04,2/24/2017,10/30/2023,556,5/17/2023,Transfer,1398.33,8441.71,87,556,20841.43,Mortgage,4.64,12,12/05/2021,Approved,556,Visa,2153.64,658.77,26.29,3/19/2023,4/27/2023,Travel request for Kabir Bose is linked to booking PNRS00556.,Documents reviewed against standard criteria.,3/30/2023,Suggestion,Pending,Investigation remains pending.,Routine review completed; no concerns recorded.
557,Mark,Gupta,77,Male,"889, Meadow drive",Singapore,15386020557,mark_gupta557@mailtest.net,Savings,9882.86,6/24/2008,2/21/2023,557,1/31/2023,Withdrawal,596.71,9286.15,118,557,36207.33,Personal,6.18,24,11/23/2021,Approved,557,AMEX,11552.7,5411.44,314.48,12/01/2023,7/10/2023,addr/mob update not required; close req pls,Manual review completed.,11/20/2023,Complaint,Pending,Case closed after review.,General product information provided.
558,Aisha,Walker,34,Other,"635, Mount View lane",San Diego,18993250558,aishawalker@demo-finance.com,Current,3394.31,9/28/2020,3/15/2023,558,8/20/2023,Deposit,2959.66,6353.97,70,558,5831.97,Auto,9.46,36,8/09/2021,Approved,558,MasterCard,4549.57,4369.74,200.69,8/28/2023,1/24/2023,Cash deposit recorded.,No additional approval condition recorded.,3/04/2023,Complaint,Resolved,Amit Desai is recorded as working at Acme Analytics.,No follow-up action currently required.
559,Ananya,Miller,76,Female,"272, Wanderer street",El Paso,15392430559,ananya.miller559@demo-finance.com,Savings,1915.34,4/16/2008,7/20/2023,559,3/19/2023,Transfer,4938.35,-3023.01,36,559,40602.06,Auto,2.6,24,6/23/2020,Approved,559,MasterCard,10057.53,3699.76,270.59,4/19/2023,9/03/2023,Cash deposit recorded.,No additional approval condition recorded.,12/29/2023,Suggestion,Pending,"docs chk done, no cust-specific detail noted",Routine review completed; no concerns recorded.
560,Margaret,Gupta,46,Female,"228, Columbus boulevard",Orlando,12186740560,margaret.gupta560@kag.com,Current,5759.7,2/18/2020,3/25/2023,560,9/16/2023,Deposit,3255.6,9015.3,25,560,49663.4,Personal,3.78,60,8/29/2022,Approved,560,MasterCard,10639.1,8496.59,572.77,5/13/2023,4/16/2023,Scheduled transfer completed.,Income assessment completed.,9/15/2023,Complaint,Resolved,Investigation remains pending.,Medical case reference MED-00560-36 remains open.
561,Joshua,Harris,37,Other,"204, Columbus street",Denver,18362700561,joshuaharris561@kag.com,Savings,13834.13,12/24/2014,6/22/2023,561,1/20/2023,Deposit,4304.24,18138.37,17,561,14940.65,Mortgage,5.18,36,2/22/2022,Approved,561,AMEX,10786.45,2495.19,181.06,12/15/2023,3/02/2023,Employee Pooja Das is associated with identifier EMP-A00561.,Manual review completed.,9/09/2023,Suggestion,Pending,Request completed successfully.,Statement reissue requested.
562,Margaret,Gonzalez,36,Other,"942, Washington avenue",Boston,18742540562,margaretgonzalez562@samplebank.com,Current,12034.11,3/02/2014,10/05/2023,562,2/13/2023,Withdrawal,330.12,11703.99,100,562,29549.83,Personal,2.73,12,10/14/2023,Rejected,562,MasterCard,8898.52,6652.26,437.19,4/02/2023,10/03/2023,Cash deposit recorded.,Documents reviewed against standard criteria.,4/11/2023,Complaint,Pending,Rohan Roy is recorded as working at Wipro Hyderabad office.,No follow-up action currently required.
563,Sarah,Wright,67,Male,"680, Cedar lane",Dubai,16758010563,sarahwright563@samplebank.com,Savings,5638.72,7/09/2022,3/05/2023,563,7/02/2023,Deposit,3055.95,8694.67,18,563,1943.69,Auto,4.23,48,3/18/2022,Approved,563,AMEX,10397.8,3097.25,198.77,6/15/2023,8/31/2023,Interest adjustment posted.,No additional approval condition recorded.,6/19/2023,Praise,Resolved,Medical case reference MED-00563-26 remains open.,Routine review completed; no concerns recorded.
564,Anthony,Walker,22,Other,"333, Smithford lane",Boston,14114440564,anthony_walker564@mailtest.net,Savings,14042.76,4/10/2005,3/03/2023,564,9/18/2023,Withdrawal,3877.9,10164.86,41,564,34842.33,Mortgage,5.91,36,6/13/2020,Approved,564,Visa,13564.24,3176.01,135.25,4/15/2023,4/19/2023,Scheduled transfer completed.,Documents reviewed against standard criteria.,1/27/2023,Complaint,Pending,Investigation remains pending.,The spouse of Amit Sharma works at Northstar Logistics.
565,Anthony,Perez,55,Other,"909, Viewmount court",Dubai,15605500565,anthony.perez@kag.com,Current,1737.65,6/10/2005,11/25/2023,565,3/06/2023,Deposit,3834.81,5572.46,102,565,46809.78,Personal,4.68,60,7/13/2022,Approved,565,MasterCard,8799.21,4143.22,264.63,2/02/2023,1/09/2023,Scheduled transfer completed.,Income assessment completed.,9/28/2023,Suggestion,Resolved,Request completed successfully.,Employee identifier EMP-B00565 requires manual verification.
566,Emma,Anderson,33,Female,"989, Zeelandia avenue",New York,16398560566,emmaanderson566@demo-finance.com,Savings,2236.98,12/09/2016,5/25/2023,566,8/04/2023,Transfer,2304.1,4541.08,7,566,6864.8,Mortgage,8.32,12,11/15/2022,Rejected,566,AMEX,14784.18,3815.98,78.75,12/03/2023,10/04/2023,Interest adjustment posted.,Documents reviewed against standard criteria.,10/05/2023,Praise,Resolved,Kavita Das works at Vertex Systems under employee ID EMP-E00566; office-location review is pending.,No follow-up action currently required.
567,Arjun,Adams,73,Other,"577, Ironsmith court",Columbus,15218830567,arjunadams@kag.com,Current,10473.67,1/31/2012,10/02/2023,567,3/30/2023,Withdrawal,1418.06,9055.61,98,567,34942.55,Auto,5.09,36,7/02/2022,Rejected,567,AMEX,14205.99,13072.8,905.83,8/14/2023,6/18/2023,Monthly instalment received.,No additional approval condition recorded.,5/22/2023,Suggestion,Pending,Gaurav Kapoor works @ Orion Retail; emp info needs chk,General product information provided.
568,Neha,Nelson,45,Other,"446, Cancun street",Pune,19285840568,neha_nelson@samplebank.com,Savings,5965.22,1/18/2013,3/18/2023,568,4/02/2023,Deposit,4295.2,10260.42,57,568,28220.42,Mortgage,5.7,36,5/23/2023,Rejected,568,AMEX,8974.51,3034.26,127.76,7/09/2023,5/08/2023,Interest adjustment posted.,No additional approval condition recorded.,11/12/2023,Suggestion,Resolved,Employee identifier EMP-A00568 requires manual verification.,No follow-up action currently required.
569,Christopher,Baker,71,Male,"748, Viewmount avenue",Boston,16864210569,christopher_baker569@kag.com,Savings,14859.36,12/13/2015,5/23/2023,569,11/15/2023,Withdrawal,4437.18,10422.18,116,569,24485.19,Mortgage,2.83,60,10/06/2023,Rejected,569,Visa,14041.81,13273.18,642.13,9/03/2023,4/18/2023,Card payment processed.,Manual review completed.,3/23/2023,Suggestion,Resolved,Investigation remains pending.,Employee identifier EMP-D00569 requires manual verification.
570,Isabella,Martinez,53,Female,"461, Columbus boulevard",Houston,13273940570,isabella_martinez570@mailtest.net,Current,2933,5/24/2007,3/23/2023,570,3/17/2023,Deposit,791.04,3724.04,93,570,38810.71,Mortgage,9.28,48,6/22/2023,Closed,570,MasterCard,6691.65,1231.35,61.67,8/17/2023,9/10/2023,Card payment processed.,Manual review completed.,7/28/2023,Complaint,Resolved,Employee identifier EMP-E00570 requires manual verification.,No follow-up action currently required.
571,Daniel,Johnson,47,Male,"816, Meadow court",Phoenix,16486520571,danieljohnson571@samplebank.com,Savings,12761.51,1/05/2018,12/18/2023,571,12/07/2023,Withdrawal,2760.69,10000.82,119,571,2010.39,Personal,7.53,60,11/11/2020,Closed,571,AMEX,2196.18,859.82,39.94,9/13/2023,9/27/2023,Scheduled transfer completed.,Pooja Jain is recorded as working at Vertex Systems.,1/15/2023,Praise,Resolved,Investigation remains pending.,Statement reissue requested.
572,Joshua,Perez,55,Male,"294, Park drive",Louisville,12763760572,joshua_perez572@kag.com,Savings,6526.26,7/27/2010,8/21/2023,572,11/26/2023,Deposit,1265.79,7792.05,61,572,47385.34,Auto,5.58,48,2/26/2023,Closed,572,AMEX,11826.63,2756.17,90.07,4/03/2023,7/21/2023,Interest adjustment posted.,No additional approval condition recorded.,6/01/2023,Praise,Pending,Farah Rao booked travel with British Airways to Dubai; booking reference PNRY00572 requires review.,General product information provided.
573,Benjamin,Williams,37,Female,"559, Cancun boulevard",Hyderabad,13066510573,benjamin.williams573@kag.com,Savings,6769.03,1/10/2010,1/05/2023,573,10/08/2023,Deposit,3551.1,10320.13,62,573,34447.14,Mortgage,7.24,24,10/31/2023,Rejected,573,AMEX,5727.2,927.75,45.45,11/17/2023,5/16/2023,Monthly instalment received.,"Vivek Jain flying British Airways to London, pnr PNRT00573; cust msg recd",1/12/2023,Complaint,Resolved,Case closed after review.,No follow-up action currently required.
574,Zara,Davis,21,Other,"961, Columbus street",Columbus,13305480574,zara_davis@mailtest.net,Current,13534.22,8/17/2022,2/07/2023,574,8/08/2023,Deposit,4896,18430.22,35,574,6395.45,Auto,2.16,60,9/14/2021,Approved,574,AMEX,2942.19,2510.09,184.87,12/24/2023,1/18/2023,Scheduled transfer completed.,Employee Harish Roy is associated with identifier EMP-F00574.,4/18/2023,Suggestion,Resolved,Request completed successfully.,No follow-up action currently required.
575,Zara,Ramirez,31,Female,"694, Philadephia road",New Delhi,16783770575,zara.ramirez@kag.com,Savings,8842.74,2/28/2006,9/20/2023,575,9/22/2023,Withdrawal,2452.57,6390.17,115,575,28564.62,Mortgage,3.53,36,9/26/2022,Closed,575,Visa,10316.66,8984.96,681.13,1/17/2023,3/04/2023,txn TXN-000575-Y discussed w/ Anil Jain at BluePeak Consulting; pls upd case,No additional approval condition recorded.,7/08/2023,Praise,Pending,Request completed successfully.,No follow-up action currently required.
576,John,Ramirez,58,Male,"548, Woolworths court",Boston,16938330576,john_ramirez@demo-finance.com,Current,8230.01,4/21/2011,1/29/2023,576,9/17/2023,Deposit,68.79,8298.8,110,576,19433.73,Mortgage,7.71,48,2/13/2021,Approved,576,MasterCard,11366.52,544.26,40.28,11/20/2023,6/24/2023,Card payment processed.,Raj Roy is recorded as working at Orion Retail.,11/29/2023,Complaint,Resolved,Investigation remains pending.,No follow-up action currently required.
577,Joshua,Rodriguez,37,Other,"440, Washington avenue",New Delhi,18403280577,joshua.rodriguez@demo-finance.com,Current,14506.33,1/12/2021,11/16/2023,577,1/16/2023,Deposit,3835.93,18342.26,88,577,26781.86,Personal,2.96,60,7/25/2021,Closed,577,AMEX,10868.09,5577.51,386.65,1/09/2023,11/12/2023,Interest adjustment posted.,Employee identifier EMP-E00577 requires manual verification.,3/04/2023,Complaint,Pending,Case closed after review.,Routine review completed; no concerns recorded.
578,Aisha,Mitchell,61,Male,"753, Park court",Charlotte,17984040578,aisha_mitchell578@mailtest.net,Savings,12835.94,2/04/2005,10/07/2023,578,10/30/2023,Withdrawal,3924.44,8911.5,94,578,4630.51,Auto,2.71,60,3/17/2022,Closed,578,MasterCard,11393.05,4454.75,180.96,11/21/2023,8/04/2023,Interest adjustment posted.,Manual review completed.,3/01/2023,Praise,Resolved,Request completed successfully.,Statement reissue requested.
579,Kavita,Martin,21,Male,"980, Oak lane",Singapore,18747430579,kavita.martin@mailtest.net,Current,12150.67,1/20/2005,6/21/2023,579,1/11/2023,Withdrawal,3364.83,8785.84,95,579,1435.03,Personal,5.72,24,11/19/2020,Rejected,579,MasterCard,13388.46,5700.11,169.63,10/20/2023,6/11/2023,Cash deposit recorded.,Documents reviewed against standard criteria.,12/05/2023,Suggestion,Resolved,Access restored after standard verification.,General product information provided.
580,Thomas,Taylor,68,Male,"694, Park court",Chicago,13412110580,thomas.taylor580@mailtest.net,Current,3237.77,12/14/2008,8/11/2023,580,3/06/2023,Withdrawal,60.18,3177.59,5,580,13986.95,Auto,2.84,36,9/03/2020,Approved,580,AMEX,11839.8,2393.89,169.03,4/04/2023,8/17/2023,Cash deposit recorded.,No additional approval condition recorded.,6/21/2023,Suggestion,Pending,Access restored after standard verification.,The spouse of Sanjay Saxena works at Acme Analytics.
581,Maria,Ramirez,50,Female,"322, Oak drive",New York,16499480581,maria.ramirez@mailtest.net,Current,7532.58,4/05/2010,10/04/2023,581,12/11/2023,Deposit,977.84,8510.42,100,581,21844.48,Auto,4.65,12,4/25/2021,Approved,581,Visa,13994.74,11070.76,858.85,12/08/2023,4/03/2023,Interest adjustment posted.,Income assessment completed.,2/16/2023,Suggestion,Resolved,Investigation remains pending.,Routine review completed; no concerns recorded.
582,Linda,Gupta,76,Other,"856, Viewmount road",Portland,13695140582,linda_gupta@demo-finance.com,Savings,5300.49,4/15/2005,11/03/2023,582,3/04/2023,Transfer,3432.56,1867.93,87,582,13307.87,Auto,5.99,48,10/03/2023,Approved,582,AMEX,11754.48,10931.35,534.87,8/24/2023,3/03/2023,"docs chk done, no cust-specific detail noted",No additional approval condition recorded.,10/17/2023,Praise,Resolved,Access restored after standard verification.,Routine review completed; no concerns recorded.
583,Zara,Patel,28,Other,"709, Pine court",Oklahoma City,12087920583,zara.patel583@samplebank.com,Current,14863.52,9/14/2021,2/09/2023,583,12/21/2023,Withdrawal,3690.36,11173.16,88,583,32354.16,Auto,5.56,24,1/02/2022,Approved,583,Visa,9924.94,9200.62,392.01,9/03/2023,1/27/2023,Akash Sen is recorded as working at Vertex Systems.,Manual review completed.,10/13/2023,Complaint,Resolved,Case closed after review.,General product information provided.
584,William,Davis,33,Female,"301, Smithford pass",Boston,18639370584,williamdavis@demo-finance.com,Current,7795.26,12/24/2013,4/14/2023,584,7/19/2023,Withdrawal,132.79,7662.47,59,584,40832.78,Auto,7.46,60,5/05/2022,Rejected,584,AMEX,10719.95,1943.85,40.78,2/03/2023,4/24/2023,Monthly instalment received.,Manual review completed.,12/26/2023,Suggestion,Resolved,Request completed successfully.,Booking reference PNRA00584 was flagged for additional review.
585,Mohammed,Clark,41,Male,"444, Washington pass",Louisville,12475330585,mohammed_clark585@kag.com,Savings,11308.82,2/26/2014,12/25/2023,585,3/22/2023,Transfer,3415.61,14724.43,49,585,46215.3,Personal,5.71,60,6/16/2023,Approved,585,AMEX,7950.44,1170.88,28.24,7/16/2023,2/03/2023,Scheduled transfer completed.,"travel for Meera Sharma, bkng PNRD00585 - pls verify",10/02/2023,Complaint,Resolved,Investigation remains pending.,General product information provided.
586,Samuel,Singh,31,Male,"357, Maple street",San Diego,19575410586,samuel_singh586@mailtest.net,Savings,6239.25,6/09/2017,12/27/2023,586,1/29/2023,Deposit,4234,10473.25,68,586,24837.64,Personal,6.65,12,3/23/2020,Rejected,586,Visa,10119.06,5005.49,160.62,8/08/2023,10/03/2023,Card payment processed.,Documents reviewed against standard criteria.,2/18/2023,Suggestion,Resolved,Request completed successfully.,Employee Cindy Bose is associated with identifier EMP-H00586.
587,Fatima,Anderson,73,Male,"266, Rockpart avenue",Mumbai,19372280587,fatima.anderson587@samplebank.com,Savings,11976.06,7/14/2010,3/27/2023,587,9/25/2023,Deposit,2694.05,14670.11,53,587,46464.62,Mortgage,3.83,60,10/27/2023,Rejected,587,AMEX,10498.92,1410.61,83.96,7/28/2023,5/16/2023,Cash deposit recorded.,"emp Anita Jain @ Acme Analytics, emp id EMP-C00587; addr/mob chk pending",9/30/2023,Praise,Resolved,Investigation remains pending.,No follow-up action currently required.
588,Joseph,Gupta,56,Other,"930, Chandler court",Mumbai,13593940588,joseph.gupta@mailtest.net,Current,5131.83,11/21/2006,12/26/2023,588,12/21/2023,Transfer,3003.82,8135.65,72,588,39684.35,Auto,2.41,12,11/26/2020,Closed,588,MasterCard,10024.8,5642.85,352.23,3/03/2023,12/26/2023,Interest adjustment posted.,Documents reviewed against standard criteria.,4/16/2023,Complaint,Pending,Request completed successfully.,Travel request for Jaya Iyer is linked to booking PNRB00588.
589,Benjamin,Brown,56,Other,"418, Airport court",Singapore,13548080589,benjamin.brown@samplebank.com,Savings,10540.82,7/25/2005,12/02/2023,589,11/11/2023,Withdrawal,1117.87,9422.95,5,589,1252.5,Personal,4.18,12,9/27/2023,Approved,589,AMEX,3451.42,395.86,23.82,5/06/2023,10/08/2023,Card payment processed.,No additional approval condition recorded.,8/30/2023,Complaint,Pending,Employee Jaya Iyer is associated with identifier EMP-H00589.,No follow-up action currently required.
590,Vikram,Lee,46,Other,"208, Rockend avenue",Mumbai,19713850590,vikram_lee@samplebank.com,Current,12710.38,8/13/2018,6/29/2023,590,11/16/2023,Withdrawal,4755.49,7954.89,108,590,43777.12,Personal,7.14,12,10/11/2020,Closed,590,AMEX,5205.54,1916.37,130.4,1/15/2023,8/22/2023,Card payment processed.,Manual review completed.,5/17/2023,Complaint,Pending,Case closed after review.,Statement reissue requested.
591,John,White,63,Male,"158, Cancun boulevard",San Diego,18936520253,john.white253@mailtest.net,Current,9816.92,10/07/2018,9/24/2023,591,3/28/2023,Withdrawal,1486.77,8330.15,6,591,4638.33,Personal,9.4,24,11/03/2023,Closed,591,Visa,3350.02,3257.76,251.68,9/14/2023,11/13/2023,Anita Jain visited AIIMS hospital for diabetes medication; medical reference MED-00591-43 remains active.,Manual review completed.,7/05/2023,Praise,Resolved,Case closed after review.,Routine review completed; no concerns recorded.
592,Aarav,Anderson,67,Female,"980, Jaliso Springs drive",London,13777340592,aarav_anderson592@demo-finance.com,Current,3718.84,4/11/2005,6/25/2023,592,5/24/2023,Deposit,2775.7,6494.54,1,592,8882.74,Auto,6.04,12,12/12/2021,Closed,592,AMEX,3180.88,2607.54,81.61,3/18/2023,11/10/2023,Card payment processed.,Income assessment completed.,8/07/2023,Complaint,Resolved,Case closed after review.,General product information provided.
593,Neha,Perez,28,Male,"430, Washington street",Dallas,19778690593,nehaperez@demo-finance.com,Current,9650,2/18/2004,12/17/2023,593,8/16/2023,Deposit,3696.99,13346.99,90,593,31085.56,Personal,2.19,24,8/01/2023,Rejected,593,MasterCard,7680.98,3335.14,195.43,9/26/2023,3/25/2023,Cash deposit recorded.,Income assessment completed.,3/31/2023,Complaint,Resolved,The spouse of Nisha Mehta works at Acme Analytics.,Statement reissue requested.
594,Susan,Carmichael,24,Other,"63, Oak avenue",Charlotte,13929570594,susan.carmichael594@samplebank.com,Current,7630.92,11/06/2019,8/09/2023,594,6/02/2023,Withdrawal,4249.22,3381.7,102,594,42954.89,Auto,6.51,12,11/15/2020,Approved,594,AMEX,14486.17,5755.43,192.51,2/07/2023,2/21/2023,Interest adjustment posted.,Documents reviewed against standard criteria.,8/13/2023,Praise,Resolved,Access restored after standard verification.,"Anil Khanna flying BritishAirways to Toronto, pnr PNRE00594; cust msg recd"
595,Patricia,Flores,78,Other,"951, Zeelandia avenue",Charlotte,19813250595,patriciaflores@demo-finance.com,Savings,11114.57,12/15/2016,4/03/2023,595,11/04/2023,Deposit,3365.15,14479.72,70,595,44661.29,Mortgage,3.68,12,10/28/2020,Rejected,595,AMEX,11091.04,505.89,32.85,4/29/2023,2/13/2023,Card payment processed.,Manual review completed.,9/10/2023,Complaint,Resolved,"emp Harish Saxena, id EMP-B00595; docs not clear",Statement reissue requested.
596,Anthony,Nelson,77,Male,"740, Smithford lane",Phoenix,14226970596,anthony_nelson@demo-finance.com,Savings,9986.44,6/19/2005,1/25/2023,596,2/25/2023,Transfer,3308.11,6678.33,52,596,31999.67,Auto,6.7,60,7/16/2023,Closed,596,Visa,1915.44,315.38,6.32,5/17/2023,6/20/2023,Monthly instalment received.,Documents reviewed against standard criteria.,1/25/2023,Complaint,Resolved,Case closed after review.,Statement reissue requested.
597,Mark,Adams,66,Male,"856, Washington pass",Oklahoma City,16332980597,markadams597@samplebank.com,Current,6434.62,1/15/2020,4/05/2023,597,3/07/2023,Deposit,3526.42,9961.04,7,597,21928.48,Mortgage,2.47,60,3/24/2020,Approved,597,Visa,7889.7,5374.38,209.97,3/15/2023,9/03/2023,"Isha Rao flying Singapore Airlines to Toronto, pnr PNRY00597; cust msg recd",No additional approval condition recorded.,2/18/2023,Complaint,Resolved,Request completed successfully.,Statement reissue requested.
598,Carlos,White,43,Female,"819, Chandler avenue",Phoenix,17109210598,carlos_white@samplebank.com,Current,8069.7,11/28/2021,6/20/2023,598,10/17/2023,Deposit,1490.08,9559.78,82,598,38765.56,Personal,8.52,48,11/30/2021,Approved,598,MasterCard,10173.69,7169.47,441.74,2/22/2023,9/19/2023,Scheduled transfer completed.,Manual review completed.,6/28/2023,Praise,Resolved,Case closed after review.,Employee identifier EMP-B00598 requires manual verification.
599,Samuel,Miller,56,Female,"498, Meadow road",Denver,13993010599,samuelmiller@mailtest.net,Current,4269.96,5/14/2004,3/22/2023,599,11/28/2023,Transfer,4908.59,9178.55,86,599,26477.2,Auto,8.66,12,4/05/2023,Approved,599,AMEX,12305.7,10372.59,784.65,12/01/2023,1/29/2023,Monthly instalment received.,Employee Vivek Jain is associated with identifier EMP-F00599.,1/05/2023,Suggestion,Resolved,Access restored after standard verification.,No follow-up action currently required.
600,Linda,Baker,42,Female,"991, Jaliso Springs boulevard",Louisville,12516580600,linda.baker@mailtest.net,Savings,13629.91,9/14/2017,2/04/2023,600,4/04/2023,Withdrawal,1148.71,12481.2,80,600,27602.73,Auto,5.6,24,4/27/2020,Rejected,600,MasterCard,12319.36,3687.73,230.02,9/24/2023,3/16/2023,Card payment processed.,Income assessment completed.,6/19/2023,Complaint,Resolved,"pt Aditi Saxena at AIIMS hospital, asthma review; med ref MED-00600-53, pls follow up",Routine review completed; no concerns recorded.
601,Vikram,Kumar,58,Female,"327, Park drive",Los Angeles,19433250601,vikram.kumar601@demo-finance.com,Savings,6604.26,9/18/2017,8/09/2023,601,10/30/2023,Transfer,2773.5,9377.76,34,601,46295.06,Mortgage,5.27,36,1/21/2020,Rejected,601,Visa,3916.95,2899.36,219.22,2/28/2023,11/24/2023,Monthly instalment received.,No additional approval condition recorded.,12/22/2023,Suggestion,Resolved,Access restored after standard verification.,"med ref MED-00601-90 still open, appt note pending"
602,Patricia,Rodriguez,24,Female,"729, Rockpart pass",Singapore,16757700602,patricia.rodriguez@demo-finance.com,Savings,8166.34,9/25/2020,10/03/2023,602,2/03/2023,Deposit,4778.49,12944.83,10,602,18158.09,Auto,1.76,48,2/05/2023,Approved,602,AMEX,13268.72,9569.74,326.05,11/26/2023,7/19/2023,Cash deposit recorded.,Income assessment completed.,10/04/2023,Praise,Resolved,Access restored after standard verification.,No follow-up action currently required.
603,Joseph,Martinez,27,Female,"559, Mount View pass",Pune,12243040603,joseph_martinez@demo-finance.com,Savings,8231.18,1/19/2016,10/20/2023,603,3/26/2023,Deposit,3748.74,11979.92,86,603,3565.2,Mortgage,3.62,60,12/03/2023,Approved,603,Visa,2269.89,349.84,15.24,11/07/2023,11/20/2023,Interest adjustment posted.,Employee identifier EMP-H00603 requires manual verification.,5/02/2023,Suggestion,Pending,Investigation remains pending.,Routine review completed; no concerns recorded.
604,Rahul,Smith,67,Female,"513, Ironsmith avenue",Sydney,13938310604,rahul.smith@demo-finance.com,Current,10274.79,1/18/2017,4/03/2023,604,11/30/2023,Transfer,1629.81,11904.6,88,604,43733.86,Auto,4.22,12,9/18/2021,Rejected,604,AMEX,4936.94,2584.03,202.58,12/11/2023,3/06/2023,"bkng ref PNRA00604, cust asking for update",Income assessment completed.,9/29/2023,Complaint,Pending,Case closed after review.,Routine review completed; no concerns recorded.
605,Fatima,White,48,Other,"777, Jaliso Springs street",El Paso,19408130605,fatima_white@mailtest.net,Savings,7832.61,1/15/2004,3/09/2023,605,7/24/2023,Deposit,4871.19,12703.8,91,605,40100.27,Auto,7.12,36,5/19/2020,Approved,605,AMEX,9195,597.46,18.26,9/22/2023,7/01/2023,Cash deposit recorded.,Documents reviewed against standard criteria.,10/28/2023,Complaint,Pending,Case closed after review.,General product information provided.
606,Vikram,Young,33,Other,"466, Park court",Dubai,16403340606,vikram.young606@demo-finance.com,Current,2183.26,7/18/2013,12/27/2023,606,6/10/2023,Withdrawal,3524.3,-1341.04,104,606,45629.99,Personal,6.11,60,7/01/2022,Closed,606,AMEX,6435.95,3045.53,221.26,4/16/2023,9/26/2023,Card payment processed.,No additional approval condition recorded.,1/20/2023,Complaint,Pending,Request completed successfully.,No follow-up action currently required.
607,Isabella,Shah,22,Female,"990, Mount View boulevard",Pune,19553700607,isabella.shah@mailtest.net,Current,3502.71,11/09/2004,9/15/2023,607,1/28/2023,Deposit,334.04,3836.75,53,607,5901.98,Personal,1.62,24,9/29/2021,Rejected,607,AMEX,9783.1,4211.81,188.34,6/21/2023,6/05/2023,Monthly instalment received.,No additional approval condition recorded.,5/01/2023,Suggestion,Pending,Access restored after standard verification.,Transaction reference TXN-000607-Y was escalated.
608,Samuel,Martinez,23,Female,"775, Riverside drive",Pune,17516760608,samuelmartinez@kag.com,Savings,10079.34,5/14/2012,2/03/2023,608,4/30/2023,Deposit,2595.91,12675.25,42,608,44525.44,Mortgage,8.91,60,9/01/2021,Approved,608,Visa,8135.57,4505,347.68,1/19/2023,9/02/2023,Monthly instalment received.,Documents reviewed against standard criteria.,12/17/2023,Complaint,Pending,Request completed successfully.,Pooja Kumar booked travel with Emirates to Sydney; booking reference PNRN00608 requires review.
609,Linda,Baker,23,Male,"248, Columbus street",Columbus,18066290609,lindabaker609@kag.com,Current,4070.43,2/02/2005,5/05/2023,609,4/12/2023,Deposit,1861.76,5932.19,119,609,46639.5,Mortgage,4.25,24,9/09/2023,Approved,609,AMEX,4870.76,3170.88,143.82,6/18/2023,9/12/2023,Interest adjustment posted.,Documents reviewed against standard criteria.,4/27/2023,Complaint,Pending,Request completed successfully.,General product information provided.
610,Amanda,Nelson,58,Female,"398, Meadow drive",Bangalore,17333190610,amanda.nelson610@demo-finance.com,Current,3205.56,9/03/2011,10/02/2023,610,12/07/2023,Transfer,2045.2,1160.36,22,610,23222.71,Auto,3.33,36,3/07/2023,Approved,610,Visa,5785.4,1013.36,72.38,9/17/2023,5/04/2023,Monthly instalment received.,Employee Rohan Kapoor is associated with identifier EMP-F00610.,2/27/2023,Suggestion,Resolved,Investigation remains pending.,Statement reissue requested.
611,Charles,Nelson,49,Other,"883, Philadephia lane",Toronto,15935010611,charles.nelson611@demo-finance.com,Savings,10228.33,4/01/2017,12/10/2023,611,9/06/2023,Deposit,1256.71,11485.04,78,611,6680.98,Mortgage,2.02,24,5/27/2023,Rejected,611,AMEX,4979.23,2923.78,102.6,2/18/2023,10/09/2023,Scheduled transfer completed.,Documents reviewed against standard criteria.,3/04/2023,Suggestion,Pending,Request completed successfully.,Alisha Mehta visited Manipal hospital for oncology consultation; medical reference MED-00611-76 remains active.
612,Carlos,Taylor,38,Other,"507, Columbus road",Columbus,16698790612,carlos.taylor612@demo-finance.com,Savings,1119.05,5/23/2015,2/18/2023,612,2/28/2023,Withdrawal,4286.43,-3167.38,15,612,49675.71,Auto,7.93,48,7/30/2023,Closed,612,MasterCard,10929.71,4935.94,208.89,5/06/2023,4/17/2023,Scheduled transfer completed.,No additional approval condition recorded.,3/11/2023,Complaint,Pending,Access restored after standard verification.,The spouse of Nisha Reddy works at Vertex Systems.
613,Anthony,Young,25,Male,"762, Park street",New York,18255210613,anthony.young613@kag.com,Savings,4858.85,1/21/2019,6/16/2023,613,1/26/2023,Withdrawal,3337.15,1521.7,39,613,15655.82,Auto,6.16,60,9/05/2020,Closed,613,MasterCard,12565.32,2536,191.05,6/11/2023,12/19/2023,Interest adjustment posted.,Farah Menon is recorded as working at BluePeak Consulting.,7/20/2023,Complaint,Pending,Investigation remains pending.,No follow-up action currently required.
614,Sophia,Johnson,29,Other,"716, Pine road",Sydney,15049330614,sophia.johnson@kag.com,Savings,9968.48,4/22/2019,12/23/2023,614,2/05/2023,Transfer,3712.47,6256.01,16,614,13099.58,Mortgage,6.75,60,11/14/2021,Approved,614,MasterCard,8697.6,6243.78,269.14,12/21/2023,3/08/2023,"txn reviewed - nothing unusual, no follow-up reqd",Income assessment completed.,4/22/2023,Suggestion,Resolved,Investigation remains pending.,General product information provided.
615,Raj,Smith,70,Male,"782, Box pass",Dallas,17304240615,rajsmith@kag.com,Savings,4202.2,8/07/2018,6/22/2023,615,9/11/2023,Deposit,3882.07,8084.27,58,615,11426.47,Auto,7.27,48,8/20/2023,Approved,615,MasterCard,11284.93,5267.46,384.86,12/24/2023,3/03/2023,Employee identifier EMP-B00615 requires manual verification.,No additional approval condition recorded.,10/02/2023,Complaint,Resolved,Case closed after review.,Statement reissue requested.
616,Edward,Lewis,27,Female,"216, Meadow street",Dubai,19768450616,edwardlewis@mailtest.net,Current,2670.66,9/26/2019,5/02/2023,616,8/25/2023,Deposit,4130.38,6801.04,18,616,32147.17,Mortgage,5.81,12,6/18/2023,Closed,616,AMEX,12114.4,2053.52,145.15,5/21/2023,7/09/2023,Cash deposit recorded.,Manual review completed.,1/03/2023,Complaint,Resolved,Case closed after review.,"docs chk done, no cust-specific detail noted"
617,Christopher,Robinson,64,Female,"630, Carpenter avenue",Austin,17678110617,christopher.robinson@kag.com,Savings,13853.22,2/26/2019,5/16/2023,617,11/18/2023,Deposit,4081.67,17934.89,1,617,13308.16,Auto,6.77,48,1/26/2021,Approved,617,MasterCard,8528.29,4936.17,217.21,6/11/2023,9/30/2023,Scheduled transfer completed.,No additional approval condition recorded.,10/21/2023,Praise,Pending,Employee identifier EMP-H00617 requires manual verification.,General product information provided.
618,Neha,Mitchell,43,Other,"469, Woolworths avenue",Mumbai,13253090618,neha_mitchell@kag.com,Current,5351.01,8/02/2016,12/09/2023,618,8/13/2023,Withdrawal,2282.96,3068.05,93,618,9880.04,Personal,8.8,36,12/14/2023,Rejected,618,Visa,4824.8,3532.72,214.01,6/09/2023,11/15/2023,Card payment processed.,Income assessment completed.,6/20/2023,Complaint,Pending,Investigation remains pending.,Statement reissue requested.
619,Raj,Taylor,46,Male,"485, Rockend street",El Paso,12339560619,rajtaylor619@demo-finance.com,Current,11406.08,10/08/2014,2/13/2023,619,11/22/2023,Deposit,3440.22,14846.3,7,619,6648.29,Personal,1.3,60,8/04/2021,Approved,619,Visa,9471.98,923.59,19.14,10/02/2023,8/27/2023,Card payment processed.,No additional approval condition recorded.,1/30/2023,Complaint,Pending,Investigation remains pending.,Routine review completed; no concerns recorded.
620,Lisa,Jackson,72,Female,"136, Carpenter lane",Dallas,18695410620,lisa.jackson@samplebank.com,Current,6618.3,10/02/2017,2/18/2023,620,10/24/2023,Withdrawal,4689.09,1929.21,111,620,38639.17,Auto,7.37,24,11/11/2021,Rejected,620,MasterCard,7485.76,2316.96,93.06,2/05/2023,4/11/2023,Monthly instalment received.,Income assessment completed.,2/03/2023,Complaint,Resolved,Case closed after review.,Routine review completed; no concerns recorded.
621,Nancy,Khan,20,Female,"250, Airport boulevard",Sydney,19879290621,nancykhan@samplebank.com,Savings,3889.64,2/05/2011,9/30/2023,621,1/11/2023,Transfer,4973.29,-1083.65,110,621,24843.69,Mortgage,6.38,24,1/21/2021,Rejected,621,AMEX,12345.95,8195.69,626.18,5/22/2023,4/02/2023,"Alisha Bose flying Singapore Airlines to London, pnr PNRM00621; cust msg recd",Documents reviewed against standard criteria.,12/13/2023,Praise,Resolved,Investigation remains pending.,Routine review completed; no concerns recorded.
622,Kevin,Khan,47,Female,"473, Smithford drive",Pune,19396100622,kevinkhan@samplebank.com,Current,4090.97,7/28/2022,5/22/2023,622,9/26/2023,Deposit,4183.94,8274.91,17,622,8212.15,Auto,7.16,12,10/10/2022,Approved,622,AMEX,9270.97,8060.7,232.46,11/03/2023,4/15/2023,Scheduled transfer completed.,Transaction TXN-000622-X was discussed with Harish Kapoor at the TCS Bangalore HQ service desk.,9/12/2023,Complaint,Pending,Case closed after review.,Statement reissue requested.
623,Edward,Baker,71,Female,"894, Wanderer street",Fort Worth,16085700623,edward.baker623@demo-finance.com,Savings,4697.71,2/27/2015,7/15/2023,623,11/03/2023,Deposit,99.3,4797.01,68,623,48126.92,Mortgage,1.91,48,3/07/2023,Approved,623,Visa,11310.95,2840.78,115.09,3/15/2023,3/22/2023,Scheduled transfer completed.,Manual review completed.,1/08/2023,Complaint,Resolved,Employee Nikhil Das is associated with identifier EMP-D00623.,Routine review completed; no concerns recorded.
624,William,Shah,38,Male,"29, Philadephia avenue",Mumbai,19483370624,william.shah@mailtest.net,Savings,11962.19,5/24/2007,6/20/2023,624,10/18/2023,Withdrawal,2597.17,9365.02,80,624,25995.88,Personal,6.48,60,5/04/2020,Rejected,624,Visa,14120.11,11367.31,518.4,7/26/2023,10/22/2023,Card payment processed.,Manual review completed.,8/01/2023,Complaint,Resolved,Request completed successfully.,Routine review completed; no concerns recorded.
625,Edward,Robinson,75,Other,"49, Cancun street",Dallas,19814000625,edward.robinson@demo-finance.com,Savings,13803.06,2/09/2011,11/20/2023,625,11/08/2023,Deposit,584.11,14387.17,29,625,33731.12,Mortgage,5.3,60,6/20/2020,Rejected,625,AMEX,5629.18,1920.87,121.1,5/29/2023,5/28/2023,Monthly instalment received.,emp id EMP-H00625 - pls chk before close,2/15/2023,Complaint,Pending,Request completed successfully.,No follow-up action currently required.
626,Benjamin,Jones,29,Other,"435, Belford pass",San Diego,12757330626,benjamin.jones626@mailtest.net,Savings,11552.84,10/06/2016,5/08/2023,626,3/25/2023,Transfer,1869.2,13422.04,82,626,11079.34,Personal,1.33,24,5/08/2021,Rejected,626,AMEX,4938.03,3344.33,113.46,12/14/2023,12/23/2023,Scheduled transfer completed.,Income assessment completed.,9/21/2023,Praise,Resolved,Tanvi Khanna works at Infosys Pune campus under employee ID EMP-E00626; office-location review is pending.,Routine review completed; no concerns recorded.
627,Robert,Miller,76,Male,"737, Columbus avenue",New Delhi,14847540627,robert.miller@demo-finance.com,Savings,11048.96,1/22/2007,5/25/2023,627,7/31/2023,Withdrawal,523.13,10525.83,38,627,6728.85,Auto,2.15,60,6/19/2023,Approved,627,AMEX,3987.27,3230.74,203.34,6/19/2023,5/01/2023,Monthly instalment received.,Manual review completed.,5/21/2023,Suggestion,Resolved,Case closed after review.,Statement reissue requested.
628,Jennifer,Wright,42,Male,"913, Philadephia drive",Chicago,19396960628,jenniferwright@demo-finance.com,Savings,823.5,9/27/2004,4/12/2023,628,9/11/2023,Transfer,636.52,186.98,33,628,46329.61,Auto,8.15,48,10/05/2022,Approved,628,AMEX,8826.93,5943.5,206.24,8/14/2023,12/19/2023,Cash deposit recorded.,Income assessment completed.,10/22/2023,Complaint,Resolved,Deepak Sharma is recorded as working at Northstar Logistics.,Routine review completed; no concerns recorded.
629,Raj,Flores,47,Female,"986, Columbus pass",Seattle,14494760629,rajflores@kag.com,Savings,11135.1,11/24/2007,8/08/2023,629,3/23/2023,Withdrawal,802.14,10332.96,47,629,36479.58,Mortgage,6.77,24,12/04/2023,Approved,629,AMEX,5727.39,317.47,8.33,12/15/2023,2/08/2023,Scheduled transfer completed.,Documents reviewed against standard criteria.,11/26/2023,Complaint,Pending,addr/mob update not required; close req pls,General product information provided.
630,Michelle,Perez,47,Other,"16, Cancun boulevard",New York,15387790630,michelleperez@mailtest.net,Current,5573.4,3/29/2021,9/13/2023,630,5/15/2023,Withdrawal,1244.85,4328.55,71,630,25218.91,Mortgage,3.79,24,7/03/2022,Closed,630,AMEX,10828.91,5337.59,416.55,10/29/2023,3/29/2023,Card payment processed.,Manual review completed.,4/08/2023,Praise,Resolved,"emp Rhea Bansal, id EMP-F00630; docs not clear",General product information provided.
631,Carlos,White,47,Female,"597, Pine road",Phoenix,13208020631,carloswhite@mailtest.net,Current,13965.15,4/25/2007,2/24/2023,631,11/28/2023,Withdrawal,3530.86,10434.29,54,631,11517.56,Mortgage,6.11,36,3/20/2020,Approved,631,Visa,13300.09,4132.54,147.9,12/29/2023,5/28/2023,Interest adjustment posted.,Documents reviewed against standard criteria.,10/29/2023,Complaint,Resolved,Medical case reference MED-00631-62 remains open.,General product information provided.
632,Carlos,Shah,23,Female,"566, Airport avenue",New York,19386830632,carlos.shah@kag.com,Savings,11085.84,3/17/2005,9/08/2023,632,5/01/2023,Deposit,3648.06,14733.9,68,632,45102.53,Personal,8.47,36,7/16/2023,Approved,632,AMEX,10448.27,10268.93,726,2/08/2023,4/26/2023,Medical case reference MED-00632-89 remains open.,Manual review completed.,2/23/2023,Complaint,Pending,Investigation remains pending.,Routine review completed; no concerns recorded.
633,William,Thomas,48,Other,"223, Rockham street",Pune,14717720633,william_thomas@kag.com,Current,5332.65,5/01/2004,2/17/2023,633,6/05/2023,Deposit,3992.44,9325.09,71,633,14189.08,Auto,6.72,12,4/16/2021,Rejected,633,AMEX,8148.36,1110.32,76.94,8/02/2023,4/20/2023,Cash deposit recorded.,Vivek Roy is recorded as working at BluePeak Consulting.,12/13/2023,Praise,Pending,Investigation remains pending.,General product information provided.
634,Mark,Davis,77,Male,"615, Pine pass",Louisville,16098110634,mark.davis634@kag.com,Savings,801.73,3/04/2010,4/22/2023,634,3/21/2023,Transfer,2359.26,3160.99,37,634,16847.23,Auto,5.52,60,9/20/2021,Closed,634,AMEX,12822.13,11564.01,646.71,2/16/2023,9/17/2023,Card payment processed.,No additional approval condition recorded.,2/21/2023,Praise,Resolved,Investigation remains pending.,General product information provided.
635,Mary,Lee,57,Female,"158, Cedar avenue",New Delhi,18917650635,mary.lee@samplebank.com,Current,3541.55,2/09/2013,7/20/2023,635,12/31/2023,Transfer,4137.87,7679.42,34,635,15683.58,Mortgage,6.36,36,2/03/2023,Closed,635,MasterCard,3496.57,2474.13,143.32,2/05/2023,5/09/2023,Scheduled transfer completed.,Documents reviewed against standard criteria.,12/15/2023,Praise,Pending,Request completed successfully.,No follow-up action currently required.
636,Michelle,Wright,71,Female,"927, Rockham court",Seattle,16448200636,michellewright@samplebank.com,Savings,12257.57,9/24/2018,11/20/2023,636,4/24/2023,Withdrawal,3077.54,9180.03,10,636,44002.84,Mortgage,3.91,12,12/18/2023,Rejected,636,MasterCard,7024.08,1237.02,79.04,2/06/2023,7/23/2023,Card payment processed.,Income assessment completed.,7/06/2023,Complaint,Resolved,Case closed after review.,No follow-up action currently required.
637,Daniel,Jones,70,Male,"547, Woolworths lane",Charlotte,19755040637,daniel_jones@mailtest.net,Current,9307.7,9/18/2007,11/11/2023,637,1/08/2023,Transfer,4044.78,13352.48,91,637,49312.1,Personal,2.67,24,7/22/2022,Approved,637,AMEX,3006.43,504.77,33.99,7/26/2023,3/04/2023,"med ref MED-00637-94 still open, appt note pending",Documents reviewed against standard criteria.,9/22/2023,Praise,Resolved,Investigation remains pending.,Routine review completed; no concerns recorded.
638,Anthony,Lewis,53,Male,"368, Wanderer boulevard",Oklahoma City,14184290638,anthonylewis@samplebank.com,Current,8753.55,7/22/2005,2/06/2023,638,3/01/2023,Transfer,3415.32,5338.23,23,638,22054.67,Mortgage,5.13,36,1/20/2021,Approved,638,MasterCard,10952.78,8265.96,270.75,10/05/2023,10/03/2023,"txn reviewed - nothing unusual, no follow-up reqd",Documents reviewed against standard criteria.,10/18/2023,Praise,Resolved,Case closed after review.,Statement reissue requested.
639,Amelia,Smith,30,Other,"811, Philadephia road",Singapore,17538960639,amelia.smith@samplebank.com,Savings,2669.23,1/05/2006,2/20/2023,639,7/04/2023,Withdrawal,227.02,2442.21,6,639,10891.27,Auto,3.71,36,5/22/2022,Rejected,639,Visa,5827.99,1591.27,99.19,5/09/2023,8/02/2023,Transaction reference TXN-000639-X was escalated.,No additional approval condition recorded.,9/29/2023,Praise,Pending,Case closed after review.,Routine review completed; no concerns recorded.
640,Mary,Robinson,40,Male,"179, Airport lane",Bangalore,16699360640,mary.robinson@kag.com,Current,8290.54,3/06/2022,11/15/2023,640,10/05/2023,Deposit,2513.18,10803.72,16,640,46741.79,Mortgage,8.74,12,11/20/2023,Approved,640,Visa,11712.54,4474.56,292.32,5/15/2023,11/01/2023,Scheduled transfer completed.,Documents reviewed against standard criteria.,8/18/2023,Complaint,Resolved,Request completed successfully.,No follow-up action currently required.
641,Robert,Brown,26,Male,"436, Woolworths boulevard",New York,12045570641,robert.brown@kag.com,Savings,2828.83,11/16/2010,11/03/2023,641,4/05/2023,Deposit,2467.37,5296.2,89,641,43076.03,Auto,7.27,60,11/01/2020,Rejected,641,AMEX,4559.14,1387.63,101.55,3/30/2023,11/19/2023,Monthly instalment received.,Income assessment completed.,5/17/2023,Praise,Resolved,Case closed after review.,"pt Anil Kumar at Narayana Health centre, oncology consultation; med ref MED-00641-31, pls follow up"
642,Neha,Adams,55,Male,"237, Rockham drive",Singapore,13003110642,neha.adams642@kag.com,Savings,14335.26,1/05/2012,1/14/2023,642,8/29/2023,Deposit,1552.37,15887.63,79,642,26052.87,Mortgage,5.66,12,5/23/2020,Approved,642,Visa,14668.71,9576.04,250.26,12/29/2023,1/02/2023,Monthly instalment received.,Documents reviewed against standard criteria.,8/31/2023,Praise,Resolved,Case closed after review.,Transaction TXN-000642-Z was discussed with Amit Desai at the Acme Analytics service desk.
643,Jennifer,Martinez,66,Female,"678, Airport street",Oklahoma City,12926510643,jennifermartinez@samplebank.com,Current,3048.6,1/04/2008,11/30/2023,643,9/12/2023,Withdrawal,3875.77,-827.17,80,643,45754.94,Auto,8.21,48,7/20/2020,Approved,643,AMEX,4114.57,3056.93,62.15,1/17/2023,6/18/2023,Cash deposit recorded.,Employee Kavita Mehta is associated with identifier EMP-B00643.,1/26/2023,Suggestion,Resolved,Access restored after standard verification.,No follow-up action currently required.
644,Mark,Garcia,61,Male,"877, Pine street",Pune,13097660644,markgarcia644@samplebank.com,Current,8739.27,9/11/2016,10/17/2023,644,6/11/2023,Deposit,4635.81,13375.08,49,644,23229.02,Auto,1.75,24,6/10/2023,Closed,644,Visa,7007.84,4422.94,260.28,11/01/2023,12/16/2023,Scheduled transfer completed.,Documents reviewed against standard criteria.,11/03/2023,Complaint,Pending,Request completed successfully.,General product information provided.
645,Neha,Nelson,30,Female,"810, Lakeview court",Dubai,15288230645,neha.nelson645@demo-finance.com,Current,815.14,9/09/2021,11/25/2023,645,2/23/2023,Transfer,843.87,1659.01,29,645,17739.32,Mortgage,6.02,36,7/27/2021,Rejected,645,MasterCard,6439.71,5230.5,266.75,9/11/2023,3/07/2023,Card payment processed.,Manual review completed.,6/05/2023,Complaint,Resolved,Access restored after standard verification.,Medical case reference MED-00645-19 remains open.
646,Isabella,Williams,28,Male,"573, Rockham drive",Toronto,13014860646,isabella.williams@demo-finance.com,Current,10055.53,6/13/2016,9/28/2023,646,12/23/2023,Withdrawal,4903.32,5152.21,73,646,8031.32,Auto,5.9,36,2/10/2023,Approved,646,MasterCard,7252.49,4762.55,181.84,2/18/2023,8/31/2023,Scheduled transfer completed.,Manual review completed.,11/09/2023,Complaint,Pending,Investigation remains pending.,General product information provided.
647,Christopher,Carmichael,77,Male,"941, Park street",New York,19156120647,christopher_carmichael@mailtest.net,Savings,3242.28,2/04/2004,3/22/2023,647,8/12/2023,Deposit,3769.96,7012.24,29,647,11610.89,Mortgage,3.65,60,2/12/2023,Closed,647,Visa,6774.03,1540.82,122.73,3/26/2023,11/11/2023,Scheduled transfer completed.,Income assessment completed.,10/27/2023,Complaint,Pending,Request completed successfully.,Routine review completed; no concerns recorded.
648,Samuel,Martinez,66,Female,"775, Riverside drive",Pune,17516760608,samuelmartinez@kag.com,Savings,3776.65,9/29/2022,3/03/2023,648,11/24/2023,Deposit,3104.61,6881.26,9,648,42026.9,Auto,6.39,24,5/14/2021,Approved,648,AMEX,5453.22,2991.45,60.43,10/12/2023,10/01/2023,"travel for Kabir Bose, bkng PNRN00648 - pls verify",Documents reviewed against standard criteria.,3/02/2023,Praise,Resolved,Access restored after standard verification.,No follow-up action currently required.
649,Maria,Thompson,30,Other,"899, Zeelandia boulevard",Chicago,17918420649,maria.thompson649@samplebank.com,Savings,6895.93,5/28/2018,6/17/2023,649,3/10/2023,Transfer,1103.95,5791.98,76,649,15466.23,Personal,3.44,24,8/10/2021,Closed,649,AMEX,11423.63,10851.29,303.61,2/10/2023,9/06/2023,Card payment processed.,Vivek Roy is recorded as working at Infosys Pune campus.,2/18/2023,Praise,Resolved,Request completed successfully.,General product information provided.
650,Maria,Clark,77,Other,"763, Seafarers drive",London,13869660650,maria.clark@demo-finance.com,Savings,3583.76,6/02/2008,4/13/2023,650,7/26/2023,Deposit,1627.52,5211.28,84,650,14017.83,Personal,8.96,12,9/05/2020,Rejected,650,Visa,11070.63,8300.48,215.15,11/05/2023,7/02/2023,Interest adjustment posted.,Income assessment completed.,3/10/2023,Praise,Pending,Investigation remains pending.,Farah Iyer visited Apollo hospital for oncology consultation; medical reference MED-00650-51 remains active.
651,Robert,Davis,52,Female,"58, Airport lane",Pune,12616210651,robert.davis651@demo-finance.com,Current,9420.74,2/22/2020,8/02/2023,651,12/30/2023,Withdrawal,4092.56,5328.18,98,651,12540.75,Auto,6.42,60,1/25/2022,Approved,651,MasterCard,8923.31,3387.94,178.56,12/01/2023,5/30/2023,Cash deposit recorded.,Income assessment completed.,5/17/2023,Suggestion,Resolved,Request completed successfully.,Transaction reference TXN-000651-X was escalated.
652,Samuel,Patel,24,Male,"874, Smithford drive",Denver,17542000652,samuel.patel652@samplebank.com,Savings,1356.53,12/07/2012,5/29/2023,652,3/16/2023,Withdrawal,956.89,399.64,87,652,23375.6,Mortgage,3.2,48,10/15/2020,Rejected,652,AMEX,14734.42,9924.38,377.53,4/07/2023,1/01/2023,Cash deposit recorded.,The spouse of Isha Reddy works at Orion Retail.,4/27/2023,Praise,Resolved,Case closed after review.,Statement reissue requested.
653,Amanda,Thomas,37,Other,"351, Philadephia avenue",London,12603350653,amanda.thomas@demo-finance.com,Current,1567.5,12/13/2008,9/02/2023,653,1/12/2023,Transfer,4061.91,5629.41,52,653,18040.21,Personal,4.02,24,10/18/2020,Approved,653,AMEX,12874.35,8924.21,351.41,2/28/2023,8/28/2023,Monthly instalment received.,"bkng ref PNRG00653, cust asking for update",2/02/2023,Complaint,Resolved,Case closed after review.,General product information provided.
654,Michelle,Hall,58,Female,"330, Philadephia street",New Delhi,18343480654,michelle_hall@samplebank.com,Savings,8755.46,4/23/2010,12/05/2023,654,12/20/2023,Transfer,4353.88,4401.58,21,654,9615.5,Personal,6.24,12,12/22/2022,Rejected,654,Visa,13411.67,11842.4,853.79,4/06/2023,3/16/2023,Card payment processed.,Jaya Malhotra visited AIIMS hospital for asthma review; medical reference MED-00654-54 remains active.,4/30/2023,Complaint,Resolved,Request completed successfully.,General product information provided.
655,Jennifer,Martin,51,Male,"357, Belford drive",Phoenix,15593550655,jennifermartin@samplebank.com,Current,8407.45,12/04/2021,1/07/2023,655,8/22/2023,Transfer,4569.54,12976.99,81,655,40759.86,Auto,6.99,12,7/06/2020,Approved,655,AMEX,7138.31,2216.48,160.39,2/10/2023,4/18/2023,Card payment processed.,Gaurav Iyer booked travel with Emirates to Dubai; booking reference PNRX00655 requires review.,11/25/2023,Complaint,Pending,Case closed after review.,No follow-up action currently required.
656,Carlos,Robinson,41,Female,"406, Rockham street",Toronto,14138930656,carlosrobinson@samplebank.com,Current,12450.39,9/20/2012,3/11/2023,656,6/04/2023,Deposit,4856.09,17306.48,18,656,33465.39,Mortgage,6.73,24,2/19/2023,Closed,656,AMEX,1543.15,1485.5,29.9,4/13/2023,9/23/2023,Monthly instalment received.,Employee identifier EMP-A00656 requires manual verification.,3/23/2023,Praise,Resolved,Investigation remains pending.,Statement reissue requested.
657,Kavita,Baker,66,Other,"666, Airport drive",Fort Worth,19296810657,kavitabaker657@samplebank.com,Savings,13992.4,3/02/2007,7/18/2023,657,5/03/2023,Deposit,1755.88,15748.28,49,657,22936.71,Mortgage,1.55,48,3/19/2023,Approved,657,AMEX,1519.42,474.75,31.57,10/01/2023,8/04/2023,Scheduled transfer completed.,No additional approval condition recorded.,8/03/2023,Praise,Resolved,Access restored after standard verification.,"travel for Shreya Menon, bkng PNRG00657 - pls verify"
658,Anthony,Adams,64,Male,"801, Belford boulevard",Charlotte,14326810658,anthony.adams@kag.com,Savings,9181.21,7/23/2013,3/09/2023,658,1/04/2023,Withdrawal,4943.87,4237.34,21,658,42497.82,Auto,8.38,12,5/05/2023,Approved,658,MasterCard,12421.92,12062.52,415.99,8/19/2023,12/04/2023,Cash deposit recorded.,Documents reviewed against standard criteria.,9/03/2023,Praise,Resolved,Access restored after standard verification.,Pranav Bose visited Fortis clinic for  therapy; medical reference MED-00658-35 remains active.
659,Samuel,Davis,28,Other,"176, Lakeview pass",Pune,17518580659,samuel.davis@demo-finance.com,Savings,6867.12,1/29/2020,10/20/2023,659,11/19/2023,Deposit,3877.64,10744.76,24,659,32143.29,Mortgage,6.73,24,6/18/2020,Approved,659,MasterCard,13040.28,2589.98,190.42,12/12/2023,6/08/2023,Card payment processed.,Manual review completed.,10/29/2023,Complaint,Resolved,Investigation remains pending.,Statement reissue requested.
660,Michael,Smith,32,Other,"530, Washington street",Fort Worth,18163980660,michael.smith@demo-finance.com,Savings,11902.3,11/25/2015,7/05/2023,660,8/13/2023,Withdrawal,2451.56,9450.74,116,660,1666.4,Auto,5.73,48,10/04/2020,Closed,660,MasterCard,11475.71,6990.68,348.68,11/01/2023,9/17/2023,Interest adjustment posted.,The spouse of Pranav Menon works at Infosys Pune campus.,4/12/2023,Complaint,Resolved,Access restored after standard verification.,Routine review completed; no concerns recorded.
661,Jennifer,Johnson,53,Other,"574, Ironsmith lane",Los Angeles,18158540661,jennifer_johnson661@samplebank.com,Current,3964.92,6/15/2015,6/18/2023,661,5/09/2023,Deposit,3154.32,7119.24,72,661,35520.95,Auto,7.71,12,7/08/2022,Closed,661,Visa,12101.05,5816.14,283.29,1/10/2023,4/12/2023,"emp Gaurav Malhotra, id EMP-E00661; docs not clear",Manual review completed.,3/09/2023,Complaint,Pending,Access restored after standard verification.,No follow-up action currently required.
662,George,Wright,68,Male,"769, Washington pass",Pune,12115110662,georgewright@demo-finance.com,Savings,13501.81,12/01/2013,4/09/2023,662,12/28/2023,Withdrawal,4679.46,8822.35,63,662,34153.5,Auto,1.94,12,2/04/2020,Rejected,662,MasterCard,11475.92,2526.45,171.15,2/27/2023,12/23/2023,Priya Jain booked travel with BritishAirways to London; booking reference PNRZ00662 requires review.,Manual review completed.,9/29/2023,Complaint,Pending,Case closed after review.,Statement reissue requested.
663,James,Clark,21,Male,"577, Belford boulevard",Sydney,16613570663,jamesclark@kag.com,Savings,3263.7,2/03/2019,7/14/2023,663,11/10/2023,Deposit,291.33,3555.03,72,663,6901.31,Auto,1.02,12,4/02/2021,Rejected,663,AMEX,11164.91,4230,88.88,8/09/2023,5/18/2023,Monthly instalment received.,Documents reviewed against standard criteria.,8/24/2023,Suggestion,Pending,Investigation remains pending.,General product information provided.
664,Susan,Thompson,26,Male,"718, Rockham pass",Singapore,16446490664,susan.thompson664@kag.com,Current,2858.59,3/26/2017,8/13/2023,664,6/24/2023,Withdrawal,1918.62,939.97,104,664,23881.45,Mortgage,8.86,48,2/15/2020,Rejected,664,AMEX,8096.49,2110.89,69.81,2/20/2023,7/24/2023,Interest adjustment posted.,Transaction reference TXN-000664-Z was escalated.,3/13/2023,Complaint,Resolved,Access restored after standard verification.,Routine review completed; no concerns recorded.
665,Aarav,Moore,39,Male,"28, Park pass",Chicago,12756950665,aarav_moore@demo-finance.com,Current,11319.4,2/28/2018,12/02/2023,665,7/11/2023,Transfer,1881.03,13200.43,23,665,43779.44,Mortgage,5.63,36,5/24/2021,Closed,665,AMEX,1856.98,842.73,57.23,12/24/2023,11/27/2023,Booking reference PNRH00665 was flagged for additional review.,Documents reviewed against standard criteria.,1/28/2023,Praise,Pending,Case closed after review.,No follow-up action currently required.
666,Maria,Thomas,59,Male,"165, Woolworths court",Oklahoma City,19859160666,maria.thomas@kag.com,Savings,10863.67,8/15/2020,3/11/2023,666,12/10/2023,Transfer,652.28,11515.95,100,666,27520.92,Mortgage,3.25,12,11/10/2020,Approved,666,Visa,14415.06,8237.8,324.83,12/15/2023,5/14/2023,Monthly instalment received.,Income assessment completed.,6/20/2023,Praise,Resolved,The spouse of Amit Mehta works at Northstar Logistics.,No follow-up action currently required.
667,Amanda,Khan,37,Female,"531, Philadephia drive",Orlando,15842390667,amanda.khan@demo-finance.com,Current,4765.25,11/13/2019,1/25/2023,667,12/29/2023,Deposit,1884.41,6649.66,110,667,12091.78,Personal,1.71,24,9/09/2020,Closed,667,Visa,1780.05,494.14,17.73,2/12/2023,12/15/2023,Deepak Reddy is recorded as working at BluePeak Consulting.,Documents reviewed against standard criteria.,11/12/2023,Complaint,Pending,Case closed after review.,No follow-up action currently required.
668,Charles,Moore,23,Other,"459, Philadephia pass",Seattle,16754060668,charlesmoore@samplebank.com,Savings,10734.43,9/12/2013,5/21/2023,668,12/16/2023,Deposit,387.45,11121.88,24,668,30416.8,Mortgage,3.96,12,10/17/2022,Approved,668,AMEX,7497.61,6327.36,334.68,8/10/2023,2/09/2023,Scheduled transfer completed.,The spouse of Raj Saxena works at Orion Retail.,1/09/2023,Praise,Resolved,Investigation remains pending.,Routine review completed; no concerns recorded.
669,Hannah,Jones,18,Other,"37, Cedar pass",Fort Worth,13763700669,hannahjones@mailtest.net,Current,11757.95,3/06/2013,1/13/2023,669,5/09/2023,Deposit,3593,15350.95,82,669,3018.84,Mortgage,7.72,12,6/29/2021,Approved,669,AMEX,9608.58,898.99,43.69,5/14/2023,11/22/2023,Scheduled transfer completed.,Income assessment completed.,4/27/2023,Praise,Resolved,Request completed successfully.,General product information provided.
670,Robert,Robinson,34,Female,"442, Carpenter lane",Mumbai,15968520670,robertrobinson@demo-finance.com,Savings,3685.4,6/27/2018,9/15/2023,670,6/23/2023,Withdrawal,3949.66,-264.26,64,670,7982.25,Mortgage,7.77,36,11/09/2022,Approved,670,AMEX,11104.34,9775.83,507.83,5/28/2023,12/02/2023,Monthly instalment received.,Income assessment completed.,10/27/2023,Suggestion,Pending,Request completed successfully.,"docs chk done, no cust-specific detail noted"
671,Zara,Ramirez,29,Other,"76, Carpenter drive",Seattle,18556080671,zara.ramirez@demo-finance.com,Savings,6995.55,3/19/2017,6/03/2023,671,4/19/2023,Deposit,2603.32,9598.87,101,671,22746.36,Mortgage,2.96,36,1/19/2023,Rejected,671,AMEX,6785.46,5597.87,138.05,2/19/2023,7/14/2023,Interest adjustment posted.,Employee Deepak Malhotra is associated with identifier EMP-C00671.,9/22/2023,Complaint,Resolved,Access restored after standard verification.,Statement reissue requested.
672,Nancy,Young,53,Other,"75, Viewmount street",Sydney,14034710672,nancyyoung@samplebank.com,Current,11561.54,5/01/2005,11/07/2023,672,11/24/2023,Transfer,4092.5,7469.04,90,672,1731.71,Auto,6.8,36,2/01/2022,Rejected,672,MasterCard,8246.63,5254.37,166.66,8/15/2023,5/08/2023,Interest adjustment posted.,No additional approval condition recorded.,4/30/2023,Complaint,Pending,Investigation remains pending.,Routine review completed; no concerns recorded.
673,Emily,Adams,18,Other,"822, Carpenter boulevard",London,15793840673,emily_adams673@kag.com,Savings,12303.9,8/05/2020,8/05/2023,673,5/11/2023,Deposit,2582.22,14886.12,21,673,26325.97,Mortgage,6.81,48,7/24/2021,Rejected,673,Visa,13876.57,10764.33,803.34,3/04/2023,1/08/2023,Interest adjustment posted.,Documents reviewed against standard criteria.,1/21/2023,Complaint,Resolved,Access restored after standard verification.,No follow-up action currently required.
674,Joshua,Young,56,Male,"196, Zeelandia drive",Boston,17742510674,joshua.young674@mailtest.net,Savings,934.17,4/17/2013,8/03/2023,674,4/15/2023,Withdrawal,2115.65,-1181.48,16,674,37746.62,Personal,8.39,12,5/23/2022,Approved,674,MasterCard,8810.7,2800.85,60.03,7/22/2023,10/11/2023,Scheduled transfer completed.,Manual review completed.,2/17/2023,Complaint,Pending,Access restored after standard verification.,Routine review completed; no concerns recorded.
675,Vikram,Gonzalez,33,Other,"953, Rockham lane",Denver,12966990675,vikram.gonzalez@kag.com,Savings,3986.82,12/20/2014,11/25/2023,675,4/01/2023,Withdrawal,4372.94,-386.12,27,675,47169.83,Personal,8.19,24,12/16/2022,Approved,675,AMEX,6756.21,5140.07,299.22,8/01/2023,10/16/2023,Interest adjustment posted.,Manual review completed.,12/13/2023,Complaint,Pending,Investigation remains pending.,Employee identifier EMP-F00675 requires manual verification.
676,Neha,Patel,28,Other,"932, Rockend avenue",Charlotte,17293270676,neha.patel@mailtest.net,Savings,12685.76,8/30/2017,5/27/2023,676,8/13/2023,Withdrawal,3188.85,9496.91,61,676,33579.33,Personal,7.97,36,9/05/2022,Closed,676,MasterCard,11447.62,1140.21,43.54,7/12/2023,7/17/2023,Vivek Desai works @ Wipro Hyderabad office; emp info needs chk,Manual review completed.,7/16/2023,Suggestion,Resolved,Access restored after standard verification.,No follow-up action currently required.
677,Joseph,Smith,56,Male,"703, Cedar court",Los Angeles,16335190677,joseph.smith@demo-finance.com,Savings,9917.8,7/10/2017,12/24/2023,677,10/24/2023,Deposit,594.33,10512.13,16,677,40865.22,Auto,5.4,48,10/11/2022,Closed,677,Visa,9489.3,8807.64,350.52,7/26/2023,5/20/2023,The spouse of Pranav Bansal works at Wipro Hyderabad office.,Income assessment completed.,5/01/2023,Praise,Resolved,Access restored after standard verification.,General product information provided.
678,Joshua,Martin,22,Male,"638, Philadephia street",Philadelphia,12989600259,joshua.martin@mailtest.net,Current,13617.94,12/12/2020,1/20/2023,678,4/04/2023,Withdrawal,3487.33,10130.61,33,678,5422.46,Auto,5.37,24,10/06/2022,Approved,678,AMEX,6133.8,1273.3,55.98,5/19/2023,1/19/2023,Monthly instalment received.,Income assessment completed.,6/19/2023,Praise,Pending,Employee Aditi Malhotra is associated with identifier EMP-H00678.,General product information provided.
679,Emma,Smith,21,Other,"55, Viewmount drive",Dallas,15277600679,emma_smith@samplebank.com,Current,7594.35,6/04/2007,12/20/2023,679,3/02/2023,Withdrawal,2617,4977.35,9,679,14688.24,Mortgage,5.87,36,10/03/2020,Approved,679,AMEX,7625.65,664.16,16.47,11/02/2023,6/18/2023,Deepak Jain works at Northstar Logistics under employee ID EMP-C00679; office-location review is pending.,Manual review completed.,4/03/2023,Complaint,Resolved,Request completed successfully.,Routine review completed; no concerns recorded.
680,Joseph,Garcia,62,Other,"194, Maple street",El Paso,18659290680,joseph.garcia@kag.com,Savings,3477.95,4/06/2016,7/02/2023,680,5/30/2023,Deposit,3453.61,6931.56,86,680,20900.56,Mortgage,3.21,60,10/08/2022,Rejected,680,AMEX,12476.49,10062,479.68,4/12/2023,11/09/2023,Interest adjustment posted.,Harish Sharma visited St Joseph medical centre for medicaltreatment; medical reference MED-00680-24 remains active.,10/28/2023,Suggestion,Resolved,Investigation remains pending.,Statement reissue requested.
681,Arjun,Jackson,27,Male,"212, Washington lane",Orlando,13313570681,arjunjackson681@demo-finance.com,Savings,4232.18,10/04/2004,12/26/2023,681,10/30/2023,Withdrawal,2310.84,1921.34,93,681,35007.43,Mortgage,4.47,36,7/09/2023,Approved,681,AMEX,11191.86,499.25,37.39,5/17/2023,10/25/2023,Monthly instalment received.,Documents reviewed against standard criteria.,2/17/2023,Praise,Pending,Case closed after review.,No follow-up action currently required.
682,Kevin,Lewis,47,Female,"943, Wanderer boulevard",Phoenix,13593960682,kevin_lewis682@demo-finance.com,Savings,14662.73,9/18/2012,2/23/2023,682,1/09/2023,Withdrawal,619.36,14043.37,120,682,34156.03,Personal,4.45,12,12/17/2021,Closed,682,MasterCard,1825.13,719.16,33.8,8/17/2023,7/01/2023,Card payment processed.,Documents reviewed against standard criteria.,2/18/2023,Suggestion,Pending,Case closed after review.,Routine review completed; no concerns recorded.
683,Aarav,White,63,Male,"505, Rockpart boulevard",Dubai,17937590683,aarav.white@demo-finance.com,Savings,8192.07,8/05/2012,4/20/2023,683,7/30/2023,Deposit,1742.45,9934.52,70,683,10750.4,Auto,1.13,12,7/15/2021,Approved,683,AMEX,3616.92,711.28,30.88,12/20/2023,6/11/2023,Scheduled transfer completed.,emp id EMP-A00683 - pls chk before close,6/24/2023,Complaint,Resolved,Investigation remains pending.,Statement reissue requested.
684,Lisa,Baker,52,Other,"566, Belford drive",Dallas,19468400684,lisa_baker@demo-finance.com,Current,10925.72,9/26/2017,8/26/2023,684,7/13/2023,Deposit,1137.68,12063.4,100,684,22846.27,Mortgage,7.93,36,10/14/2021,Approved,684,AMEX,12734.77,5079.29,385.29,7/29/2023,4/30/2023,Cash deposit recorded.,Manual review completed.,3/15/2023,Suggestion,Resolved,Investigation remains pending.,txn ref TXN-000684-Y needs manual chk
685,Maria,Patel,41,Other,"533, Jaliso Springs street",Mumbai,12774810685,maria.patel@mailtest.net,Savings,3653.71,11/05/2004,9/30/2023,685,1/30/2023,Withdrawal,4957.17,-1303.46,92,685,35489.28,Mortgage,7.97,36,1/08/2020,Rejected,685,AMEX,4119.65,198,14.01,6/11/2023,2/13/2023,Employee identifier EMP-D00685 requires manual verification.,Manual review completed.,3/17/2023,Praise,Resolved,Investigation remains pending.,Statement reissue requested.
686,Maria,Carmichael,29,Female,"44, Airport court",London,16114540686,maria.carmichael@samplebank.com,Current,9157.9,4/07/2008,5/13/2023,686,3/25/2023,Deposit,1394.23,10552.13,110,686,40415.82,Auto,3.23,36,9/04/2021,Approved,686,AMEX,14746.13,13756.9,484.5,8/20/2023,12/04/2023,Monthly instalment received.,Manual review completed.,10/26/2023,Complaint,Resolved,txn ref TXN-000686-Z needs manual chk,Statement reissue requested.
687,James,Lewis,19,Other,"776, Viewmount lane",Toronto,14802210687,james_lewis@kag.com,Savings,14052.99,8/19/2020,7/29/2023,687,2/23/2023,Deposit,886.9,14939.89,4,687,2886.53,Auto,2.22,24,7/25/2023,Approved,687,Visa,11252.95,10534.78,733.67,6/07/2023,2/28/2023,Scheduled transfer completed.,Tanvi Mehta booked travel with British Airways to Singapore; booking reference PNRM00687 requires review.,4/28/2023,Suggestion,Pending,Case closed after review.,Routine review completed; no concerns recorded.
688,Andrew,Jones,25,Female,"535, Wanderer lane",Los Angeles,12572570688,andrew.jones@samplebank.com,Savings,10658.34,2/01/2012,7/17/2023,688,3/08/2023,Withdrawal,2641.7,8016.64,82,688,19013.83,Mortgage,8.1,36,5/16/2021,Approved,688,AMEX,1562.33,16.87,0.61,3/21/2023,5/20/2023,Booking reference PNRX00688 was flagged for additional review.,Documents reviewed against standard criteria.,5/26/2023,Suggestion,Resolved,Case closed after review.,No follow-up action currently required.
689,Arjun,Martinez,60,Female,"361, Oak boulevard",Phoenix,18262050689,arjun.martinez689@mailtest.net,Savings,8417.92,8/14/2005,9/20/2023,689,8/10/2023,Withdrawal,231.86,8186.06,102,689,30537.54,Mortgage,1.29,24,11/29/2020,Rejected,689,AMEX,12345.41,2373.46,186.67,7/11/2023,12/13/2023,Transaction TXN-000689-Y was discussed with Meera Bose at the Infosys Pune campus service desk.,No additional approval condition recorded.,11/25/2023,Complaint,Pending,Access restored after standard verification.,No follow-up action currently required.
690,Kevin,Gupta,54,Female,"279, Jaliso Springs lane",London,14583710690,kevin.gupta690@kag.com,Current,6494.8,12/11/2020,7/07/2023,690,12/22/2023,Withdrawal,67.1,6427.7,57,690,32678.36,Auto,4.93,48,3/01/2021,Approved,690,Visa,1790.22,1608.23,61.55,2/20/2023,9/24/2023,Card payment processed.,Income assessment completed.,3/19/2023,Complaint,Pending,Investigation remains pending.,Statement reissue requested.
691,Deepa,Walker,75,Female,"976, Rockham drive",Mumbai,15506240691,deepa_walker@demo-finance.com,Current,4271.05,10/03/2018,11/12/2023,691,11/28/2023,Deposit,2333.75,6604.8,82,691,29858.13,Auto,9.02,24,5/20/2020,Closed,691,Visa,11683.76,10241.66,467.94,12/22/2023,10/08/2023,Monthly instalment received.,addr/mob update not required; close req pls,12/06/2023,Praise,Pending,Access restored after standard verification.,No follow-up action currently required.
692,Thomas,Patel,74,Female,"814, Lakeview avenue",Orlando,18368300692,thomas.patel@samplebank.com,Savings,9506.15,10/02/2022,1/24/2023,692,4/10/2023,Withdrawal,734.04,8772.11,82,692,42370.99,Mortgage,1.15,12,6/13/2020,Approved,692,MasterCard,6605.81,2716.3,128.97,3/13/2023,11/13/2023,Monthly instalment received.,Income assessment completed.,10/31/2023,Praise,Pending,Employee Meera Chawla is associated with identifier EMP-B00692.,General product information provided.
693,Linda,Anderson,74,Male,"701, Lakeview pass",Sydney,14997150693,linda.anderson@mailtest.net,Savings,13154.81,1/10/2004,7/15/2023,693,6/16/2023,Deposit,2716.78,15871.59,49,693,8414.92,Personal,3.68,36,9/28/2022,Rejected,693,Visa,3024.44,297.92,7.05,11/10/2023,8/21/2023,Scheduled transfer completed.,No additional approval condition recorded.,5/08/2023,Complaint,Resolved,Request completed successfully.,No follow-up action currently required.
694,Linda,Gonzalez,22,Male,"295, Washington avenue",Dubai,18829730694,linda.gonzalez694@demo-finance.com,Savings,6332.69,1/18/2022,4/05/2023,694,9/18/2023,Withdrawal,3789.55,2543.14,63,694,34277.31,Mortgage,6.44,48,6/24/2021,Rejected,694,AMEX,5289.29,1227.02,77.52,11/12/2023,10/14/2023,Card payment processed.,Nikhil Sen is recorded as working at Acme Analytics.,2/16/2023,Praise,Pending,Investigation remains pending.,Statement reissue requested.
695,Zara,Perez,34,Male,"800, Belford lane",Orlando,19084240695,zara.perez@mailtest.net,Savings,10691.12,1/24/2008,1/21/2023,695,1/19/2023,Withdrawal,380.12,10311,31,695,12029.61,Mortgage,7.67,24,5/19/2020,Approved,695,Visa,6813.41,1937.14,70.31,9/15/2023,5/08/2023,Cash deposit recorded.,Manual review completed.,12/17/2023,Complaint,Resolved,"bkng ref PNRZ00695, cust asking for update",No follow-up action currently required.
696,John,Singh,58,Male,"133, Box court",New Delhi,17056420696,john.singh696@demo-finance.com,Savings,2373.88,3/13/2017,12/21/2023,696,8/16/2023,Withdrawal,2160.45,213.43,29,696,41617.03,Mortgage,4.9,60,5/08/2022,Rejected,696,AMEX,3956.81,3605.98,120.21,2/09/2023,5/17/2023,Card payment processed.,Documents reviewed against standard criteria.,9/22/2023,Complaint,Pending,Access restored after standard verification.,Statement reissue requested.
697,Anthony,Adams,22,Female,"230, Oak lane",Mumbai,17147560697,anthony.adams@kag.com,Current,11624.91,10/23/2004,3/28/2023,697,8/20/2023,Withdrawal,530.16,11094.75,57,697,41672.87,Auto,8.51,60,6/02/2021,Closed,697,Visa,4506.62,1926.98,61.22,5/07/2023,3/25/2023,Transaction TXN-000697-X was discussed with Pranav Kapoor at the Vertex Systems service desk.,Documents reviewed against standard criteria.,6/22/2023,Praise,Resolved,Investigation remains pending.,General product information provided.
698,Mohammed,Flores,36,Male,"499, Washington avenue",New Delhi,12633520698,mohammedflores@samplebank.com,Savings,13482.96,7/30/2022,11/04/2023,698,12/12/2023,Withdrawal,1740.51,11742.45,10,698,35184.86,Mortgage,8.22,24,4/22/2022,Approved,698,AMEX,8268.29,6492.1,514.3,9/27/2023,12/15/2023,Monthly instalment received.,Manual review completed.,7/25/2023,Praise,Pending,Request completed successfully.,Transaction reference TXN-000698-Y was escalated.
699,Zara,Wilson,35,Male,"867, Viewmount court",Bangalore,14897090699,zara_wilson@kag.com,Savings,12599.9,4/18/2020,2/09/2023,699,12/28/2023,Withdrawal,4815.61,7784.29,51,699,47794.57,Mortgage,7.65,24,4/07/2020,Closed,699,AMEX,8276.73,7370.75,415.85,9/18/2023,5/15/2023,Card payment processed.,Documents reviewed against standard criteria.,12/15/2023,Praise,Resolved,Request completed successfully.,Travel request for Nisha Khanna is linked to booking PNRU00699.
700,Deepa,Lewis,69,Male,"813, Woolworths boulevard",Sydney,17862800700,deepa.lewis@kag.com,Current,13444.29,10/28/2022,9/19/2023,700,3/10/2023,Withdrawal,2793.78,10650.51,87,700,37180.57,Auto,7.4,12,6/05/2022,Rejected,700,AMEX,2296.69,1567.32,100.24,4/25/2023,1/23/2023,Cash deposit recorded.,Income assessment completed.,11/15/2023,Praise,Pending,Investigation remains pending.,"bkng ref PNRT00700, cust asking for update"
701,Emily,Wilson,30,Female,"565, Wanderer road",Los Angeles,17835630701,emily.wilson@mailtest.net,Savings,6170.07,12/16/2020,11/07/2023,701,2/18/2023,Withdrawal,3324.93,2845.14,97,701,47655.63,Auto,2.04,48,5/02/2023,Closed,701,AMEX,14020.83,2950.73,112.57,11/20/2023,7/23/2023,Scheduled transfer completed.,Income assessment completed.,5/10/2023,Complaint,Resolved,Employee identifier EMP-D00701 requires manual verification.,Statement reissue requested.
702,Zara,Sharma,23,Other,"615, Smithford pass",Charlotte,17874050702,zara_sharma@kag.com,Current,4431.36,1/30/2009,7/06/2023,702,3/14/2023,Deposit,4214.88,8646.24,41,702,15463.12,Personal,5.58,36,9/04/2021,Approved,702,MasterCard,11943.19,6874.36,140.92,4/05/2023,9/09/2023,Cash deposit recorded.,No additional approval condition recorded.,12/15/2023,Praise,Resolved,Request completed successfully.,Statement reissue requested.
703,David,Wright,76,Female,"685, Pine road",Denver,19738760703,david.wright@mailtest.net,Current,12156.6,11/08/2014,6/02/2023,703,11/23/2023,Deposit,2355.51,14512.11,25,703,36331.84,Mortgage,2.68,60,12/15/2021,Closed,703,Visa,14943.86,10097.3,698.83,11/28/2023,6/18/2023,Card payment processed.,Documents reviewed against standard criteria.,3/26/2023,Complaint,Resolved,Access restored after standard verification.,"txn reviewed - nothing unusual, no follow-up reqd"
704,Isabella,Nelson,72,Female,"437, Rockpart boulevard",Seattle,14844990704,isabella.nelson704@demo-finance.com,Current,4344.19,3/29/2007,11/08/2023,704,3/13/2023,Transfer,2839.86,7184.05,44,704,14395.01,Mortgage,4.82,48,12/28/2022,Approved,704,MasterCard,5377.1,382.14,21.97,12/06/2023,10/31/2023,Scheduled transfer completed.,No additional approval condition recorded.,12/30/2023,Complaint,Resolved,Employee Farah Bose is associated with identifier EMP-F00704.,Statement reissue requested.
705,Vikram,Khan,21,Female,"271, Viewmount pass",Denver,15368540705,vikram_khan705@demo-finance.com,Current,11198.45,11/14/2011,9/13/2023,705,2/15/2023,Deposit,119.21,11317.66,13,705,39826.46,Personal,6.76,48,2/25/2020,Rejected,705,MasterCard,6900.11,1342.58,62.86,6/06/2023,4/30/2023,Card payment processed.,Income assessment completed.,12/06/2023,Complaint,Pending,Investigation remains pending.,emp id EMP-E00705 - pls chk before close
706,Maria,Taylor,34,Other,"410, Ironsmith avenue",Toronto,17382850706,maria.taylor706@demo-finance.com,Savings,11608.23,4/01/2006,4/23/2023,706,1/14/2023,Withdrawal,4887.83,6720.4,118,706,20439.64,Auto,6.41,48,1/13/2023,Approved,706,Visa,1706.74,56.88,4.02,10/22/2023,8/19/2023,Cash deposit recorded.,No additional approval condition recorded.,5/29/2023,Suggestion,Pending,Investigation remains pending.,Travel request for Gaurav Mehta is linked to booking PNRH00706.
707,Mohammed,Jones,71,Female,"974, Wanderer lane",Los Angeles,12519230707,mohammed.jones@demo-finance.com,Current,11612.34,7/13/2013,8/21/2023,707,8/01/2023,Deposit,1037.11,12649.45,21,707,45316.31,Auto,6.82,36,9/11/2020,Rejected,707,Visa,1724.57,331.1,9.46,7/15/2023,1/11/2023,Scheduled transfer completed.,Income assessment completed.,3/26/2023,Praise,Pending,Pranav Bose booked travel with Emirates to Singapore; booking reference PNRJ00707 requires review.,Routine review completed; no concerns recorded.
708,Margaret,Nelson,74,Other,"343, Philadephia pass",Denver,16017450708,margaret.nelson@samplebank.com,Current,5009.78,9/30/2004,12/22/2023,708,2/16/2023,Withdrawal,2912.09,2097.69,50,708,41285,Auto,8.03,36,5/29/2020,Approved,708,AMEX,2840.02,399.66,22.48,3/01/2023,12/14/2023,Interest adjustment posted.,Employee identifier EMP-F00708 requires manual verification.,8/07/2023,Praise,Resolved,Case closed after review.,No follow-up action currently required.
709,Carlos,Adams,54,Male,"217, Mount View court",Bangalore,13603940709,carlosadams@mailtest.net,Savings,3518.57,2/14/2014,2/14/2023,709,7/23/2023,Transfer,350.21,3168.36,53,709,27353.92,Auto,8.53,48,7/12/2021,Approved,709,AMEX,13212.37,9684.88,264.66,7/10/2023,1/03/2023,Card payment processed.,Anil Jain visited Fortis clinic for medical follow-up; medical reference MED-00709-42 remains active.,8/20/2023,Complaint,Pending,Access restored after standard verification.,Statement reissue requested.
710,Aisha,Garcia,24,Female,"808, Carpenter avenue",El Paso,17585040710,aisha.garcia@samplebank.com,Savings,4407.02,6/13/2008,11/10/2023,710,8/27/2023,Transfer,2055.39,2351.63,110,710,11155.39,Auto,1.98,60,3/25/2020,Closed,710,AMEX,13303.58,11354.08,458.99,4/20/2023,8/21/2023,Card payment processed.,Documents reviewed against standard criteria.,6/26/2023,Complaint,Resolved,Employee identifier EMP-D00710 requires manual verification.,Routine review completed; no concerns recorded.
711,Benjamin,Martinez,42,Male,"579, Lakeview street",Los Angeles,13526310711,benjaminmartinez@demo-finance.com,Savings,14216.8,8/07/2012,6/11/2023,711,10/15/2023,Transfer,241.47,13975.33,30,711,29200.65,Mortgage,8.17,60,3/07/2022,Rejected,711,AMEX,11796.1,1920.86,49.46,8/04/2023,9/20/2023,Cash deposit recorded.,Employee Elena Rao is associated with identifier EMP-D00711.,10/17/2023,Suggestion,Resolved,Request completed successfully.,No follow-up action currently required.
712,Patricia,Hall,36,Male,"678, Rockpart lane",Denver,14697740712,patricia.hall@mailtest.net,Savings,4702.28,7/26/2009,1/03/2023,712,11/23/2023,Withdrawal,525.09,4177.19,46,712,43609.21,Mortgage,1.25,48,2/24/2021,Closed,712,AMEX,2346.51,1026.37,59.4,8/16/2023,1/08/2023,Interest adjustment posted.,Manual review completed.,12/25/2023,Suggestion,Resolved,Request completed successfully.,No follow-up action currently required.
713,John,Sharma,33,Other,"363, Maple lane",Sydney,14123990713,john.sharma713@kag.com,Current,2406.73,9/01/2009,5/21/2023,713,9/04/2023,Deposit,4641.14,7047.87,95,713,23123.62,Personal,5.55,12,1/09/2022,Approved,713,MasterCard,11918.18,4704.76,105.64,11/23/2023,10/05/2023,Scheduled transfer completed.,The spouse of Isha Jain works at BluePeak Consulting.,7/04/2023,Praise,Resolved,Case closed after review.,General product information provided.
714,Carlos,Johnson,73,Other,"343, Columbus pass",Los Angeles,15144790714,carlos.johnson714@kag.com,Savings,5199.14,2/18/2017,3/06/2023,714,1/16/2023,Withdrawal,885.01,4314.13,89,714,39379.52,Auto,3.78,12,1/06/2022,Approved,714,AMEX,12886.91,9756.77,470.61,8/05/2023,2/03/2023,Interest adjustment posted.,No additional approval condition recorded.,1/04/2023,Complaint,Resolved,Investigation remains pending.,Booking reference PNRZ00714 was flagged for additional review.
715,Linda,Khan,45,Other,"514, Riverside court",Houston,18038490715,linda.khan715@mailtest.net,Savings,8472.31,6/12/2022,12/17/2023,715,10/03/2023,Deposit,2500.89,10973.2,111,715,46086.92,Auto,1.26,60,3/04/2020,Approved,715,Visa,8325.34,5766.86,131.99,4/21/2023,4/27/2023,Pooja Kapoor visited Manipal hospital for medicaltreatment; medical reference MED-00715-48 remains active.,No additional approval condition recorded.,4/17/2023,Praise,Resolved,Investigation remains pending.,General product information provided.
716,Maria,Walker,49,Other,"324, Oak pass",Louisville,17439720716,maria.walker@demo-finance.com,Savings,11130.11,3/17/2011,5/21/2023,716,1/17/2023,Transfer,111.59,11018.52,101,716,15708.35,Auto,4.59,48,9/09/2020,Approved,716,AMEX,10203.15,5377.38,357.51,7/18/2023,8/24/2023,Cash deposit recorded.,Manual review completed.,6/27/2023,Complaint,Pending,Shreya Bose booked travel with British Airways to London; booking reference PNRY00716 requires review.,Routine review completed; no concerns recorded.
717,Fatima,Lewis,42,Female,"386, Rockend street",Singapore,17478750717,fatima_lewis@samplebank.com,Savings,1716.31,3/21/2020,8/13/2023,717,4/05/2023,Withdrawal,245.26,1471.05,73,717,22793.39,Mortgage,3.29,60,5/26/2022,Closed,717,MasterCard,9804.72,1916.13,110.06,6/01/2023,7/11/2023,emp id EMP-E00717 - pls chk before close,Documents reviewed against standard criteria.,7/10/2023,Complaint,Pending,Access restored after standard verification.,Routine review completed; no concerns recorded.
718,William,Wright,24,Male,"991, Zeelandia avenue",New York,17893710718,william.wright718@samplebank.com,Current,12157.35,5/29/2014,1/15/2023,718,10/27/2023,Deposit,772.24,12929.59,5,718,19589.05,Auto,7.22,36,3/29/2020,Approved,718,AMEX,6665.74,3914.35,85.25,4/27/2023,11/16/2023,Monthly instalment received.,Documents reviewed against standard criteria.,9/28/2023,Suggestion,Pending,txn TXN-000718-X discussed w/ Amit Reddy at Orion Retail; pls upd case,No follow-up action currently required.
719,Isabella,Miller,22,Male,"741, Riverside pass",New Delhi,15606660719,isabella.miller@demo-finance.com,Current,11285.26,4/16/2014,4/28/2023,719,5/20/2023,Withdrawal,4842.78,6442.48,80,719,49844.07,Auto,8.52,48,6/28/2020,Closed,719,Visa,4462.6,3929.03,100.92,7/31/2023,6/06/2023,Cash deposit recorded.,Income assessment completed.,12/18/2023,Complaint,Resolved,Request completed successfully.,Medical case reference MED-00719-67 remains open.
720,Aisha,Garcia,36,Other,"189, Wanderer avenue",Chicago,13395100720,aishagarcia720@samplebank.com,Savings,7473.21,8/20/2008,10/21/2023,720,5/20/2023,Deposit,261.58,7734.79,45,720,28489.08,Auto,9.36,24,12/01/2021,Approved,720,AMEX,12492.43,3188.27,248.29,4/22/2023,10/31/2023,Card payment processed.,"txn reviewed - nothing unusual, no follow-up reqd",2/07/2023,Praise,Resolved,Access restored after standard verification.,General product information provided.
721,Aarav,Jackson,58,Other,"624, Viewmount drive",El Paso,19755050721,aarav_jackson@mailtest.net,Current,12766.25,2/22/2021,5/16/2023,721,5/29/2023,Transfer,2145.5,10620.75,78,721,45056.41,Mortgage,2.65,12,8/25/2020,Closed,721,Visa,14105.92,4371.67,118.14,8/04/2023,1/03/2023,Card payment processed.,Medical case reference MED-00721-80 remains open.,4/13/2023,Complaint,Pending,Access restored after standard verification.,Statement reissue requested.
722,Neha,Moore,77,Other,"343, Cancun street",Fort Worth,18909430722,nehamoore722@samplebank.com,Current,10563.81,9/03/2012,12/29/2023,722,8/07/2023,Deposit,2462.42,13026.23,52,722,44584.14,Auto,1.61,12,9/01/2023,Rejected,722,MasterCard,3271.17,180.84,13.44,9/05/2023,7/09/2023,Interest adjustment posted.,Transaction reference TXN-000722-X was escalated.,10/29/2023,Praise,Pending,Access restored after standard verification.,No follow-up action currently required.
723,Susan,Singh,27,Male,"263, Pine court",New York,17779770723,susan.singh@samplebank.com,Current,1523.35,3/17/2008,12/03/2023,723,1/30/2023,Transfer,3431.59,-1908.24,86,723,42087.36,Auto,8.48,12,11/01/2021,Approved,723,MasterCard,1990.92,845.42,26.35,5/24/2023,8/13/2023,Card payment processed.,Manual review completed.,4/06/2023,Praise,Resolved,Case closed after review.,Statement reissue requested.
724,Joseph,White,54,Female,"751, Seafarers avenue",Toronto,15757830724,joseph_white@samplebank.com,Savings,2948.35,7/28/2016,3/09/2023,724,5/01/2023,Withdrawal,4778.74,-1830.39,21,724,23838.28,Personal,7.94,36,7/11/2023,Closed,724,AMEX,8393.44,2711.61,204.64,5/27/2023,1/06/2023,The spouse of Pranav Das works at Acme Analytics.,No additional approval condition recorded.,10/28/2023,Complaint,Pending,Case closed after review.,Statement reissue requested.
725,Samuel,Wright,50,Male,"463, Rockpart drive",Los Angeles,18912090725,samuel_wright@kag.com,Current,11264.37,11/07/2015,5/06/2023,725,6/08/2023,Withdrawal,3619.62,7644.75,63,725,37564.16,Mortgage,8.05,60,12/22/2020,Rejected,725,AMEX,12380.5,7274.06,380.77,2/14/2023,6/11/2023,Card payment processed.,Manual review completed.,12/13/2023,Praise,Pending,Pranav Reddy visited AIIMS hospital for medicaltreatment; medical reference MED-00725-84 remains active.,Statement reissue requested.
726,Mark,Miller,44,Other,"666, Smithford boulevard",Seattle,19057800726,mark.miller726@mailtest.net,Current,9552.92,1/01/2022,12/03/2023,726,10/24/2023,Deposit,1421.8,10974.72,47,726,38970.48,Mortgage,5.78,60,5/06/2020,Rejected,726,AMEX,14833.74,12810.43,771.98,1/23/2023,2/14/2023,Scheduled transfer completed.,Manual review completed.,7/26/2023,Complaint,Resolved,Case closed after review.,Routine review completed; no concerns recorded.
727,Joshua,Clark,48,Other,"122, Rockend lane",Fort Worth,13937540727,joshua_clark727@samplebank.com,Savings,6762.64,6/04/2006,3/15/2023,727,11/07/2023,Deposit,2518.19,9280.83,110,727,12316.91,Mortgage,2.12,36,7/27/2021,Approved,727,AMEX,2892.24,981.29,49.32,6/04/2023,1/23/2023,Aditi Menon is recorded as working at BluePeak Consulting.,Manual review completed.,9/26/2023,Praise,Pending,Case closed after review.,General product information provided.
728,Benjamin,Thomas,65,Male,"822, Ironsmith lane",Portland,14152740728,benjamin.thomas@mailtest.net,Current,11296.45,10/01/2021,6/30/2023,728,2/13/2023,Withdrawal,291.94,11004.51,64,728,41971.59,Personal,6.29,24,3/10/2021,Rejected,728,AMEX,8729.54,7958.94,485.48,2/17/2023,5/19/2023,Cash deposit recorded.,Documents reviewed against standard criteria.,4/11/2023,Praise,Pending,Investigation remains pending.,Routine review completed; no concerns recorded.
729,Hannah,Moore,33,Male,"241, Chandler pass",Los Angeles,13487570729,hannah_moore@demo-finance.com,Current,14603.2,12/01/2010,10/14/2023,729,8/25/2023,Transfer,1367.41,13235.79,57,729,28473.05,Mortgage,8.03,12,2/17/2021,Closed,729,AMEX,12745.77,7532.93,170.79,7/18/2023,3/07/2023,Scheduled transfer completed.,No additional approval condition recorded.,7/04/2023,Complaint,Resolved,Transaction reference TXN-000729-Y was escalated.,No follow-up action currently required.
730,Thomas,Brown,24,Female,"902, Airport pass",Singapore,15823710730,thomas.brown730@samplebank.com,Current,9584.28,11/04/2008,1/07/2023,730,2/16/2023,Deposit,4668.4,14252.68,117,730,34944.32,Personal,8.12,36,2/09/2022,Closed,730,AMEX,10811.36,3115.95,63.72,12/14/2023,4/26/2023,Transaction reference TXN-000730-Y was escalated.,Income assessment completed.,4/27/2023,Complaint,Pending,Access restored after standard verification.,Routine review completed; no concerns recorded.
731,Joshua,Smith,48,Other,"908, Maple court",Singapore,19187780731,joshuasmith@samplebank.com,Current,4814.61,5/20/2011,12/02/2023,731,10/25/2023,Withdrawal,1293.93,3520.68,112,731,14884.06,Personal,4.66,60,11/26/2023,Closed,731,MasterCard,1780.81,1581.81,32.4,9/21/2023,1/20/2023,Cash deposit recorded.,Income assessment completed.,4/07/2023,Complaint,Resolved,Access restored after standard verification.,General product information provided.
732,Sophia,Mitchell,24,Other,"435, Pine drive",Singapore,15009560732,sophia_mitchell732@kag.com,Current,5235.78,6/30/2004,4/07/2023,732,3/14/2023,Deposit,102.31,5338.09,36,732,41072.8,Mortgage,5.74,48,10/25/2020,Closed,732,AMEX,7928.2,5773.31,348.64,1/05/2023,7/29/2023,Cash deposit recorded.,Documents reviewed against standard criteria.,5/24/2023,Praise,Resolved,Access restored after standard verification.,Routine review completed; no concerns recorded.
733,Patricia,Adams,71,Other,"267, Meadow road",Phoenix,16632720733,patricia_adams733@mailtest.net,Current,2687.69,2/13/2015,1/26/2023,733,9/28/2023,Withdrawal,2860.64,-172.95,113,733,6959.92,Personal,2.34,60,5/04/2020,Rejected,733,Visa,5817.94,2263.19,97.69,10/17/2023,3/17/2023,Monthly instalment received.,Income assessment completed.,12/17/2023,Suggestion,Resolved,Access restored after standard verification.,Routine review completed; no concerns recorded.
734,Hannah,Flores,49,Other,"483, Wanderer drive",Louisville,17034590734,hannah.flores@mailtest.net,Current,4932.27,2/25/2011,5/17/2023,734,3/07/2023,Deposit,3377.76,8310.03,19,734,37833.58,Personal,2.46,60,8/01/2023,Approved,734,Visa,9228.04,8081.08,183.52,5/20/2023,6/11/2023,Cash deposit recorded.,Documents reviewed against standard criteria.,10/27/2023,Complaint,Pending,Investigation remains pending.,General product information provided.
735,Neha,Garcia,67,Other,"675, Philadephia road",Austin,17778160735,nehagarcia735@demo-finance.com,Savings,3508.65,12/26/2005,10/15/2023,735,10/29/2023,Withdrawal,238.34,3270.31,49,735,40212.16,Mortgage,1.27,36,3/18/2021,Approved,735,Visa,7994.07,6572.82,455.78,12/30/2023,10/19/2023,The spouse of Tanvi Menon works at Wipro Hyderabad office.,Manual review completed.,8/27/2023,Praise,Resolved,Access restored after standard verification.,Routine review completed; no concerns recorded.
736,Sarah,Young,33,Male,"414, Rockham pass",Oklahoma City,19309310736,sarah.young736@demo-finance.com,Savings,11645.45,4/10/2011,12/12/2023,736,3/18/2023,Deposit,2031.7,13677.15,101,736,45491.01,Mortgage,3.85,60,9/03/2021,Approved,736,AMEX,14892.3,9399.62,330.98,10/10/2023,6/25/2023,Cash deposit recorded.,Manual review completed.,11/13/2023,Complaint,Pending,Request completed successfully.,Routine review completed; no concerns recorded.
737,Amelia,Miller,20,Male,"232, Seafarers street",Denver,19053130737,amelia.miller@demo-finance.com,Current,6175.66,8/30/2010,8/19/2023,737,3/01/2023,Withdrawal,4234.51,1941.15,106,737,28986.58,Auto,8.72,36,6/28/2021,Approved,737,Visa,14997.33,7623.37,321.32,7/06/2023,6/05/2023,Monthly instalment received.,Income assessment completed.,9/18/2023,Complaint,Pending,Request completed successfully.,Routine review completed; no concerns recorded.
738,David,Gonzalez,59,Female,"796, Box pass",Orlando,19183530738,david.gonzalez738@kag.com,Savings,11432.01,1/07/2013,6/23/2023,738,3/01/2023,Withdrawal,3287.93,8144.08,80,738,18153.52,Personal,8.21,24,9/24/2020,Approved,738,Visa,10365.95,2189.51,104.05,7/07/2023,2/10/2023,Monthly instalment received.,Manual review completed.,2/12/2023,Complaint,Resolved,Booking reference PNRE00738 was flagged for additional review.,Routine review completed; no concerns recorded.
739,Benjamin,Johnson,24,Male,"55, Carpenter lane",Orlando,17167460739,benjamin.johnson@mailtest.net,Savings,2619.79,7/05/2019,10/06/2023,739,10/25/2023,Deposit,3950.58,6570.37,4,739,25336.66,Mortgage,5.74,24,5/24/2021,Rejected,739,Visa,4467.04,1708.35,129.37,9/02/2023,11/22/2023,Monthly instalment received.,Manual review completed.,12/28/2023,Praise,Pending,Case closed after review.,Farah Das is recorded as working at Wipro Hyderabad office.
740,Emma,Perez,75,Female,"462, Viewmount court",Sydney,12819390740,emma.perez740@samplebank.com,Savings,13128.59,9/26/2005,11/12/2023,740,2/13/2023,Withdrawal,1359.82,11768.77,63,740,35725.58,Auto,1.64,60,12/22/2023,Closed,740,AMEX,14863.11,555.83,29.05,11/03/2023,2/15/2023,Cash deposit recorded.,Documents reviewed against standard criteria.,5/21/2023,Complaint,Pending,Medical case reference MED-00740-76 remains open.,No follow-up action currently required.
741,Emily,Wright,61,Other,"962, Cedar street",Austin,14186300741,emily_wright@mailtest.net,Current,10045.7,2/13/2013,8/23/2023,741,12/07/2023,Deposit,824.4,10870.1,69,741,28163.95,Mortgage,9.47,24,12/29/2022,Rejected,741,Visa,3593.22,333.36,12.54,12/18/2023,8/15/2023,Scheduled transfer completed.,Income assessment completed.,7/02/2023,Complaint,Resolved,Request completed successfully.,emp id EMP-H00741 - pls chk before close
742,Anthony,Wilson,75,Other,"634, Maple avenue",Austin,12369370742,anthony.wilson@kag.com,Savings,9376.61,11/21/2008,7/26/2023,742,4/03/2023,Withdrawal,2826.57,6550.04,105,742,10592.17,Auto,4.15,48,11/20/2022,Approved,742,AMEX,12956.15,9034.84,690.47,8/28/2023,8/10/2023,Medical case reference MED-00742-17 remains open.,Manual review completed.,7/21/2023,Complaint,Resolved,Request completed successfully.,No follow-up action currently required.
743,William,Gupta,19,Female,"991, Washington avenue",Charlotte,14817810743,williamgupta743@demo-finance.com,Current,1957.03,10/10/2007,4/22/2023,743,2/18/2023,Deposit,2385.1,4342.13,117,743,23412.16,Personal,6.22,12,4/12/2021,Rejected,743,MasterCard,9351.86,5313.72,179.02,11/13/2023,6/20/2023,Interest adjustment posted.,Manual review completed.,11/19/2023,Complaint,Pending,Case closed after review.,addr/mob update not required; close req pls
744,Michael,Smith,38,Male,"17, Cedar court",Toronto,13822940744,michaelsmith@mailtest.net,Savings,9864.94,10/27/2010,7/29/2023,744,3/20/2023,Withdrawal,4168.62,5696.32,105,744,11949.66,Personal,2.83,12,4/26/2020,Closed,744,AMEX,5598.27,4493.56,324.68,12/23/2023,2/25/2023,Card payment processed.,Rohan Desai is recorded as working at Infosys Pune campus.,11/03/2023,Complaint,Resolved,Request completed successfully.,Routine review completed; no concerns recorded.
745,Mohammed,Hall,75,Other,"972, Zeelandia street",Phoenix,13376540745,mohammedhall745@demo-finance.com,Savings,8395.15,6/14/2014,4/21/2023,745,11/10/2023,Deposit,3771.48,12166.63,23,745,37576.26,Auto,3.34,12,5/22/2022,Approved,745,AMEX,7119.03,206.55,12.78,8/19/2023,8/02/2023,Employee identifier EMP-G00745 requires manual verification.,Manual review completed.,7/03/2023,Complaint,Resolved,Access restored after standard verification.,General product information provided.
746,James,Lewis,40,Female,"290, Rockpart drive",London,15742130746,jameslewis@demo-finance.com,Savings,631.61,12/25/2019,8/31/2023,746,5/10/2023,Transfer,4336.16,4967.77,36,746,48739.5,Personal,2.2,36,8/21/2022,Approved,746,Visa,4973.32,1608.06,104.88,12/19/2023,1/17/2023,Interest adjustment posted.,Travel request for Deepak Bose is linked to booking PNRC00746.,10/31/2023,Complaint,Resolved,Access restored after standard verification.,Routine review completed; no concerns recorded.
747,Joshua,Wright,74,Male,"817, Meadow road",Charlotte,12788060747,joshuawright@demo-finance.com,Current,7551.76,5/05/2010,7/12/2023,747,12/19/2023,Deposit,1718.09,9269.85,52,747,15772.95,Auto,7.56,24,10/20/2023,Closed,747,MasterCard,9282.24,1946.91,133.99,12/04/2023,1/27/2023,Card payment processed.,Manual review completed.,11/11/2023,Complaint,Pending,Akash Menon is recorded as working at Northstar Logistics.,General product information provided.
748,Ananya,Williams,75,Male,"772, Cancun pass",Portland,13044020748,ananya_williams748@demo-finance.com,Savings,14077.28,12/02/2017,8/09/2023,748,10/15/2023,Withdrawal,4524.66,9552.62,111,748,24952.65,Auto,6.24,60,10/23/2023,Approved,748,Visa,4537.31,37.65,2.55,2/16/2023,1/19/2023,Monthly instalment received.,Sanjay Mehta works at Vertex Systems under employee ID EMP-H00748; office-location review is pending.,10/29/2023,Suggestion,Resolved,Case closed after review.,Statement reissue requested.
749,Raj,Gupta,54,Other,"383, Maple court",Dallas,17514170749,raj.gupta@kag.com,Current,12714.17,7/01/2021,4/25/2023,749,8/06/2023,Withdrawal,1936.51,10777.66,81,749,22378.06,Auto,7.9,24,5/13/2022,Approved,749,AMEX,11544.18,3444.28,151.7,1/30/2023,1/19/2023,Monthly instalment received.,"txn reviewed - nothing unusual, no follow-up reqd",8/28/2023,Praise,Pending,Access restored after standard verification.,Routine review completed; no concerns recorded.
750,Sarah,Williams,44,Other,"554, Ironsmith street",London,16587170750,sarah_williams@samplebank.com,Current,2249.58,8/02/2017,9/26/2023,750,2/09/2023,Transfer,351.96,1897.62,60,750,45247.32,Mortgage,4.21,36,3/15/2020,Approved,750,AMEX,5408.48,565.91,32.19,8/22/2023,12/25/2023,Interest adjustment posted.,Documents reviewed against standard criteria.,9/14/2023,Complaint,Pending,Case closed after review.,General product information provided.
751,Lisa,Young,47,Other,"757, Belford boulevard",Boston,15894630751,lisa.young@kag.com,Current,11147.48,2/22/2006,12/10/2023,751,6/18/2023,Transfer,492.01,11639.49,112,751,17357.81,Personal,7.88,24,2/19/2023,Rejected,751,AMEX,6837.83,914.13,71.92,6/19/2023,7/02/2023,Monthly instalment received.,No additional approval condition recorded.,1/27/2023,Complaint,Pending,Investigation remains pending.,Medical case reference MED-00751-35 remains open.
752,Fatima,Thompson,47,Female,"568, Park street",Boston,14409480752,fatimathompson@mailtest.net,Current,13062.45,12/05/2018,6/16/2023,752,6/12/2023,Deposit,4250.97,17313.42,101,752,11613.94,Mortgage,1.76,12,1/17/2020,Approved,752,Visa,3515.96,1883.81,53.52,4/24/2023,8/19/2023,Interest adjustment posted.,Income assessment completed.,3/08/2023,Praise,Pending,Case closed after review.,Priya Mehta works at Wipro Hyderabad office under employee ID EMP-A00752; office-location review is pending.
753,Thomas,Robinson,18,Female,"238, Rockend road",Charlotte,13008310753,thomas_robinson@samplebank.com,Current,10697.47,5/15/2004,9/08/2023,753,6/29/2023,Deposit,2436.63,13134.1,2,753,6585.02,Auto,5.05,36,3/06/2021,Rejected,753,AMEX,6082.77,1469.19,100.96,7/12/2023,7/24/2023,Interest adjustment posted.,Manual review completed.,11/10/2023,Praise,Resolved,Investigation remains pending.,Booking reference PNRY00753 was flagged for additional review.
754,Sarah,Jones,71,Female,"389, Woolworths drive",Seattle,14347010754,sarahjones@mailtest.net,Savings,3226.34,2/19/2012,4/21/2023,754,6/11/2023,Withdrawal,3624.16,-397.82,119,754,5498.3,Mortgage,7.85,12,2/19/2023,Closed,754,AMEX,3138.81,1967.59,94.48,7/05/2023,10/26/2023,Monthly instalment received.,Manual review completed.,6/16/2023,Praise,Resolved,Case closed after review.,"emp Dev Jain, id EMP-F00754; docs not clear"
755,Christopher,Martinez,40,Female,"87, Smithford drive",Portland,14748400755,christophermartinez@demo-finance.com,Current,5280.96,8/28/2019,3/15/2023,755,11/21/2023,Deposit,4142.38,9423.34,30,755,34510.73,Auto,1.39,12,6/01/2020,Approved,755,AMEX,9089.71,8669.89,601.93,10/11/2023,2/25/2023,Card payment processed.,txn ref TXN-000755-Z needs manual chk,9/27/2023,Suggestion,Resolved,Access restored after standard verification.,Statement reissue requested.
756,Hannah,Mitchell,25,Female,"564, Rockend drive",London,16162850756,hannah_mitchell756@kag.com,Current,13352.11,6/09/2016,1/07/2023,756,8/27/2023,Deposit,1194.05,14546.16,100,756,40240.48,Mortgage,3.03,48,3/16/2023,Closed,756,AMEX,14644.1,8065.58,186,5/15/2023,7/01/2023,Monthly instalment received.,Income assessment completed.,9/23/2023,Suggestion,Pending,Employee identifier EMP-E00756 requires manual verification.,Routine review completed; no concerns recorded.
757,Joseph,Baker,57,Female,"645, Meadow boulevard",Bangalore,16574950757,joseph.baker@demo-finance.com,Current,797.45,2/25/2006,2/10/2023,757,11/08/2023,Deposit,3914.02,4711.47,44,757,23495.72,Auto,7.4,12,7/22/2023,Rejected,757,AMEX,2123,763.61,25.23,4/22/2023,10/22/2023,Scheduled transfer completed.,No additional approval condition recorded.,11/07/2023,Suggestion,Resolved,Investigation remains pending.,Travel request for Nikhil Kumar is linked to booking PNRJ00757.
758,Raj,Martinez,44,Female,"9, Philadephia avenue",New York,15787650758,raj.martinez758@mailtest.net,Current,7606.64,11/18/2011,6/12/2023,758,4/06/2023,Withdrawal,4163.64,3443,106,758,26517.55,Auto,2.12,48,12/13/2023,Rejected,758,Visa,4387.01,3129.57,215.97,8/06/2023,2/21/2023,Scheduled transfer completed.,No additional approval condition recorded.,10/20/2023,Praise,Resolved,Request completed successfully.,General product information provided.
759,Michelle,White,65,Female,"120, Rockend drive",Dallas,12996600759,michelle.white@demo-finance.com,Current,11284.09,2/04/2012,11/16/2023,759,12/13/2023,Transfer,4772.24,6511.85,74,759,30105.46,Auto,1.42,36,6/17/2022,Closed,759,Visa,8021.36,4561.97,184.48,12/02/2023,11/13/2023,Card payment processed.,No additional approval condition recorded.,1/25/2023,Complaint,Resolved,Case closed after review.,Routine review completed; no concerns recorded.
760,Anthony,Clark,51,Male,"374, Carpenter court",Singapore,14344710760,anthonyclark@demo-finance.com,Current,2180.33,7/14/2019,2/12/2023,760,9/08/2023,Withdrawal,904.75,1275.58,101,760,36710.15,Auto,5.71,48,5/27/2020,Closed,760,MasterCard,4523.11,1237.48,37.49,8/16/2023,1/15/2023,Card payment processed.,Income assessment completed.,10/20/2023,Complaint,Resolved,Access restored after standard verification.,Medical case reference MED-00760-53 remains open.
761,Priya,Lewis,49,Female,"931, Woolworths pass",Pune,13783550761,priya_lewis@mailtest.net,Current,1132.71,3/22/2006,6/15/2023,761,6/14/2023,Deposit,582.36,1715.07,93,761,11161.2,Mortgage,6.08,24,4/01/2023,Approved,761,AMEX,6575.55,3229.36,136.69,6/23/2023,5/08/2023,Monthly instalment received.,Manual review completed.,6/16/2023,Complaint,Resolved,"bkng ref PNRQ00761, cust asking for update",Routine review completed; no concerns recorded.
762,Sophia,Harris,23,Other,"359, Zeelandia street",Los Angeles,17007280762,sophiaharris@samplebank.com,Current,10873.52,2/07/2007,7/26/2023,762,1/28/2023,Withdrawal,965.98,9907.54,22,762,12187.04,Personal,3.38,60,4/03/2022,Rejected,762,Visa,14111.46,5030.87,119.63,10/09/2023,6/16/2023,Interest adjustment posted.,Employee Nisha Kumar is associated with identifier EMP-F00762.,11/23/2023,Praise,Resolved,Access restored after standard verification.,Statement reissue requested.
763,Richard,Moore,32,Other,"535, Lakeview court",Hyderabad,14286680763,richard.moore@mailtest.net,Savings,12620.88,12/03/2022,2/07/2023,763,6/04/2023,Withdrawal,2387.37,10233.51,69,763,27274.77,Auto,2.28,24,10/19/2023,Approved,763,Visa,4862.24,2281.06,149.28,6/08/2023,3/08/2023,Monthly instalment received.,Manual review completed.,9/26/2023,Complaint,Resolved,Request completed successfully.,General product information provided.
764,Isabella,Martinez,74,Male,"766, Meadow pass",Bangalore,16789290764,isabella.martinez764@samplebank.com,Current,1093.78,10/29/2021,11/17/2023,764,11/13/2023,Deposit,2524.3,3618.08,72,764,10834.03,Mortgage,1.07,60,4/19/2023,Approved,764,AMEX,8782.17,2540.6,113.52,12/01/2023,10/28/2023,Monthly instalment received.,Booking reference PNRA00764 was flagged for additional review.,8/05/2023,Complaint,Pending,Request completed successfully.,Routine review completed; no concerns recorded.
765,Ananya,Flores,72,Female,"522, Pine drive",Seattle,14348350765,ananyaflores765@mailtest.net,Savings,4583.52,8/01/2008,1/21/2023,765,10/19/2023,Withdrawal,2267.18,2316.34,6,765,42145.8,Mortgage,8.96,12,6/12/2020,Approved,765,AMEX,13585.41,5374.78,336.06,2/14/2023,2/10/2023,Cash deposit recorded.,Income assessment completed.,5/02/2023,Complaint,Pending,Request completed successfully.,"docs chk done, no cust-specific detail noted"
766,Anthony,Adams,67,Male,"469, Cancun avenue",New York,19167570766,anthonyadams766@mailtest.net,Savings,3882.08,7/28/2014,10/22/2023,766,7/18/2023,Deposit,4038.66,7920.74,118,766,44334.8,Auto,7.79,48,2/13/2023,Approved,766,AMEX,5211.07,706.59,35.7,5/27/2023,1/08/2023,Medical case reference MED-00766-13 remains open.,Income assessment completed.,7/19/2023,Praise,Pending,Investigation remains pending.,Statement reissue requested.
767,Kavita,Davis,60,Other,"767, Pine road",Sydney,17582820767,kavitadavis767@samplebank.com,Savings,6398.52,8/03/2008,1/20/2023,767,4/06/2023,Transfer,4988.11,1410.41,71,767,22675.45,Auto,7.5,48,12/25/2022,Rejected,767,AMEX,10385.83,6173.29,367.92,2/22/2023,7/11/2023,addr/mob update not required; close req pls,No additional approval condition recorded.,7/18/2023,Complaint,Resolved,Investigation remains pending.,Statement reissue requested.
768,Amelia,Martin,27,Other,"687, Jaliso Springs road",Bangalore,18204290768,amelia_martin@kag.com,Savings,9369.98,11/12/2021,10/25/2023,768,6/15/2023,Transfer,153.69,9216.29,100,768,47951.93,Mortgage,6.14,12,1/24/2023,Rejected,768,AMEX,1725.9,478.34,10.17,11/05/2023,2/20/2023,Medical case reference MED-00768-13 remains open.,No additional approval condition recorded.,6/15/2023,Complaint,Resolved,Access restored after standard verification.,Statement reissue requested.
769,Ananya,Adams,67,Other,"710, Woolworths avenue",Louisville,18205510769,ananyaadams769@demo-finance.com,Current,7374.83,9/04/2012,10/19/2023,769,1/18/2023,Withdrawal,2642.9,4731.93,13,769,2571.47,Mortgage,2.04,48,7/14/2023,Approved,769,AMEX,13964.82,1169.16,69.86,9/21/2023,7/18/2023,Scheduled transfer completed.,No additional approval condition recorded.,8/29/2023,Praise,Pending,Case closed after review.,Statement reissue requested.
770,Carlos,Johnson,65,Male,"868, Chandler lane",Dallas,15219020770,carlos.johnson770@mailtest.net,Current,12664.4,12/05/2013,6/30/2023,770,2/12/2023,Withdrawal,1798.68,10865.72,44,770,9212.17,Auto,4.97,24,4/06/2020,Approved,770,AMEX,8042.08,5133.2,398.12,6/03/2023,1/10/2023,Interest adjustment posted.,No additional approval condition recorded.,3/02/2023,Praise,Resolved,Request completed successfully.,Statement reissue requested.
771,Hannah,Clark,68,Other,"53, Belford court",Seattle,15047130771,hannah.clark@kag.com,Current,930.65,1/01/2004,9/15/2023,771,8/10/2023,Transfer,3906.69,4837.34,93,771,22394.49,Personal,3.97,48,8/09/2020,Rejected,771,Visa,12523.21,11300.18,342.39,4/11/2023,2/28/2023,Monthly instalment received.,Transaction TXN-000771-Z was discussed with Pooja Sen at the Infosys Pune campus service desk.,8/24/2023,Praise,Resolved,Investigation remains pending.,Routine review completed; no concerns recorded.
772,James,Wright,71,Female,"715, Chandler drive",Charlotte,12915700772,james.wright@mailtest.net,Current,14017.14,5/10/2012,3/15/2023,772,7/12/2023,Deposit,644.12,14661.26,79,772,34109.6,Auto,8.81,36,9/09/2022,Rejected,772,MasterCard,4443.08,1426.35,34.85,8/18/2023,7/11/2023,Travel request for Anita Nair is linked to booking PNRN00772.,Manual review completed.,11/24/2023,Suggestion,Resolved,Investigation remains pending.,General product information provided.
773,Susan,Smith,36,Other,"327, Columbus court",Columbus,19333130773,susansmith@kag.com,Savings,13416.62,10/22/2022,2/28/2023,773,3/26/2023,Transfer,3091.97,16508.59,18,773,42320.09,Auto,1.16,60,4/13/2021,Rejected,773,AMEX,2081.57,950.55,52.96,9/06/2023,10/28/2023,Cash deposit recorded.,No additional approval condition recorded.,11/23/2023,Praise,Resolved,Access restored after standard verification.,General product information provided.
774,Mary,Khan,21,Male,"389, Philadephia avenue",Bangalore,15006520774,mary_khan774@samplebank.com,Savings,14085.65,9/26/2007,8/04/2023,774,5/28/2023,Withdrawal,4066.06,10019.59,59,774,32590.93,Auto,5.48,24,7/07/2022,Approved,774,MasterCard,5417.08,5358.74,248.18,12/06/2023,7/25/2023,Monthly instalment received.,Manual review completed.,5/15/2023,Praise,Resolved,Employee Meera Reddy is associated with identifier EMP-C00774.,No follow-up action currently required.
775,Mark,Robinson,44,Female,"937, Rockpart drive",Phoenix,15438060775,mark.robinson775@kag.com,Savings,9575.45,9/04/2019,11/16/2023,775,9/11/2023,Transfer,3594.63,5980.82,1,775,5651.39,Mortgage,9.27,48,12/27/2023,Closed,775,AMEX,9685.36,1411.38,50.95,9/13/2023,7/31/2023,Cash deposit recorded.,Manual review completed.,11/25/2023,Suggestion,Pending,Transaction TXN-000775-Z was discussed with Amit Roy at the Orion Retail service desk.,Statement reissue requested.
776,Carlos,Williams,36,Female,"813, Pine drive",Louisville,14015070776,carlos.williams@kag.com,Current,1389.92,11/11/2011,4/30/2023,776,5/25/2023,Deposit,454.99,1844.91,5,776,10285.38,Mortgage,1.24,24,6/02/2022,Rejected,776,Visa,2166.18,747.09,21.11,8/15/2023,7/01/2023,"spouse of Aditi Mehta at Wipro Hyderabad office, pls upd notes",Income assessment completed.,11/15/2023,Complaint,Pending,Investigation remains pending.,Statement reissue requested.
777,Amanda,Patel,34,Female,"821, Zeelandia court",New Delhi,16422600777,amandapatel@mailtest.net,Savings,12928.49,4/11/2004,9/23/2023,777,10/19/2023,Withdrawal,3005.99,9922.5,14,777,14439.68,Personal,2.01,36,2/21/2022,Approved,777,Visa,10501.31,8115.2,413.24,7/19/2023,11/21/2023,Interest adjustment posted.,Documents reviewed against standard criteria.,10/30/2023,Suggestion,Pending,Employee identifier EMP-F00777 requires manual verification.,General product information provided.
778,Zara,Miller,32,Male,"19, Meadow lane",Louisville,16107890778,zara.miller@demo-finance.com,Savings,3295.68,11/09/2018,9/25/2023,778,12/12/2023,Withdrawal,3275.27,20.41,74,778,33817.97,Mortgage,1.67,60,12/23/2023,Rejected,778,Visa,3847.81,2085.1,149.93,6/01/2023,8/22/2023,Cash deposit recorded.,No additional approval condition recorded.,1/30/2023,Complaint,Resolved,Access restored after standard verification.,"emp Gaurav Jain @ Vertex Systems, emp id EMP-C00778; addr/mob chk pending"
779,Kavita,Moore,39,Other,"377, Rockham avenue",Bangalore,14092790779,kavita_moore@demo-finance.com,Savings,12432.79,1/06/2008,9/08/2023,779,3/17/2023,Withdrawal,714.32,11718.47,27,779,1912.83,Auto,3.99,36,1/12/2020,Closed,779,MasterCard,3046.8,774.94,42.51,10/06/2023,6/12/2023,Card payment processed.,Income assessment completed.,5/04/2023,Complaint,Resolved,Investigation remains pending.,Employee identifier EMP-A00779 requires manual verification.
780,Kavita,Martin,75,Female,"980, Oak lane",Singapore,18747430579,kavita.martin@mailtest.net,Current,14838.48,3/27/2015,1/14/2023,780,3/07/2023,Withdrawal,4561.53,10276.95,58,780,20107.09,Personal,5.5,24,8/13/2020,Approved,780,Visa,5432.73,3372.71,136.57,4/15/2023,10/20/2023,Monthly instalment received.,No additional approval condition recorded.,10/11/2023,Complaint,Resolved,Investigation remains pending.,General product information provided.
781,Sarah,Baker,77,Other,"812, Jaliso Springs drive",Louisville,14047510781,sarah.baker781@demo-finance.com,Savings,1225.43,10/24/2020,10/28/2023,781,11/23/2023,Withdrawal,851.23,374.2,11,781,8260.75,Mortgage,2.27,48,6/03/2021,Rejected,781,Visa,12689.84,11429.22,745.25,10/25/2023,12/05/2023,Interest adjustment posted.,Anil Bose works at Infosys Pune campus under employee ID EMP-F00781; office-location review is pending.,12/17/2023,Praise,Resolved,Investigation remains pending.,General product information provided.
782,Maria,Ramirez,43,Male,"750, Belford street",Pune,13442240782,maria.ramirez@demo-finance.com,Current,1360.42,1/12/2004,1/15/2023,782,3/07/2023,Transfer,1166.12,194.3,109,782,47093.02,Auto,4.41,12,9/28/2021,Approved,782,Visa,2804.78,1513.14,77.6,12/25/2023,7/13/2023,Sanjay Roy is recorded as working at BluePeak Consulting.,No additional approval condition recorded.,8/05/2023,Praise,Pending,Request completed successfully.,General product information provided.
783,Patricia,Brown,52,Male,"673, Riverside boulevard",Los Angeles,13745830783,patricia_brown783@kag.com,Current,6710.3,12/02/2017,5/26/2023,783,8/27/2023,Deposit,3552.71,10263.01,39,783,49511.35,Personal,6.09,36,12/03/2020,Approved,783,MasterCard,12100.19,5598.24,209.62,6/06/2023,8/10/2023,Monthly instalment received.,Manual review completed.,12/07/2023,Complaint,Pending,Investigation remains pending.,No follow-up action currently required.
784,Linda,Baker,56,Male,"112, Columbus pass",El Paso,15139170784,linda.baker@mailtest.net,Current,14006.59,4/23/2020,2/03/2023,784,1/01/2023,Transfer,3364.46,10642.13,82,784,17608.26,Auto,3.31,12,2/02/2020,Closed,784,AMEX,8562.97,6594.37,458.12,7/21/2023,2/26/2023,Booking reference PNRP00784 was flagged for additional review.,Manual review completed.,1/15/2023,Praise,Pending,Request completed successfully.,Statement reissue requested.
785,Robert,Rodriguez,38,Female,"934, Mount View avenue",Bangalore,13157700785,robert.rodriguez@mailtest.net,Savings,11995.63,12/17/2008,7/14/2023,785,8/04/2023,Deposit,2349.8,14345.43,104,785,39456.09,Mortgage,2.04,36,4/03/2020,Approved,785,AMEX,5334.62,1081.59,60.69,8/16/2023,2/11/2023,Cash deposit recorded.,No additional approval condition recorded.,1/26/2023,Complaint,Resolved,Access restored after standard verification.,General product information provided.
786,Anthony,Baker,30,Other,"45, Zeelandia pass",Columbus,17946030786,anthonybaker786@mailtest.net,Savings,6355.76,1/04/2011,2/20/2023,786,11/01/2023,Withdrawal,4460.97,1894.79,62,786,42654.6,Personal,2.71,48,5/11/2020,Rejected,786,AMEX,3062.72,2701.89,204.66,7/14/2023,10/12/2023,Scheduled transfer completed.,Employee identifier EMP-B00786 requires manual verification.,10/21/2023,Praise,Pending,Request completed successfully.,Statement reissue requested.
787,Daniel,Jackson,61,Male,"707, Pine court",Louisville,19497370787,daniel_jackson787@kag.com,Current,3803.71,10/04/2010,3/24/2023,787,12/14/2023,Transfer,2220.71,6024.42,56,787,26228.09,Auto,3.7,36,1/06/2021,Closed,787,MasterCard,4002.19,3564.1,275.13,5/18/2023,4/11/2023,Interest adjustment posted.,No additional approval condition recorded.,9/07/2023,Suggestion,Resolved,Access restored after standard verification.,Booking reference PNRD00787 was flagged for additional review.
788,Raj,Taylor,47,Other,"433, Smithford court",Singapore,12826150788,rajtaylor788@samplebank.com,Current,12112.06,4/25/2012,7/01/2023,788,1/25/2023,Deposit,1368.25,13480.31,19,788,44555.78,Mortgage,6.21,24,11/08/2023,Approved,788,MasterCard,10854.18,9207.8,360.02,6/28/2023,12/09/2023,Card payment processed.,Medical case reference MED-00788-22 remains open.,9/21/2023,Suggestion,Pending,Investigation remains pending.,Statement reissue requested.
789,Maria,Perez,39,Other,"129, Meadow pass",Portland,19487470789,mariaperez@samplebank.com,Savings,12838.78,9/17/2020,1/19/2023,789,2/06/2023,Deposit,4197.88,17036.66,102,789,14054.23,Mortgage,9.22,48,3/23/2023,Rejected,789,AMEX,9003.63,6588.59,395.71,11/18/2023,1/17/2023,Cash deposit recorded.,Manual review completed.,11/28/2023,Complaint,Pending,Investigation remains pending.,Statement reissue requested.
790,Aisha,Martinez,64,Female,"412, Seafarers street",Mumbai,15737470790,aisha.martinez@kag.com,Current,873.04,11/27/2007,7/26/2023,790,10/07/2023,Withdrawal,3428.08,-2555.04,116,790,43822.23,Auto,9.34,48,12/29/2023,Approved,790,AMEX,12081.54,5704.07,450.22,10/19/2023,12/26/2023,Transaction reference TXN-000790-X was escalated.,Income assessment completed.,4/14/2023,Suggestion,Pending,Case closed after review.,No follow-up action currently required.
791,Margaret,Brown,75,Female,"449, Cedar road",San Diego,17694620791,margaret.brown791@samplebank.com,Current,2074.11,2/15/2017,10/26/2023,791,3/16/2023,Deposit,2908.62,4982.73,120,791,7974.39,Auto,3.46,48,7/15/2021,Approved,791,AMEX,4320.42,3654.37,85.93,3/10/2023,10/05/2023,Scheduled transfer completed.,No additional approval condition recorded.,7/04/2023,Praise,Resolved,Booking reference PNRT00791 was flagged for additional review.,No follow-up action currently required.
792,Samuel,Martin,32,Female,"208, Philadephia avenue",Bangalore,15769590792,samuel.martin@mailtest.net,Savings,5113.9,10/27/2011,12/20/2023,792,5/07/2023,Withdrawal,1119.93,3993.97,101,792,2235.4,Auto,5.31,24,3/14/2023,Approved,792,MasterCard,13377.29,11626.99,340.52,10/18/2023,10/18/2023,Card payment processed.,Documents reviewed against standard criteria.,4/17/2023,Complaint,Pending,Request completed successfully.,General product information provided.
793,Christopher,Davis,49,Other,"935, Rockend lane",Seattle,19408300793,christopher.davis@samplebank.com,Savings,4792.36,7/02/2016,8/08/2023,793,12/22/2023,Withdrawal,2259.15,2533.21,82,793,37022.99,Auto,1.82,24,9/18/2023,Rejected,793,Visa,3644.32,1432.64,68.54,4/09/2023,4/26/2023,Cash deposit recorded.,Income assessment completed.,4/03/2023,Suggestion,Resolved,Request completed successfully.,Akash Bansal booked travel with Singapore Airlines to Toronto; booking reference PNRS00793 requires review.
794,Susan,Harris,61,Male,"790, Maple avenue",Oklahoma City,17852510794,susan_harris794@samplebank.com,Current,7414.93,3/30/2008,12/04/2023,794,12/02/2023,Withdrawal,3364.95,4049.98,9,794,39702.19,Auto,5.44,36,7/25/2020,Approved,794,AMEX,10110.22,672.58,23.35,9/29/2023,3/19/2023,Interest adjustment posted.,No additional approval condition recorded.,3/22/2023,Complaint,Resolved,Employee identifier EMP-G00794 requires manual verification.,No follow-up action currently required.
795,Hannah,Torres,36,Female,"798, Airport road",Portland,17698510795,hannah.torres@samplebank.com,Savings,14937.45,1/10/2007,1/19/2023,795,5/01/2023,Withdrawal,4246.03,10691.42,113,795,8754.56,Mortgage,7.19,12,8/03/2021,Approved,795,MasterCard,7474.04,6672.7,387.6,9/04/2023,5/02/2023,Employee identifier EMP-G00795 requires manual verification.,No additional approval condition recorded.,5/01/2023,Suggestion,Pending,Investigation remains pending.,Routine review completed; no concerns recorded.
796,Aarav,Sharma,30,Other,"893, Chandler road",Pune,18812890796,aarav.sharma@mailtest.net,Savings,7525.48,3/25/2020,9/07/2023,796,10/10/2023,Withdrawal,1267.94,6257.54,22,796,25085.7,Mortgage,4.32,60,4/17/2022,Approved,796,AMEX,10595.52,7721.94,526.55,4/14/2023,3/24/2023,Scheduled transfer completed.,No additional approval condition recorded.,1/19/2023,Suggestion,Resolved,Access restored after standard verification.,General product information provided.
797,Amanda,Robinson,67,Male,"894, Carpenter street",Orlando,16097400797,amanda.robinson797@samplebank.com,Savings,11769.45,10/17/2008,10/29/2023,797,4/15/2023,Withdrawal,3171.57,8597.88,112,797,27309.73,Mortgage,7.44,60,5/13/2020,Rejected,797,AMEX,14119.09,2526.9,179.34,12/21/2023,1/31/2023,Scheduled transfer completed.,Transaction TXN-000797-Y was discussed with Kavita Roy at the Wipro Hyderabad office service desk.,10/31/2023,Complaint,Pending,Request completed successfully.,General product information provided.
798,Edward,Martinez,73,Other,"4, Belford lane",Denver,19399480798,edward.martinez@demo-finance.com,Current,6752.02,8/12/2004,8/13/2023,798,12/19/2023,Transfer,3410.73,10162.75,61,798,3741.96,Auto,1.94,60,8/18/2020,Approved,798,AMEX,6716.28,4608.04,326.45,8/28/2023,1/17/2023,Raj Desai booked travel with IndiGo to Toronto; booking reference PNRS00798 requires review.,Manual review completed.,1/13/2023,Complaint,Pending,Request completed successfully.,General product information provided.
799,David,Davis,18,Female,"785, Viewmount court",Portland,18975440799,david.davis@samplebank.com,Current,14819.49,8/10/2004,5/31/2023,799,8/03/2023,Deposit,4837.26,19656.75,116,799,2971.58,Auto,7.83,48,6/13/2020,Closed,799,AMEX,12405.6,700.71,46.39,11/04/2023,10/11/2023,Monthly instalment received.,Manual review completed.,2/10/2023,Complaint,Resolved,Request completed successfully.,addr/mob update not required; close req pls
800,Benjamin,Thomas,74,Male,"552, Columbus lane",Dubai,19053100800,benjamin.thomas@mailtest.net,Savings,4202.94,9/23/2012,3/23/2023,800,8/17/2023,Transfer,834.82,5037.76,68,800,4990.39,Auto,8.46,60,12/18/2020,Closed,800,AMEX,12234.28,11826.05,616.43,2/16/2023,8/24/2023,Scheduled transfer completed.,Manual review completed.,4/26/2023,Suggestion,Resolved,Travel request for Akash Menon is linked to booking PNRW00800.,General product information provided.
801,Linda,Jackson,30,Male,"999, Woolworths street",Hyderabad,18983490801,linda.jackson@demo-finance.com,Current,11296.32,12/14/2020,2/11/2023,801,5/30/2023,Transfer,426.22,10870.1,102,801,6941.55,Mortgage,8.13,48,5/22/2023,Closed,801,MasterCard,10792.08,10341.32,746.01,4/14/2023,7/09/2023,Scheduled transfer completed.,Documents reviewed against standard criteria.,7/30/2023,Complaint,Resolved,Request completed successfully.,Routine review completed; no concerns recorded.
802,Kavita,Mitchell,18,Female,"644, Washington avenue",Phoenix,16248070802,kavitamitchell802@samplebank.com,Savings,14825.57,2/21/2015,12/30/2023,802,6/21/2023,Transfer,2516.5,12309.07,21,802,10715.69,Auto,2.84,48,12/05/2021,Approved,802,AMEX,14866.82,4519.8,323.01,4/02/2023,3/05/2023,Monthly instalment received.,No additional approval condition recorded.,7/18/2023,Praise,Resolved,Transaction reference TXN-000802-Z was escalated.,Routine review completed; no concerns recorded.
803,Rahul,Williams,62,Other,"975, Carpenter avenue",Chicago,18057350803,rahul_williams803@demo-finance.com,Current,2177.96,5/12/2015,10/08/2023,803,6/01/2023,Deposit,767.83,2945.79,44,803,9144.9,Mortgage,3.07,60,12/24/2021,Approved,803,AMEX,9472.3,5661.49,122.28,5/17/2023,7/31/2023,Monthly instalment received.,Income assessment completed.,12/07/2023,Praise,Pending,Access restored after standard verification.,Nikhil Das works at Wipro Hyderabad office under employee ID EMP-E00803; office-location review is pending.
804,Joshua,Davis,51,Other,"569, Ironsmith pass",Sydney,16458660804,joshua.davis@kag.com,Savings,8692.8,6/17/2007,1/18/2023,804,12/12/2023,Transfer,4187.55,4505.25,36,804,28412.41,Mortgage,4.49,12,1/31/2021,Approved,804,AMEX,4496.98,696.58,30.85,11/21/2023,3/02/2023,Monthly instalment received.,Documents reviewed against standard criteria.,2/05/2023,Praise,Pending,Case closed after review.,Vivek Mehta is recorded as working at TCS Bangalore HQ.
805,Amelia,Jackson,38,Female,"561, Carpenter avenue",Oklahoma City,13803040805,amelia_jackson@mailtest.net,Current,9004.04,11/17/2016,2/16/2023,805,7/04/2023,Transfer,254.64,8749.4,17,805,4252.37,Auto,9.44,48,12/27/2023,Approved,805,AMEX,4877.17,4687.54,278.55,8/22/2023,3/20/2023,Cash deposit recorded.,The spouse of Alisha Desai works at TCS Bangalore HQ.,12/24/2023,Suggestion,Resolved,Access restored after standard verification.,General product information provided.
806,Robert,Perez,40,Other,"277, Rockham pass",Dallas,17299860806,robert_perez@mailtest.net,Savings,12597.28,9/27/2021,12/02/2023,806,1/21/2023,Deposit,369.98,12967.26,103,806,15186.82,Auto,7.63,60,8/31/2022,Approved,806,AMEX,7924.81,679.13,50.67,11/25/2023,7/28/2023,Interest adjustment posted.,No additional approval condition recorded.,12/01/2023,Suggestion,Pending,Request completed successfully.,No follow-up action currently required.
807,Carlos,Robinson,66,Other,"769, Carpenter drive",Sydney,19584990807,carlos.robinson@mailtest.net,Savings,6569.32,1/25/2007,10/30/2023,807,5/16/2023,Withdrawal,4133.84,2435.48,72,807,35198.82,Auto,3.02,60,4/28/2020,Approved,807,Visa,3121.75,369.87,14.13,2/17/2023,9/26/2023,Monthly instalment received.,Documents reviewed against standard criteria.,9/11/2023,Praise,Pending,Request completed successfully.,Statement reissue requested.
808,Michael,Jones,76,Other,"817, Meadow court",Dubai,17752890808,michaeljones@mailtest.net,Current,13076.05,4/14/2016,4/19/2023,808,3/10/2023,Deposit,1874.56,14950.61,5,808,29307.02,Mortgage,7.35,36,7/21/2023,Closed,808,Visa,1721.49,1056.88,68.59,4/06/2023,12/24/2023,Monthly instalment received.,Documents reviewed against standard criteria.,7/13/2023,Complaint,Pending,Employee Raj Sen is associated with identifier EMP-F00808.,General product information provided.
809,Emma,Martinez,73,Male,"58, Columbus pass",Bangalore,12748570809,emmamartinez809@mailtest.net,Current,2112.95,7/23/2019,7/07/2023,809,12/01/2023,Deposit,1368.68,3481.63,38,809,40659.58,Mortgage,2.39,60,1/16/2023,Approved,809,AMEX,9013.97,7746.09,396.65,5/13/2023,4/15/2023,Monthly instalment received.,Income assessment completed.,6/08/2023,Complaint,Resolved,Request completed successfully.,txn ref TXN-000809-Z needs manual chk
810,Mary,Lee,77,Male,"954, Belford drive",Portland,16093880810,mary.lee810@samplebank.com,Savings,12176.26,7/21/2016,6/11/2023,810,8/17/2023,Withdrawal,3285.97,8890.29,46,810,29637.09,Mortgage,7.06,60,9/24/2022,Rejected,810,Visa,3409,530.75,36.55,7/25/2023,8/23/2023,Employee Meera Sen is associated with identifier EMP-F00810.,Documents reviewed against standard criteria.,1/16/2023,Complaint,Resolved,Case closed after review.,No follow-up action currently required.
811,Mary,Thomas,65,Male,"567, Viewmount street",London,14028600811,mary.thomas@samplebank.com,Current,12662.31,8/03/2016,4/30/2023,811,5/11/2023,Deposit,929.15,13591.46,104,811,10136.85,Auto,8.16,48,6/21/2023,Rejected,811,MasterCard,12085.35,234.73,16.99,5/07/2023,8/05/2023,Cash deposit recorded.,Documents reviewed against standard criteria.,12/10/2023,Complaint,Resolved,Employee identifier EMP-F00811 requires manual verification.,General product information provided.
812,Nancy,Carmichael,37,Male,"487, Riverside lane",El Paso,13435590812,nancy_carmichael812@samplebank.com,Savings,5287.36,6/06/2018,1/02/2023,812,10/01/2023,Withdrawal,1747.8,3539.56,17,812,13273.68,Auto,8.08,60,10/24/2021,Approved,812,Visa,2264.38,664.86,15.25,2/13/2023,3/26/2023,Monthly instalment received.,Income assessment completed.,7/22/2023,Complaint,Resolved,Case closed after review.,Routine review completed; no concerns recorded.
813,Emma,Robinson,32,Male,"511, Washington road",Charlotte,14964020813,emma.robinson@samplebank.com,Current,12024.04,12/02/2012,1/07/2023,813,3/30/2023,Withdrawal,2649.05,9374.99,96,813,46366.28,Auto,4.07,24,12/06/2023,Rejected,813,MasterCard,7064.99,5973.52,398.38,7/24/2023,5/03/2023,Card payment processed.,Income assessment completed.,11/24/2023,Suggestion,Resolved,Request completed successfully.,Raj Khanna works @ Vertex Systems; emp info needs chk
814,Priya,Johnson,26,Other,"776, Oak road",Bangalore,15092110814,priyajohnson814@kag.com,Current,7025.19,2/17/2004,11/01/2023,814,3/04/2023,Deposit,1704.47,8729.66,108,814,27251.15,Auto,6.16,48,5/07/2023,Rejected,814,MasterCard,10345.35,955.71,58.41,9/27/2023,3/04/2023,Card payment processed.,Manual review completed.,7/09/2023,Praise,Pending,Request completed successfully.,Booking reference PNRJ00814 was flagged for additional review.
815,Kavita,Harris,43,Other,"946, Park pass",El Paso,18104560815,kavita.harris815@kag.com,Current,3917.65,6/27/2017,9/05/2023,815,8/24/2023,Deposit,3818.23,7735.88,64,815,4961.34,Auto,4.92,36,5/09/2023,Closed,815,Visa,6159.57,3371.25,122.5,10/13/2023,5/12/2023,Card payment processed.,No additional approval condition recorded.,11/10/2023,Suggestion,Resolved,Investigation remains pending.,Transaction TXN-000815-Z was discussed with Isha Das at the Orion Retail service desk.
816,Anthony,Jones,52,Other,"796, Woolworths pass",Sydney,15036820816,anthony.jones@kag.com,Current,5065.27,12/23/2018,3/20/2023,816,1/07/2023,Transfer,4141.79,9207.06,80,816,12480.98,Mortgage,6.56,60,2/07/2020,Rejected,816,AMEX,13934.14,6569.82,440.71,12/17/2023,3/06/2023,Card payment processed.,Income assessment completed.,6/21/2023,Praise,Pending,Access restored after standard verification.,Routine review completed; no concerns recorded.
817,Michael,Martin,40,Female,"930, Riverside street",Columbus,17362510817,michael.martin@mailtest.net,Current,12613.09,3/03/2022,5/26/2023,817,8/14/2023,Transfer,2056.1,10556.99,64,817,12369.21,Auto,5.3,12,1/20/2020,Closed,817,AMEX,6977.6,4721.07,343.29,9/07/2023,7/31/2023,Scheduled transfer completed.,Manual review completed.,9/09/2023,Praise,Resolved,Request completed successfully.,Routine review completed; no concerns recorded.
818,George,Martin,18,Other,"436, Airport boulevard",Toronto,19357120818,george.martin818@mailtest.net,Savings,1174.64,7/22/2016,4/01/2023,818,7/29/2023,Deposit,3118.29,4292.93,56,818,29203.12,Mortgage,7.57,60,3/05/2022,Approved,818,AMEX,5769.2,3485.3,128.26,4/29/2023,9/05/2023,Scheduled transfer completed.,Documents reviewed against standard criteria.,2/13/2023,Suggestion,Resolved,Request completed successfully.,No follow-up action currently required.
819,Amanda,Carmichael,52,Other,"573, Chandler road",Houston,16339000819,amanda.carmichael@demo-finance.com,Savings,2173.61,3/24/2010,4/08/2023,819,10/01/2023,Withdrawal,3914.87,-1741.26,31,819,29447.92,Auto,5.38,24,4/28/2020,Closed,819,AMEX,5993.35,506.82,19.4,4/13/2023,6/08/2023,Scheduled transfer completed.,No additional approval condition recorded.,7/22/2023,Suggestion,Pending,"med ref MED-00819-20 still open, appt note pending",Statement reissue requested.
820,Lisa,Gupta,30,Other,"575, Carpenter lane",Mumbai,12302730820,lisa.gupta@samplebank.com,Current,1675.23,7/20/2022,8/12/2023,820,9/20/2023,Withdrawal,1119.85,555.38,16,820,21985.31,Auto,4.91,24,11/21/2023,Rejected,820,AMEX,13073.97,6415.08,210.76,2/07/2023,1/19/2023,Monthly instalment received.,Manual review completed.,4/28/2023,Praise,Pending,Case closed after review.,Travel request for Kavita Menon is linked to booking PNRJ00820.
821,Vikram,Garcia,75,Female,"552, Wanderer road",Denver,17793530821,vikram.garcia@kag.com,Current,3179.65,8/20/2017,4/24/2023,821,12/12/2023,Deposit,2079.22,5258.87,71,821,40771.47,Mortgage,3.45,36,7/14/2021,Rejected,821,MasterCard,3676.6,1024.47,33.05,8/05/2023,4/16/2023,Interest adjustment posted.,"Harish Sen flying British Airways to Toronto, pnr PNRA00821; cust msg recd",3/06/2023,Complaint,Resolved,Access restored after standard verification.,General product information provided.
822,Anthony,Hall,40,Male,"118, Belford street",Fort Worth,16547800822,anthony.hall822@kag.com,Current,6349.86,12/14/2004,4/10/2023,822,5/24/2023,Deposit,549.54,6899.4,115,822,29719.1,Auto,2.25,12,4/04/2023,Rejected,822,AMEX,13374.45,4084.47,181.75,11/11/2023,9/06/2023,Interest adjustment posted.,Documents reviewed against standard criteria.,11/18/2023,Praise,Resolved,Request completed successfully.,Transaction TXN-000822-Z was discussed with Kabir Das at the Acme Analytics service desk.
823,Christopher,Smith,35,Male,"371, Chandler drive",Philadelphia,15598800823,christopher.smith@samplebank.com,Savings,14623.52,11/19/2021,10/04/2023,823,4/13/2023,Deposit,4350.38,18973.9,82,823,45517.89,Mortgage,8.35,60,1/12/2022,Closed,823,Visa,7444.65,4996.85,137.08,3/29/2023,5/08/2023,Card payment processed.,Income assessment completed.,1/29/2023,Complaint,Pending,Access restored after standard verification.,General product information provided.
824,Mary,Singh,47,Other,"518, Rockham road",Dallas,14664290824,mary.singh@demo-finance.com,Savings,9156.16,10/05/2013,8/19/2023,824,10/24/2023,Deposit,1394.77,10550.93,7,824,7853.27,Mortgage,7.02,36,4/03/2020,Approved,824,AMEX,8335.6,580.92,25.41,10/28/2023,2/11/2023,Scheduled transfer completed.,Travel request for Kabir Chawla is linked to booking PNRC00824.,9/06/2023,Praise,Resolved,Case closed after review.,Routine review completed; no concerns recorded.
825,Lisa,Gupta,55,Other,"407, Washington lane",Seattle,19629470825,lisagupta825@kag.com,Savings,6650.19,3/03/2022,10/14/2023,825,7/26/2023,Deposit,3255.52,9905.71,8,825,28998.08,Auto,5.34,24,2/18/2020,Approved,825,AMEX,1594.08,794.53,16.48,2/23/2023,9/17/2023,Scheduled transfer completed.,Income assessment completed.,9/13/2023,Complaint,Pending,Request completed successfully.,No follow-up action currently required.
826,Kevin,Martin,61,Other,"445, Wanderer boulevard",Houston,12044080826,kevin.martin@kag.com,Current,1905.48,9/15/2018,8/14/2023,826,7/25/2023,Transfer,4305.29,-2399.81,105,826,27140.45,Mortgage,4.54,60,1/31/2023,Approved,826,AMEX,8519.19,4833.98,136.36,11/19/2023,8/21/2023,"bkng ref PNRU00826, cust asking for update",Income assessment completed.,12/10/2023,Praise,Resolved,Investigation remains pending.,General product information provided.
827,Joseph,Gonzalez,65,Other,"527, Ironsmith lane",Fort Worth,12546610827,josephgonzalez@kag.com,Current,7637.82,10/10/2006,9/07/2023,827,1/06/2023,Deposit,3297.01,10934.83,79,827,38373.75,Auto,8.71,24,11/17/2020,Approved,827,Visa,14306.54,10915.73,456.72,9/11/2023,8/18/2023,Card payment processed.,Documents reviewed against standard criteria.,4/24/2023,Praise,Pending,Request completed successfully.,Elena Jain booked travel with Singapore Airlines to London; booking reference PNRA00827 requires review.
828,Mark,Gonzalez,21,Male,"197, Rockham lane",London,18575140828,mark.gonzalez@mailtest.net,Current,8664.87,4/14/2006,7/06/2023,828,12/09/2023,Withdrawal,4943.78,3721.09,58,828,38231.77,Mortgage,6.03,48,8/06/2023,Closed,828,AMEX,14707.7,2749.67,144.85,11/19/2023,7/04/2023,Scheduled transfer completed.,No additional approval condition recorded.,6/22/2023,Praise,Pending,Access restored after standard verification.,No follow-up action currently required.
829,Edward,Baker,63,Female,"986, Lakeview road",New Delhi,19013760829,edwardbaker829@kag.com,Current,2682.71,6/05/2018,4/30/2023,829,5/18/2023,Withdrawal,4467.92,-1785.21,45,829,18844.34,Mortgage,6.52,60,8/14/2020,Rejected,829,Visa,13961.62,9634.29,368.8,9/23/2023,6/01/2023,Card payment processed.,Manual review completed.,8/10/2023,Praise,Resolved,Employee identifier EMP-C00829 requires manual verification.,No follow-up action currently required.
830,Sarah,Ramirez,51,Other,"781, Washington boulevard",Austin,14162230830,sarah_ramirez830@kag.com,Savings,12391.07,2/27/2009,9/19/2023,830,11/22/2023,Withdrawal,3147.47,9243.6,110,830,39763.45,Auto,4.98,12,1/09/2022,Rejected,830,MasterCard,10434.21,5701.18,149.76,2/10/2023,7/25/2023,Vivek Khanna is recorded as working at Acme Analytics.,Documents reviewed against standard criteria.,8/19/2023,Complaint,Resolved,Request completed successfully.,Routine review completed; no concerns recorded.
831,Samuel,Smith,51,Male,"790, Park pass",Houston,13175360831,samuel.smith831@mailtest.net,Current,14353.29,6/19/2017,10/31/2023,831,12/22/2023,Deposit,3136.94,17490.23,114,831,34268.66,Personal,1.59,24,7/23/2020,Rejected,831,AMEX,9034.89,8651.72,231.82,8/23/2023,9/27/2023,Scheduled transfer completed.,Income assessment completed.,4/11/2023,Praise,Resolved,Transaction TXN-000831-Y was discussed with Akash Rao at the Orion Retail service desk.,Routine review completed; no concerns recorded.
832,Amanda,Khan,32,Other,"895, Zeelandia road",New York,13253620832,amanda.khan832@demo-finance.com,Savings,12502.7,10/16/2018,6/24/2023,832,11/29/2023,Withdrawal,2395.66,10107.04,6,832,31515.22,Mortgage,4.03,48,1/22/2021,Approved,832,MasterCard,2429.87,387.1,17.95,1/27/2023,5/22/2023,Interest adjustment posted.,No additional approval condition recorded.,5/17/2023,Suggestion,Pending,Request completed successfully.,Statement reissue requested.
833,Charles,Nelson,64,Female,"561, Meadow boulevard",Dubai,12328350833,charles_nelson833@mailtest.net,Savings,7868.25,1/29/2007,7/29/2023,833,5/03/2023,Withdrawal,264.41,7603.84,50,833,3596.37,Personal,6.25,60,7/29/2022,Approved,833,AMEX,2833.48,2260.16,167.92,2/12/2023,5/05/2023,Monthly instalment received.,No additional approval condition recorded.,7/03/2023,Complaint,Pending,Investigation remains pending.,Statement reissue requested.
834,Raj,Carmichael,24,Male,"663, Wanderer lane",Houston,13994360834,raj_carmichael@samplebank.com,Savings,2596.85,10/29/2014,10/24/2023,834,10/26/2023,Deposit,1174.69,3771.54,61,834,3107.32,Personal,4.94,60,9/17/2020,Rejected,834,AMEX,13368.95,11078.36,260.72,8/23/2023,12/26/2023,The spouse of Raj Das works at Infosys Pune campus.,No additional approval condition recorded.,5/16/2023,Praise,Pending,Request completed successfully.,Routine review completed; no concerns recorded.
835,James,Thomas,29,Male,"882, Lakeview pass",Phoenix,15289730835,james.thomas@kag.com,Current,11477.74,12/07/2019,6/12/2023,835,2/06/2023,Withdrawal,3822.29,7655.45,110,835,13497.07,Auto,9.16,12,8/06/2021,Rejected,835,AMEX,14747.37,14090.5,686.26,9/16/2023,9/12/2023,Card payment processed.,Documents reviewed against standard criteria.,12/26/2023,Complaint,Pending,"Alisha Menon flying Emirates to Dubai, pnr PNRJ00835; cust msg recd",General product information provided.
836,Vikram,Hall,46,Other,"629, Oak drive",Los Angeles,13922870836,vikram.hall@samplebank.com,Current,8098.55,2/02/2006,1/19/2023,836,1/25/2023,Deposit,542.61,8641.16,98,836,22713.36,Mortgage,6.58,24,12/18/2021,Rejected,836,Visa,10154.5,150.94,4.49,1/06/2023,8/09/2023,Interest adjustment posted.,No additional approval condition recorded.,11/07/2023,Praise,Resolved,Case closed after review.,Statement reissue requested.
837,Linda,Smith,43,Female,"332, Lakeview street",Hyderabad,13324780837,lindasmith@samplebank.com,Current,1535.85,5/15/2014,9/07/2023,837,3/09/2023,Deposit,4356.52,5892.37,89,837,1620.37,Mortgage,8.02,24,9/15/2021,Approved,837,Visa,8092.89,5159.13,110.52,8/16/2023,12/16/2023,Monthly instalment received.,Travel request for Anita Chawla is linked to booking PNRP00837.,1/08/2023,Complaint,Pending,Case closed after review.,Statement reissue requested.
838,Christopher,Thomas,55,Female,"163, Smithford avenue",Charlotte,16617780838,christopherthomas838@samplebank.com,Current,13932.78,9/04/2021,3/23/2023,838,10/15/2023,Transfer,3208.35,17141.13,71,838,49479.33,Personal,5.39,24,8/14/2021,Closed,838,MasterCard,11017.78,182.02,9.15,10/19/2023,11/27/2023,Interest adjustment posted.,No additional approval condition recorded.,10/09/2023,Complaint,Pending,Request completed successfully.,No follow-up action currently required.
839,Kavita,Lee,69,Other,"366, Airport drive",Toronto,15844040839,kavita_lee@samplebank.com,Savings,8412.13,10/30/2020,8/24/2023,839,3/25/2023,Transfer,4762.82,13174.95,43,839,29664.69,Mortgage,6.97,60,9/25/2022,Rejected,839,Visa,9113,8325.32,294.06,4/11/2023,1/05/2023,Card payment processed.,No additional approval condition recorded.,8/12/2023,Complaint,Pending,Access restored after standard verification.,General product information provided.
840,Mohammed,Clark,26,Female,"614, Cedar lane",El Paso,19059080534,mohammedclark@kag.com,Current,14163.21,3/03/2017,3/11/2023,840,1/08/2023,Withdrawal,3413.81,10749.4,103,840,17682.05,Mortgage,8.19,12,7/24/2022,Rejected,840,AMEX,9687.79,9560.93,301.26,10/28/2023,9/04/2023,Card payment processed.,Documents reviewed against standard criteria.,4/15/2023,Complaint,Pending,Access restored after standard verification.,Anita Sen booked travel with IndiGo to Sydney; booking reference PNRS00840 requires review.
841,Christopher,Garcia,47,Other,"429, Philadephia road",New York,16593030841,christopher.garcia@mailtest.net,Current,10836.32,11/07/2022,11/09/2023,841,6/26/2023,Withdrawal,2645.97,8190.35,86,841,34330.13,Auto,5.24,48,6/21/2022,Approved,841,MasterCard,11361.51,4546.47,174.94,5/30/2023,11/20/2023,Interest adjustment posted.,No additional approval condition recorded.,1/26/2023,Complaint,Pending,Request completed successfully.,Routine review completed; no concerns recorded.
842,John,Shah,25,Female,"237, Chandler avenue",Dubai,16476880842,john_shah842@mailtest.net,Savings,10866.01,6/22/2008,6/18/2023,842,4/17/2023,Withdrawal,2484.15,8381.86,47,842,9026.14,Auto,1.91,24,2/05/2020,Rejected,842,MasterCard,9079.93,1645.03,92.04,3/25/2023,1/15/2023,Scheduled transfer completed.,No additional approval condition recorded.,12/25/2023,Praise,Pending,Investigation remains pending.,Employee Isha Malhotra is associated with identifier EMP-C00842.
843,Sarah,Miller,73,Female,"254, Wanderer boulevard",Orlando,15699430843,sarahmiller@kag.com,Current,12015.87,5/16/2015,4/24/2023,843,9/01/2023,Transfer,1234.47,13250.34,66,843,14327.41,Mortgage,8.3,36,4/24/2020,Closed,843,AMEX,3706.18,457.22,20.61,11/09/2023,6/09/2023,Medical case reference MED-00843-41 remains open.,Manual review completed.,11/22/2023,Complaint,Resolved,Case closed after review.,No follow-up action currently required.
844,Amanda,Lee,69,Female,"207, Seafarers drive",Austin,13729250844,amanda_lee@mailtest.net,Current,739.21,4/26/2011,9/17/2023,844,5/17/2023,Withdrawal,314.13,425.08,4,844,10631.01,Personal,1.59,12,2/16/2022,Rejected,844,Visa,14636.74,10522.3,767.07,1/15/2023,11/27/2023,Card payment processed.,No additional approval condition recorded.,6/13/2023,Complaint,Pending,Alisha Sen visited Fortis clinic for medicaltreatment; medical reference MED-00844-61 remains active.,Statement reissue requested.
845,Nancy,Harris,30,Female,"849, Oak lane",Denver,18422340845,nancy.harris@samplebank.com,Savings,5375.5,11/06/2020,3/31/2023,845,5/25/2023,Transfer,1486.27,3889.23,75,845,42775.69,Mortgage,6.48,36,8/19/2020,Closed,845,Visa,7499.14,937.01,63.19,2/27/2023,2/24/2023,Monthly instalment received.,Income assessment completed.,11/19/2023,Praise,Resolved,Case closed after review.,Booking reference PNRC00845 was flagged for additional review.
846,William,Ramirez,56,Female,"956, Park road",Mumbai,12393570846,william.ramirez@samplebank.com,Savings,1106.95,4/18/2006,8/07/2023,846,10/31/2023,Withdrawal,3807.54,-2700.59,96,846,34063.07,Personal,2.56,60,6/05/2023,Closed,846,AMEX,14662.65,4444.23,228.22,11/22/2023,8/04/2023,Monthly instalment received.,Documents reviewed against standard criteria.,2/01/2023,Complaint,Resolved,Request completed successfully.,General product information provided.
847,Amanda,Hall,33,Male,"679, Smithford drive",London,12053930847,amandahall@kag.com,Savings,6950.31,12/14/2019,9/11/2023,847,1/05/2023,Deposit,2875.95,9826.26,69,847,21729.53,Auto,2.88,36,9/20/2021,Rejected,847,MasterCard,7217.15,4655.21,265,1/01/2023,6/23/2023,Card payment processed.,Booking reference PNRV00847 was flagged for additional review.,10/18/2023,Suggestion,Pending,Request completed successfully.,Statement reissue requested.
848,Mohammed,Patel,31,Male,"4, Zeelandia road",Seattle,17182550848,mohammed_patel@kag.com,Savings,13960.17,7/10/2008,7/21/2023,848,7/23/2023,Transfer,229.56,14189.73,49,848,2661.07,Mortgage,9.2,60,6/27/2021,Approved,848,Visa,10646.18,7176.99,236.49,2/07/2023,9/03/2023,Cash deposit recorded.,Documents reviewed against standard criteria.,7/19/2023,Complaint,Resolved,Case closed after review.,Medical case reference MED-00848-77 remains open.
849,Charles,Sharma,44,Male,"372, Woolworths lane",Seattle,16123300849,charles_sharma849@samplebank.com,Savings,14107.97,12/17/2008,12/14/2023,849,10/09/2023,Withdrawal,680.06,13427.91,44,849,1231.35,Personal,8.36,12,10/19/2023,Approved,849,AMEX,2729.09,1412.5,82.56,4/20/2023,6/27/2023,Interest adjustment posted.,No additional approval condition recorded.,11/14/2023,Praise,Pending,Investigation remains pending.,Employee identifier EMP-G00849 requires manual verification.
850,Edward,Robinson,66,Male,"705, Rockend road",Denver,18334280850,edward.robinson@kag.com,Savings,4179.97,12/17/2011,3/06/2023,850,11/10/2023,Deposit,2543.49,6723.46,77,850,25684.36,Mortgage,3.45,60,1/19/2020,Approved,850,AMEX,14499.85,14419.19,634.8,12/21/2023,9/24/2023,Dev Roy works at Northstar Logistics under employee ID EMP-E00850; office-location review is pending.,No additional approval condition recorded.,10/10/2023,Praise,Pending,Investigation remains pending.,Statement reissue requested.
851,Mary,Clark,35,Other,"535, Washington drive",Sydney,19746060851,mary_clark@mailtest.net,Current,1867.49,3/30/2018,2/06/2023,851,5/07/2023,Withdrawal,1826.22,41.27,118,851,49239.72,Personal,8.17,48,7/03/2020,Approved,851,Visa,12420.46,11751.88,411.03,9/03/2023,2/20/2023,Cash deposit recorded.,No additional approval condition recorded.,2/25/2023,Complaint,Resolved,Booking reference PNRJ00851 was flagged for additional review.,Routine review completed; no concerns recorded.
852,Isabella,Wilson,56,Other,"294, Cedar boulevard",Sydney,14776060852,isabella.wilson@demo-finance.com,Savings,2995.87,12/16/2008,2/14/2023,852,6/10/2023,Deposit,2128.62,5124.49,52,852,21561.41,Auto,4.23,60,8/06/2022,Approved,852,AMEX,12237.45,11184.94,459.03,6/08/2023,5/28/2023,Monthly instalment received.,Documents reviewed against standard criteria.,5/17/2023,Complaint,Pending,Investigation remains pending.,General product information provided.
853,Michael,Smith,28,Male,"532, Washington boulevard",Singapore,19132170853,michaelsmith@mailtest.net,Savings,5980.5,3/20/2012,4/07/2023,853,2/07/2023,Transfer,4302.9,1677.6,69,853,37906.01,Mortgage,7.26,60,7/10/2022,Rejected,853,MasterCard,9890.03,288.98,18.07,3/11/2023,5/23/2023,"emp Kavita Sharma, id EMP-D00853; docs not clear",Manual review completed.,10/20/2023,Complaint,Pending,Case closed after review.,Statement reissue requested.
854,Andrew,Adams,53,Female,"711, Cancun boulevard",San Diego,14859140854,andrew.adams@demo-finance.com,Savings,11090.9,7/08/2007,11/02/2023,854,5/25/2023,Deposit,732.37,11823.27,56,854,29211.17,Mortgage,7.31,36,11/04/2021,Closed,854,AMEX,12257.32,5570.67,366.72,9/04/2023,8/19/2023,Card payment processed.,No additional approval condition recorded.,9/15/2023,Complaint,Pending,Case closed after review.,Kabir Desai is recorded as working at Acme Analytics.
855,Kevin,Miller,41,Male,"705, Woolworths boulevard",El Paso,12542620855,kevin.miller@kag.com,Current,7205.72,7/24/2005,7/03/2023,855,9/13/2023,Deposit,3975.74,11181.46,27,855,39881.07,Auto,9.48,48,6/01/2021,Rejected,855,MasterCard,2280.95,669.08,30.49,6/25/2023,9/22/2023,Employee identifier EMP-A00855 requires manual verification.,Manual review completed.,6/28/2023,Complaint,Resolved,Case closed after review.,Statement reissue requested.
856,David,White,42,Male,"689, Rockend street",Sydney,17353260856,davidwhite@kag.com,Savings,13103.05,5/10/2014,8/22/2023,856,8/11/2023,Deposit,1807.11,14910.16,24,856,44678.76,Personal,7.89,24,12/07/2022,Rejected,856,Visa,2112.98,1546.16,97.7,11/13/2023,7/01/2023,Scheduled transfer completed.,Documents reviewed against standard criteria.,3/28/2023,Complaint,Resolved,Request completed successfully.,Employee identifier EMP-A00856 requires manual verification.
857,Mark,Khan,36,Male,"542, Smithford court",Dubai,13424220857,markkhan@samplebank.com,Savings,6056.59,11/15/2008,10/14/2023,857,7/23/2023,Deposit,2724.3,8780.89,81,857,3045.38,Mortgage,1.16,60,5/21/2022,Rejected,857,MasterCard,11621.15,1621.19,96.64,12/28/2023,3/16/2023,Cash deposit recorded.,Documents reviewed against standard criteria.,3/10/2023,Complaint,Resolved,"docs chk done, no cust-specific detail noted",General product information provided.
858,Christopher,Robinson,39,Female,"308, Smithford boulevard",Austin,12364300858,christopherrobinson858@mailtest.net,Current,3632.98,4/05/2011,3/26/2023,858,12/22/2023,Deposit,3363.47,6996.45,78,858,40902.01,Auto,6.53,24,7/26/2020,Rejected,858,AMEX,5439.31,3670.3,253.4,3/30/2023,4/10/2023,Cash deposit recorded.,No additional approval condition recorded.,12/12/2023,Praise,Pending,Case closed after review.,addr/mob update not required; close req pls
859,Michelle,Taylor,39,Other,"67, Jaliso Springs avenue",Oklahoma City,12535020859,michelle_taylor@samplebank.com,Savings,2260.37,5/17/2014,10/06/2023,859,11/11/2023,Withdrawal,4433.72,-2173.35,120,859,9789.91,Mortgage,8.81,12,1/02/2021,Approved,859,AMEX,14383.98,5709.65,118.6,6/22/2023,4/19/2023,Scheduled transfer completed.,Manual review completed.,1/25/2023,Praise,Resolved,Request completed successfully.,emp id EMP-G00859 - pls chk before close
860,Jennifer,Kumar,23,Female,"872, Columbus court",Louisville,18388880860,jenniferkumar@kag.com,Current,2840.26,10/02/2006,8/01/2023,860,6/30/2023,Deposit,1833.02,4673.28,87,860,39315.99,Mortgage,7.65,12,3/02/2021,Rejected,860,Visa,2685.93,850.46,66.69,10/22/2023,11/28/2023,Cash deposit recorded.,Medical case reference MED-00860-41 remains open.,7/07/2023,Suggestion,Resolved,Access restored after standard verification.,General product information provided.
861,Patricia,Johnson,76,Female,"950, Riverside lane",Toronto,12849510861,patriciajohnson861@kag.com,Current,10283.79,6/07/2019,6/11/2023,861,9/11/2023,Withdrawal,235.4,10048.39,80,861,6771.14,Auto,8.3,48,8/20/2021,Closed,861,AMEX,7309.54,964.41,29.59,8/18/2023,10/31/2023,Monthly instalment received.,No additional approval condition recorded.,5/05/2023,Praise,Pending,Employee Gaurav Nair is associated with identifier EMP-E00861.,No follow-up action currently required.
862,Priya,Williams,19,Male,"399, Riverside lane",Denver,17732710862,priya.williams862@samplebank.com,Savings,7638.06,3/05/2018,10/27/2023,862,12/18/2023,Withdrawal,1151.17,6486.89,107,862,38251.59,Auto,3.33,48,2/18/2023,Approved,862,Visa,8158.1,3465.87,157.95,5/17/2023,4/22/2023,Cash deposit recorded.,Tanvi Das works at Vertex Systems under employee ID EMP-G00862; office-location review is pending.,2/08/2023,Suggestion,Pending,Investigation remains pending.,General product information provided.
863,Linda,Thompson,62,Male,"294, Carpenter pass",Mumbai,19523890863,linda_thompson863@mailtest.net,Current,2131.65,4/07/2005,6/06/2023,863,8/22/2023,Transfer,4101.85,-1970.2,49,863,34506.67,Mortgage,8.41,12,2/22/2020,Approved,863,AMEX,12045.06,6564.25,376.6,11/02/2023,4/02/2023,Monthly instalment received.,The spouse of Alisha Rao works at Vertex Systems.,11/11/2023,Praise,Resolved,Request completed successfully.,No follow-up action currently required.
864,Susan,Anderson,58,Male,"600, Belford road",Dallas,16993970864,susan_anderson864@demo-finance.com,Current,10365.24,12/16/2018,5/10/2023,864,11/29/2023,Deposit,2742.59,13107.83,39,864,36218.99,Personal,3.6,36,11/30/2022,Closed,864,Visa,14376.46,8082.73,224.88,12/23/2023,6/21/2023,Scheduled transfer completed.,Income assessment completed.,3/07/2023,Praise,Pending,Case closed after review.,Statement reissue requested.
865,Michael,Anderson,29,Female,"179, Smithford lane",Dallas,19022570865,michaelanderson865@kag.com,Savings,3122.21,2/21/2010,8/29/2023,865,7/15/2023,Transfer,253.76,2868.45,42,865,40481.06,Auto,4,24,2/01/2020,Closed,865,AMEX,9595.95,6845.26,450.26,12/13/2023,7/23/2023,Cash deposit recorded.,Documents reviewed against standard criteria.,6/08/2023,Praise,Resolved,Investigation remains pending.,Statement reissue requested.
866,Priya,Baker,41,Other,"409, Viewmount road",Bangalore,17533920866,priya_baker@kag.com,Savings,1176.11,9/22/2005,12/18/2023,866,3/15/2023,Withdrawal,4498.15,-3322.04,65,866,32491.81,Mortgage,3.88,12,6/23/2021,Approved,866,Visa,13804.28,4675.27,327.74,3/11/2023,12/01/2023,Scheduled transfer completed.,No additional approval condition recorded.,8/28/2023,Suggestion,Resolved,Booking reference PNRX00866 was flagged for additional review.,No follow-up action currently required.
867,Daniel,Gupta,78,Male,"530, Columbus court",Philadelphia,13467100867,daniel.gupta@mailtest.net,Savings,3264.73,3/23/2009,1/06/2023,867,4/15/2023,Withdrawal,1156.1,2108.63,104,867,10596.73,Mortgage,9.24,60,6/11/2023,Approved,867,Visa,6786.67,67.82,3.19,1/19/2023,7/19/2023,Interest adjustment posted.,Documents reviewed against standard criteria.,12/08/2023,Complaint,Resolved,Access restored after standard verification.,Statement reissue requested.
868,Arjun,Ramirez,24,Other,"542, Belford street",Columbus,19487350868,arjunramirez@kag.com,Current,2322.77,9/05/2012,7/13/2023,868,4/03/2023,Transfer,3544.28,-1221.51,105,868,18945.1,Auto,5.46,24,3/31/2020,Rejected,868,Visa,2829.79,2198.51,172.92,7/07/2023,3/05/2023,Card payment processed.,Manual review completed.,3/12/2023,Complaint,Resolved,Medical case reference MED-00868-76 remains open.,Statement reissue requested.
869,John,Carmichael,53,Female,"394, Wanderer lane",Austin,13794640869,johncarmichael@mailtest.net,Savings,10659.32,6/09/2015,3/11/2023,869,5/15/2023,Withdrawal,3978.47,6680.85,63,869,26534.41,Personal,5.33,12,3/08/2023,Rejected,869,AMEX,10492.05,3503.07,152.16,4/25/2023,10/11/2023,Scheduled transfer completed.,No additional approval condition recorded.,9/03/2023,Praise,Resolved,Access restored after standard verification.,Routine review completed; no concerns recorded.
870,Fatima,Gupta,46,Female,"577, Woolworths boulevard",Oklahoma City,12307170870,fatima.gupta@demo-finance.com,Current,2003.76,2/09/2013,4/08/2023,870,1/16/2023,Withdrawal,4946.51,-2942.75,90,870,23082.9,Auto,5.12,48,10/31/2020,Approved,870,AMEX,9496,6292.57,201.93,1/25/2023,2/18/2023,Interest adjustment posted.,Income assessment completed.,1/14/2023,Suggestion,Pending,Access restored after standard verification.,Routine review completed; no concerns recorded.
871,Linda,Gonzalez,42,Other,"318, Rockpart drive",Columbus,14508800871,linda.gonzalez871@samplebank.com,Savings,1530.94,4/16/2012,2/23/2023,871,7/21/2023,Withdrawal,2701.59,-1170.65,2,871,37465.93,Mortgage,5.04,24,11/18/2022,Approved,871,MasterCard,9139.33,3227.64,87.46,7/06/2023,9/27/2023,Card payment processed.,Employee Akash Mehta is associated with identifier EMP-C00871.,8/17/2023,Complaint,Resolved,Access restored after standard verification.,General product information provided.
872,Zara,Jones,73,Other,"419, Smithford pass",London,14782010872,zara_jones@mailtest.net,Current,8280.29,12/30/2019,3/05/2023,872,1/06/2023,Deposit,4051.66,12331.95,96,872,41098.68,Personal,2.8,48,11/07/2023,Approved,872,AMEX,12745.2,4023.93,161.53,2/13/2023,11/13/2023,Card payment processed.,Manual review completed.,9/06/2023,Praise,Resolved,Medical case reference MED-00872-60 remains open.,Statement reissue requested.
873,Michael,Wilson,48,Male,"819, Park lane",San Diego,14472260873,michaelwilson@mailtest.net,Current,10415.13,10/22/2015,8/27/2023,873,10/01/2023,Deposit,414.17,10829.3,84,873,48365.28,Auto,4.03,48,5/07/2023,Closed,873,MasterCard,14265.6,1387.11,29.45,2/19/2023,1/08/2023,Monthly instalment received.,Manual review completed.,7/28/2023,Complaint,Resolved,Access restored after standard verification.,No follow-up action currently required.
874,Ananya,Flores,53,Other,"580, Park court",Columbus,13905040874,ananya_flores874@kag.com,Current,13646.03,11/08/2007,11/13/2023,874,4/18/2023,Deposit,1175.49,14821.52,39,874,9863.89,Auto,2.91,12,3/31/2022,Rejected,874,AMEX,10506.27,6516.54,400.2,1/31/2023,11/03/2023,Card payment processed.,No additional approval condition recorded.,3/20/2023,Complaint,Resolved,Access restored after standard verification.,Booking reference PNRU00874 was flagged for additional review.
875,Robert,Hall,43,Male,"802, Chandler lane",Hyderabad,17459560875,roberthall@samplebank.com,Current,3099.32,7/31/2006,1/13/2023,875,8/28/2023,Deposit,3093.19,6192.51,45,875,28603.33,Personal,5.51,36,3/27/2023,Rejected,875,MasterCard,7526.35,7252.85,199.86,8/10/2023,11/28/2023,Interest adjustment posted.,No additional approval condition recorded.,2/18/2023,Praise,Resolved,Anil Rao works at TCS Bangalore HQ under employee ID EMP-A00875; office-location review is pending.,General product information provided.
876,Vikram,Davis,28,Other,"731, Smithford pass",Austin,12985200876,vikram_davis876@kag.com,Current,2387.84,10/04/2021,2/22/2023,876,6/11/2023,Transfer,1714.09,4101.93,115,876,10648.91,Auto,3.55,48,12/09/2021,Approved,876,AMEX,6170.52,2830.05,174.03,11/24/2023,7/15/2023,Akash Mehta visited AIIMS hospital for oncology consultation; medical reference MED-00876-99 remains active.,Income assessment completed.,11/05/2023,Complaint,Pending,Investigation remains pending.,General product information provided.
877,Isabella,Smith,31,Male,"272, Cancun drive",Hyderabad,17765570877,isabella_smith@kag.com,Savings,8184.22,5/27/2017,2/13/2023,877,3/18/2023,Deposit,3154.4,11338.62,9,877,6783.47,Auto,2.57,48,7/21/2023,Rejected,877,AMEX,10572.21,8573.66,404.51,12/04/2023,7/24/2023,Monthly instalment received.,Income assessment completed.,1/19/2023,Suggestion,Pending,Employee Deepak Bansal is associated with identifier EMP-F00877.,No follow-up action currently required.
878,Nancy,Torres,56,Female,"611, Washington road",Chicago,18189350878,nancytorres878@demo-finance.com,Savings,7697.54,9/06/2010,8/15/2023,878,8/10/2023,Transfer,957.99,8655.53,36,878,41785.35,Personal,2.18,24,11/17/2021,Closed,878,Visa,6124.76,4146.77,190.59,7/19/2023,8/01/2023,Monthly instalment received.,No additional approval condition recorded.,7/22/2023,Suggestion,Pending,Access restored after standard verification.,"bkng ref PNRK00878, cust asking for update"
879,Emma,Sharma,42,Male,"369, Rockham drive",Seattle,17596240879,emma.sharma@samplebank.com,Savings,12340.19,2/18/2004,7/14/2023,879,10/28/2023,Deposit,1440.83,13781.02,85,879,48960.25,Auto,2.35,12,6/17/2021,Rejected,879,AMEX,2034.15,1624.28,126.22,5/08/2023,5/14/2023,Monthly instalment received.,Manual review completed.,7/23/2023,Complaint,Pending,Access restored after standard verification.,General product information provided.
880,Lisa,Taylor,40,Male,"308, Pine avenue",Seattle,17395150880,lisa_taylor880@kag.com,Current,6409.22,4/07/2018,1/18/2023,880,6/08/2023,Withdrawal,3102.47,3306.75,59,880,29493.78,Auto,4.68,48,9/07/2021,Approved,880,Visa,2194.86,1436.25,107.71,11/05/2023,5/19/2023,Medical case reference MED-00880-15 remains open.,Income assessment completed.,10/09/2023,Praise,Pending,Access restored after standard verification.,Routine review completed; no concerns recorded.
881,Michael,Robinson,49,Male,"925, Columbus court",Hyderabad,16424120881,michaelrobinson881@kag.com,Current,2282.29,11/03/2007,1/01/2023,881,5/25/2023,Deposit,234.01,2516.3,66,881,35245.86,Mortgage,6.22,36,9/02/2022,Rejected,881,AMEX,6176.46,92.63,4.38,6/18/2023,12/16/2023,Scheduled transfer completed.,Manual review completed.,10/16/2023,Complaint,Pending,Case closed after review.,Transaction TXN-000881-Y was discussed with Anita Saxena at the TCS Bangalore HQ service desk.
882,Sophia,Thompson,61,Male,"404, Wanderer drive",Portland,17932160882,sophia_thompson@samplebank.com,Savings,13207.48,10/14/2014,11/18/2023,882,6/17/2023,Deposit,1720.14,14927.62,111,882,14423.06,Auto,7.3,60,12/17/2022,Closed,882,AMEX,12889.51,1587.85,113.83,2/04/2023,7/17/2023,Cash deposit recorded.,Income assessment completed.,11/13/2023,Praise,Resolved,Employee identifier EMP-D00882 requires manual verification.,General product information provided.
883,Robert,Nelson,45,Male,"458, Park boulevard",Houston,15644240883,robert.nelson@mailtest.net,Current,5191.53,9/15/2022,12/07/2023,883,7/12/2023,Withdrawal,4427.82,763.71,93,883,47128.76,Mortgage,8.34,36,8/13/2020,Closed,883,AMEX,2147.31,1223.18,31.39,3/01/2023,11/08/2023,Monthly instalment received.,No additional approval condition recorded.,3/18/2023,Complaint,Resolved,"bkng ref PNRK00883, cust asking for update",General product information provided.
884,Thomas,Clark,65,Male,"340, Viewmount drive",Philadelphia,13285460884,thomas_clark884@mailtest.net,Savings,13636.17,2/22/2019,11/24/2023,884,1/25/2023,Deposit,4254.88,17891.05,60,884,18997.84,Auto,2.98,12,8/31/2022,Closed,884,AMEX,6169.68,904.35,48.41,12/13/2023,11/20/2023,Interest adjustment posted.,Documents reviewed against standard criteria.,1/24/2023,Praise,Pending,Access restored after standard verification.,No follow-up action currently required.
885,Maria,Anderson,45,Other,"176, Washington street",Mumbai,17155240885,maria.anderson885@demo-finance.com,Savings,11902.66,6/05/2015,6/18/2023,885,11/05/2023,Deposit,1269.56,13172.22,40,885,46428.87,Mortgage,2.95,48,11/24/2021,Approved,885,AMEX,4755.92,1699.65,120.41,4/04/2023,1/09/2023,Monthly instalment received.,Jaya Menon visited Narayana Health centre for medical follow-up; medical reference MED-00885-53 remains active.,1/31/2023,Praise,Pending,Access restored after standard verification.,No follow-up action currently required.
886,Priya,Mitchell,30,Female,"516, Woolworths drive",Dallas,13999820886,priya.mitchell@kag.com,Savings,14404.02,7/10/2015,9/11/2023,886,7/08/2023,Withdrawal,1709.96,12694.06,19,886,9839.81,Mortgage,4.58,24,7/22/2020,Approved,886,Visa,9806.63,1919.48,93.57,12/21/2023,2/13/2023,Interest adjustment posted.,Documents reviewed against standard criteria.,9/14/2023,Complaint,Pending,Access restored after standard verification.,Booking reference PNRL00886 was flagged for additional review.
887,William,Carmichael,65,Male,"676, Carpenter drive",Orlando,17352690887,william_carmichael@mailtest.net,Savings,8003.46,5/29/2020,6/29/2023,887,6/29/2023,Deposit,4862.88,12866.34,98,887,30817.92,Auto,1.82,36,6/24/2022,Approved,887,AMEX,8630.26,5946.88,475.18,9/04/2023,6/27/2023,Card payment processed.,Income assessment completed.,10/18/2023,Complaint,Resolved,Request completed successfully.,Isha Menon is recorded as working at Infosys Pune campus.
888,Anthony,Robinson,19,Female,"115, Box lane",Phoenix,18064560888,anthonyrobinson@kag.com,Current,5331.84,4/08/2009,3/21/2023,888,6/22/2023,Withdrawal,639.62,4692.22,102,888,18619.57,Auto,7.5,48,6/15/2021,Closed,888,AMEX,7864.33,147.11,6.53,9/03/2023,1/26/2023,Interest adjustment posted.,No additional approval condition recorded.,6/05/2023,Suggestion,Pending,Case closed after review.,No follow-up action currently required.
889,Jennifer,Lee,70,Other,"494, Cedar drive",Charlotte,19434160889,jennifer.lee@mailtest.net,Current,14721.29,9/23/2009,7/24/2023,889,11/24/2023,Transfer,4635.63,10085.66,92,889,8280.44,Auto,3.11,48,6/27/2020,Approved,889,AMEX,14442.24,4658.37,122.45,6/02/2023,8/06/2023,addr/mob update not required; close req pls,Documents reviewed against standard criteria.,6/30/2023,Suggestion,Resolved,Case closed after review.,No follow-up action currently required.
890,Carlos,Perez,75,Male,"230, Box road",Austin,17377490890,carlos.perez@mailtest.net,Current,13598.03,12/29/2018,12/17/2023,890,2/27/2023,Deposit,928.3,14526.33,24,890,19479.15,Mortgage,4.4,60,4/28/2021,Approved,890,AMEX,3603.98,1910.45,111.95,2/20/2023,11/05/2023,Scheduled transfer completed.,Income assessment completed.,7/25/2023,Complaint,Resolved,txn TXN-000890-Y discussed w/ Kavita Jain at Orion Retail; pls upd case,Routine review completed; no concerns recorded.
891,Emily,Davis,28,Male,"917, Zeelandia street",Oklahoma City,16367250891,emily.davis@mailtest.net,Savings,11566.03,8/10/2016,7/03/2023,891,7/11/2023,Withdrawal,211.82,11354.21,5,891,2136.82,Personal,3.45,60,12/30/2023,Closed,891,AMEX,4643.13,4499.34,183.62,10/18/2023,12/09/2023,Booking reference PNRT00891 was flagged for additional review.,Manual review completed.,9/26/2023,Praise,Pending,Case closed after review.,General product information provided.
892,Zara,Young,20,Other,"910, Box lane",Los Angeles,18665870892,zara.young892@mailtest.net,Savings,1458.11,9/11/2008,9/30/2023,892,5/14/2023,Withdrawal,899.13,558.98,105,892,39292.73,Mortgage,7.4,24,7/13/2022,Closed,892,AMEX,8326.5,1519.79,93.66,3/13/2023,9/04/2023,Card payment processed.,Documents reviewed against standard criteria.,2/27/2023,Suggestion,Resolved,Investigation remains pending.,Statement reissue requested.
893,Carlos,Gupta,55,Female,"322, Wanderer lane",Philadelphia,14357060893,carlos.gupta@samplebank.com,Current,3858.06,10/31/2007,5/12/2023,893,9/13/2023,Deposit,941.68,4799.74,6,893,6034.07,Auto,8.72,48,9/09/2020,Approved,893,AMEX,2908.75,1992.02,94.28,1/16/2023,6/09/2023,Card payment processed.,Income assessment completed.,2/26/2023,Complaint,Resolved,Request completed successfully.,No follow-up action currently required.
894,Mary,Baker,27,Other,"282, Zeelandia lane",Charlotte,18539830894,mary_baker894@samplebank.com,Current,11361.88,10/07/2007,7/03/2023,894,5/24/2023,Withdrawal,3988.35,7373.53,34,894,8060.26,Auto,8.47,12,7/22/2020,Approved,894,Visa,13270.47,649.86,48.38,12/25/2023,9/20/2023,Monthly instalment received.,Transaction TXN-000894-Y was discussed with Anil Jain at the Acme Analytics service desk.,8/05/2023,Suggestion,Pending,Request completed successfully.,No follow-up action currently required.
895,Zara,Sharma,76,Female,"916, Columbus boulevard",El Paso,18679360895,zarasharma@kag.com,Savings,10823.28,12/24/2008,2/21/2023,895,11/16/2023,Deposit,4490.62,15313.9,46,895,37403.94,Mortgage,6.79,12,4/13/2020,Approved,895,MasterCard,2872.89,336.54,25.1,9/21/2023,3/10/2023,Scheduled transfer completed.,No additional approval condition recorded.,11/10/2023,Suggestion,Resolved,Booking reference PNRX00895 was flagged for additional review.,General product information provided.
896,William,Singh,54,Male,"746, Woolworths lane",Denver,15278960896,william.singh@demo-finance.com,Savings,761.86,1/09/2015,6/29/2023,896,8/25/2023,Withdrawal,830.93,-69.07,77,896,23183.53,Mortgage,8,12,9/12/2021,Approved,896,AMEX,1815.93,840.83,46.71,12/06/2023,5/16/2023,Interest adjustment posted.,The spouse of Anita Saxena works at Northstar Logistics.,7/20/2023,Suggestion,Resolved,Investigation remains pending.,General product information provided.
897,William,Ramirez,37,Other,"355, Wanderer court",Pune,19852950897,william.ramirez@samplebank.com,Current,7843.16,3/01/2008,7/18/2023,897,11/04/2023,Transfer,3501.94,11345.1,96,897,39774.23,Personal,8.32,60,4/30/2020,Approved,897,AMEX,14067.95,10641.38,642.72,11/22/2023,5/09/2023,Transaction TXN-000897-Y was discussed with Dev Sharma at the Orion Retail service desk.,Manual review completed.,10/23/2023,Suggestion,Pending,Investigation remains pending.,No follow-up action currently required.
898,Aisha,Torres,30,Female,"874, Oak boulevard",Philadelphia,12494930898,aisha.torres@samplebank.com,Savings,1264.35,2/09/2007,8/05/2023,898,5/08/2023,Deposit,2142.11,3406.46,106,898,37311.66,Mortgage,2.67,36,2/26/2021,Approved,898,MasterCard,8844.9,7931.65,576.58,2/22/2023,5/11/2023,Cash deposit recorded.,txn ref TXN-000898-Y needs manual chk,7/06/2023,Complaint,Pending,Investigation remains pending.,No follow-up action currently required.
899,Amanda,Clark,29,Other,"251, Oak road",Sydney,18178060899,amandaclark@mailtest.net,Current,13582.84,11/14/2015,8/29/2023,899,5/13/2023,Deposit,1469.64,15052.48,47,899,16956.9,Mortgage,1.88,24,5/13/2021,Approved,899,AMEX,7708.39,122.31,4.85,10/16/2023,3/19/2023,Card payment processed.,Income assessment completed.,9/15/2023,Suggestion,Pending,Access restored after standard verification.,Booking reference PNRX00899 was flagged for additional review.
900,Sophia,Wilson,71,Other,"632, Woolworths road",Oklahoma City,16753850900,sophia.wilson@demo-finance.com,Current,1419.95,12/21/2021,4/18/2023,900,8/20/2023,Withdrawal,2257.29,-837.34,71,900,2793.06,Personal,7.57,48,11/21/2022,Approved,900,MasterCard,12619.02,7523.54,598.02,9/08/2023,11/22/2023,Cash deposit recorded.,No additional approval condition recorded.,10/22/2023,Praise,Resolved,Medical case reference MED-00900-54 remains open.,Statement reissue requested.
901,Robert,Shah,43,Male,"602, Viewmount drive",Hyderabad,15109480901,robert_shah@samplebank.com,Savings,12038.91,2/09/2016,3/07/2023,901,7/05/2023,Withdrawal,2135.7,9903.21,90,901,45349.27,Mortgage,8.42,12,10/13/2020,Approved,901,Visa,14274.99,7284.98,276.33,2/22/2023,3/02/2023,Scheduled transfer completed.,Documents reviewed against standard criteria.,9/12/2023,Suggestion,Pending,Investigation remains pending.,No follow-up action currently required.
902,Thomas,Thomas,41,Female,"240, Maple pass",New York,13543480902,thomas.thomas902@samplebank.com,Current,3064.03,3/31/2006,5/07/2023,902,6/11/2023,Withdrawal,4917.66,-1853.63,101,902,6172.31,Mortgage,6.64,24,7/18/2022,Approved,902,AMEX,10243.41,7241.1,243.25,12/26/2023,6/13/2023,Interest adjustment posted.,No additional approval condition recorded.,5/18/2023,Suggestion,Pending,Access restored after standard verification.,No follow-up action currently required.
903,Mark,Thompson,43,Other,"469, Jaliso Springs court",New York,15772870903,mark.thompson903@kag.com,Savings,9949.43,9/12/2020,8/15/2023,903,5/06/2023,Withdrawal,3335.43,6614,68,903,48632.64,Mortgage,1.95,48,9/30/2020,Approved,903,Visa,3597.88,914.08,46.43,12/31/2023,1/02/2023,"spouse of Jaya Iyer at Orion Retail, pls upd notes",Documents reviewed against standard criteria.,9/12/2023,Praise,Pending,Request completed successfully.,General product information provided.
904,Jennifer,Adams,78,Other,"830, Ironsmith pass",Hyderabad,19702540904,jennifer_adams@samplebank.com,Current,8540.61,12/12/2004,3/02/2023,904,1/24/2023,Withdrawal,784.09,7756.52,98,904,47288.42,Mortgage,8.33,36,6/16/2022,Approved,904,Visa,12697.9,3775.69,290.65,6/04/2023,3/31/2023,Card payment processed.,Medical case reference MED-00904-85 remains open.,9/22/2023,Praise,Resolved,Investigation remains pending.,Statement reissue requested.
905,Richard,Perez,23,Other,"562, Pine drive",San Diego,18563680905,richard.perez905@mailtest.net,Current,1158.27,6/29/2012,10/01/2023,905,2/07/2023,Deposit,3800.85,4959.12,78,905,25085.24,Auto,2.35,12,2/11/2020,Approved,905,AMEX,13243.67,3277.78,100.85,5/17/2023,10/11/2023,Monthly instalment received.,Manual review completed.,5/30/2023,Praise,Resolved,Case closed after review.,Statement reissue requested.
906,Mary,Lewis,50,Female,"856, Box court",New York,15085210906,mary_lewis@demo-finance.com,Savings,13408.31,9/25/2009,1/11/2023,906,4/04/2023,Withdrawal,1825.72,11582.59,10,906,14717.83,Mortgage,7.14,24,3/19/2020,Closed,906,AMEX,8527.61,3326.64,114.87,11/07/2023,9/15/2023,Scheduled transfer completed.,Documents reviewed against standard criteria.,11/18/2023,Praise,Resolved,Access restored after standard verification.,General product information provided.
907,Emily,Anderson,78,Female,"964, Viewmount boulevard",Louisville,14977870907,emily_anderson@mailtest.net,Current,5429.69,10/01/2016,2/03/2023,907,7/20/2023,Deposit,1701.82,7131.51,21,907,23928.76,Mortgage,1.81,12,11/09/2022,Approved,907,Visa,3139.7,253.15,12.32,1/08/2023,1/27/2023,Card payment processed.,Manual review completed.,10/22/2023,Complaint,Resolved,Transaction TXN-000907-Y was discussed with Alisha Iyer at the Infosys Pune campus service desk.,General product information provided.
908,Joseph,Anderson,50,Other,"132, Columbus road",Bangalore,14142980908,joseph.anderson908@demo-finance.com,Current,4007.45,4/05/2021,1/13/2023,908,12/09/2023,Withdrawal,2695.27,1312.18,56,908,29498.05,Auto,9.29,60,1/19/2022,Closed,908,MasterCard,5438.83,709.54,47.73,12/03/2023,8/17/2023,Scheduled transfer completed.,Manual review completed.,9/27/2023,Praise,Pending,Access restored after standard verification.,Travel request for Dev Kapoor is linked to booking PNRF00908.
909,Samuel,Moore,34,Other,"797, Cedar road",Austin,14757920909,samuel.moore909@samplebank.com,Current,14998.82,5/21/2013,11/21/2023,909,7/16/2023,Withdrawal,1033.18,13965.64,26,909,34651.14,Auto,5.33,60,8/10/2021,Approved,909,AMEX,6369.03,1398.21,105.14,1/07/2023,5/14/2023,Card payment processed.,No additional approval condition recorded.,4/08/2023,Complaint,Pending,Investigation remains pending.,Statement reissue requested.
910,Rahul,Gupta,20,Other,"563, Viewmount drive",New York,15504550910,rahul.gupta@mailtest.net,Current,8189.79,5/08/2007,11/11/2023,910,6/01/2023,Withdrawal,4293.04,3896.75,28,910,25094.01,Personal,6.7,24,10/28/2023,Rejected,910,AMEX,5274.52,5072.26,153.96,10/28/2023,8/25/2023,Cash deposit recorded.,Farah Iyer is recorded as working at Infosys Pune campus.,10/01/2023,Complaint,Resolved,Access restored after standard verification.,Statement reissue requested.
911,Kevin,Gupta,69,Male,"460, Washington court",Bangalore,15715780911,kevingupta911@mailtest.net,Current,8219.66,1/11/2008,10/10/2023,911,1/10/2023,Withdrawal,879.32,7340.34,50,911,11360.35,Mortgage,5.36,36,7/17/2020,Approved,911,AMEX,13606.06,6725.72,189.6,4/16/2023,4/07/2023,Interest adjustment posted.,Manual review completed.,9/13/2023,Complaint,Pending,Pooja Kapoor visited Narayana Health centre for  therapy; medical reference MED-00911-75 remains active.,Routine review completed; no concerns recorded.
912,David,Sharma,57,Female,"79, Meadow boulevard",Pune,15249220912,david_sharma@mailtest.net,Current,6368.52,4/28/2015,6/20/2023,912,9/04/2023,Deposit,2140.33,8508.85,23,912,3016.97,Auto,4.5,36,4/29/2023,Rejected,912,AMEX,9168.53,385.94,9,9/11/2023,9/28/2023,Interest adjustment posted.,Manual review completed.,12/06/2023,Praise,Resolved,Case closed after review.,Routine review completed; no concerns recorded.
913,Raj,White,48,Female,"835, Seafarers boulevard",London,17573150913,rajwhite@samplebank.com,Current,11106.51,6/10/2015,5/02/2023,913,7/16/2023,Deposit,3674.68,14781.19,9,913,10210.82,Personal,6.05,12,2/01/2021,Approved,913,AMEX,1932.14,575.55,35.63,3/18/2023,12/16/2023,Interest adjustment posted.,Documents reviewed against standard criteria.,6/07/2023,Complaint,Pending,Investigation remains pending.,Statement reissue requested.
914,David,Garcia,53,Other,"998, Woolworths court",Chicago,18627250914,david.garcia914@demo-finance.com,Savings,7421.88,7/02/2010,1/03/2023,914,7/04/2023,Deposit,106.26,7528.14,10,914,8849.66,Mortgage,2.91,24,8/23/2022,Approved,914,MasterCard,9160.25,3858.98,276,6/05/2023,7/13/2023,Scheduled transfer completed.,txn TXN-000914-Y discussed w/ Jaya Reddy at BluePeak Consulting; pls upd case,2/11/2023,Suggestion,Pending,Investigation remains pending.,Statement reissue requested.
915,Lisa,Wright,76,Male,"603, Pine street",Dubai,13365040915,lisa_wright@kag.com,Savings,14711.56,4/19/2005,11/16/2023,915,8/19/2023,Withdrawal,1818.47,12893.09,60,915,9051.96,Mortgage,6.48,60,11/02/2020,Approved,915,Visa,12334.07,10906.99,367.87,3/19/2023,9/03/2023,Monthly instalment received.,No additional approval condition recorded.,12/22/2023,Praise,Pending,Case closed after review.,"docs chk done, no cust-specific detail noted"
916,David,Jackson,61,Male,"308, Columbus drive",Chicago,18803370916,david.jackson@mailtest.net,Current,3898,9/09/2004,1/12/2023,916,10/15/2023,Withdrawal,1365.96,2532.04,67,916,17054.67,Mortgage,2.46,36,8/02/2021,Rejected,916,AMEX,1877.29,133.75,4.22,12/16/2023,3/21/2023,Card payment processed.,Income assessment completed.,7/15/2023,Suggestion,Resolved,Case closed after review.,Travel request for Raj Sharma is linked to booking PNRL00916.
917,Michael,Moore,50,Male,"51, Smithford pass",London,19175970917,michael.moore@samplebank.com,Current,13974,1/31/2006,3/22/2023,917,3/15/2023,Withdrawal,4934.98,9039.02,44,917,6637.44,Mortgage,1.89,36,8/28/2022,Approved,917,MasterCard,11430.45,4118.81,151.5,12/04/2023,3/16/2023,Scheduled transfer completed.,Income assessment completed.,4/28/2023,Praise,Resolved,Investigation remains pending.,Transaction TXN-000917-X was discussed with Akash Bose at the Northstar Logistics service desk.
918,Priya,Sharma,68,Other,"995, Washington boulevard",Dubai,13035610918,priya.sharma918@demo-finance.com,Current,7378.32,7/24/2021,5/04/2023,918,11/18/2023,Deposit,3816.35,11194.67,71,918,2131.74,Mortgage,1.64,60,11/06/2021,Approved,918,Visa,12087.35,9450.04,359.03,9/10/2023,10/30/2023,Scheduled transfer completed.,Documents reviewed against standard criteria.,3/08/2023,Suggestion,Resolved,Case closed after review.,Travel request for Sanjay Sen is linked to booking PNRS00918.
919,Michael,Hall,21,Male,"761, Riverside drive",El Paso,14898030919,michaelhall@kag.com,Savings,8597.24,11/02/2010,5/05/2023,919,8/29/2023,Withdrawal,3407.35,5189.89,5,919,13531.87,Mortgage,8.26,36,6/10/2020,Approved,919,AMEX,12547.1,574.89,35.6,1/22/2023,2/27/2023,Monthly instalment received.,Manual review completed.,3/26/2023,Praise,Resolved,Investigation remains pending.,Routine review completed; no concerns recorded.
920,Daniel,Harris,26,Male,"791, Oak drive",Los Angeles,19574410920,daniel.harris@demo-finance.com,Savings,7831.11,12/22/2005,7/20/2023,920,10/03/2023,Withdrawal,480.68,7350.43,58,920,3893.37,Auto,2.59,12,5/15/2023,Rejected,920,AMEX,9778.9,6478.8,316.94,5/27/2023,5/08/2023,Interest adjustment posted.,Documents reviewed against standard criteria.,3/16/2023,Praise,Resolved,Investigation remains pending.,General product information provided.
921,John,Harris,73,Female,"883, Lakeview court",Columbus,13468870921,johnharris@demo-finance.com,Current,3461.24,10/08/2008,2/28/2023,921,1/02/2023,Withdrawal,4089.61,-628.37,12,921,22033.22,Auto,6.44,12,1/24/2022,Approved,921,MasterCard,6709.05,1279.2,84.8,10/09/2023,5/09/2023,Monthly instalment received.,Jaya Chawla works at Northstar Logistics under employee ID EMP-F00921; office-location review is pending.,6/07/2023,Praise,Resolved,Access restored after standard verification.,Routine review completed; no concerns recorded.
922,Jennifer,Lewis,58,Male,"935, Belford boulevard",Hyderabad,16572970922,jennifer.lewis@mailtest.net,Savings,7038.39,12/15/2016,11/24/2023,922,7/08/2023,Transfer,2131.14,4907.25,56,922,12680.51,Personal,3.52,60,8/20/2023,Approved,922,AMEX,11642.96,2151.4,47.47,11/25/2023,3/06/2023,Scheduled transfer completed.,Manual review completed.,2/27/2023,Praise,Pending,Request completed successfully.,General product information provided.
923,Zara,Thompson,61,Other,"463, Viewmount street",New York,19736750923,zara.thompson@kag.com,Savings,12934.75,12/12/2013,1/31/2023,923,5/10/2023,Deposit,294.98,13229.73,13,923,13419.59,Personal,4.93,48,2/07/2021,Rejected,923,AMEX,10546.98,8903.53,366.89,12/16/2023,8/14/2023,Card payment processed.,Income assessment completed.,8/25/2023,Praise,Resolved,Vivek Kapoor booked travel with Emirates to Sydney; booking reference PNRE00923 requires review.,Statement reissue requested.
924,Fatima,Harris,45,Male,"827, Carpenter boulevard",New York,17738960924,fatima_harris@samplebank.com,Savings,14610.98,2/18/2017,8/06/2023,924,2/21/2023,Deposit,3248.35,17859.33,87,924,30753.97,Personal,6.71,48,10/11/2021,Approved,924,AMEX,7957.84,6809.57,223.45,9/08/2023,7/25/2023,Monthly instalment received.,Manual review completed.,1/22/2023,Suggestion,Resolved,Access restored after standard verification.,"travel for Rohan Iyer, bkng PNRX00924 - pls verify"
925,Christopher,Williams,42,Male,"886, Belford drive",Chicago,13107390925,christopher_williams925@demo-finance.com,Savings,11825.43,2/17/2007,10/13/2023,925,7/10/2023,Withdrawal,2570.31,9255.12,62,925,24061.73,Mortgage,9.24,36,7/17/2022,Approved,925,MasterCard,8664.66,100.49,2.65,4/13/2023,11/03/2023,Scheduled transfer completed.,No additional approval condition recorded.,6/16/2023,Praise,Resolved,Case closed after review.,Transaction reference TXN-000925-Z was escalated.
926,Kavita,Thompson,43,Other,"760, Rockend road",Columbus,19802800926,kavita_thompson@mailtest.net,Savings,11940.32,12/15/2021,3/14/2023,926,5/21/2023,Deposit,2042.35,13982.67,4,926,37367.88,Auto,3.33,60,4/10/2022,Closed,926,Visa,5537.81,3822.71,97.1,7/15/2023,6/16/2023,Scheduled transfer completed.,The spouse of Aditi Rao works at TCS Bangalore HQ.,1/15/2023,Complaint,Resolved,Case closed after review.,General product information provided.
927,Neha,Miller,62,Male,"699, Wanderer road",Singapore,12359270927,neha.miller927@mailtest.net,Current,13353.1,4/20/2018,1/21/2023,927,12/20/2023,Withdrawal,4155.15,9197.95,69,927,37009.64,Auto,4.52,48,9/03/2020,Approved,927,AMEX,13961.73,11263.66,313.44,12/20/2023,4/19/2023,Monthly instalment received.,Documents reviewed against standard criteria.,1/20/2023,Praise,Resolved,Request completed successfully.,Statement reissue requested.
928,Joseph,Thompson,21,Other,"241, Rockpart pass",Phoenix,16594200928,joseph.thompson@mailtest.net,Current,826.25,4/04/2020,11/02/2023,928,6/21/2023,Deposit,4579.9,5406.15,1,928,44751.44,Auto,8.14,48,10/18/2022,Rejected,928,AMEX,2730.92,1737.24,132.91,7/24/2023,7/15/2023,Card payment processed.,Documents reviewed against standard criteria.,6/01/2023,Complaint,Resolved,Access restored after standard verification.,"travel for Deepak Reddy, bkng PNRX00928 - pls verify"
929,Samuel,Young,26,Male,"588, Rockend boulevard",Dallas,13975840520,samuelyoung@demo-finance.com,Current,14183.96,11/26/2010,7/04/2023,929,8/09/2023,Deposit,2607.41,16791.37,83,929,38320.87,Auto,9.42,36,2/23/2020,Rejected,929,AMEX,1923.58,1770.88,89.44,11/27/2023,10/23/2023,Cash deposit recorded.,No additional approval condition recorded.,11/14/2023,Complaint,Resolved,Request completed successfully.,Routine review completed; no concerns recorded.
930,Arjun,Shah,48,Female,"426, Mount View street",Houston,19717740930,arjun.shah930@demo-finance.com,Savings,2681.33,1/17/2007,2/19/2023,930,10/28/2023,Deposit,394.98,3076.31,8,930,49116.09,Auto,9.33,24,2/21/2023,Approved,930,AMEX,12248.35,8851.88,618.78,6/21/2023,3/30/2023,Monthly instalment received.,No additional approval condition recorded.,6/07/2023,Complaint,Pending,Request completed successfully.,General product information provided.
931,Emily,Garcia,46,Male,"889, Airport drive",Denver,14049230931,emily_garcia@demo-finance.com,Current,12634.09,3/25/2004,2/14/2023,931,6/27/2023,Withdrawal,3197.95,9436.14,116,931,31776.88,Auto,8.22,60,4/14/2023,Closed,931,MasterCard,12137.7,1759.68,110.62,1/06/2023,9/17/2023,Employee Kavita Bansal is associated with identifier EMP-F00931.,Documents reviewed against standard criteria.,11/17/2023,Praise,Resolved,Case closed after review.,Statement reissue requested.
932,Vikram,Moore,43,Male,"741, Park lane",Columbus,19097070932,vikrammoore932@samplebank.com,Savings,13231.37,4/01/2011,5/29/2023,932,1/23/2023,Withdrawal,64.06,13167.31,73,932,11664.91,Personal,9.16,48,8/22/2021,Approved,932,MasterCard,10537,10212.15,609.77,3/07/2023,5/17/2023,Scheduled transfer completed.,Manual review completed.,5/07/2023,Praise,Pending,Investigation remains pending.,Employee Anil Chawla is associated with identifier EMP-H00932.
933,Linda,Mitchell,67,Male,"381, Woolworths pass",Mumbai,17318710933,linda.mitchell@mailtest.net,Savings,11447.1,10/04/2015,8/21/2023,933,8/10/2023,Transfer,1979.08,13426.18,21,933,11736.74,Mortgage,6.8,48,10/06/2021,Closed,933,Visa,9827.23,6403.78,463.29,10/17/2023,2/25/2023,Monthly instalment received.,Income assessment completed.,4/19/2023,Praise,Resolved,Request completed successfully.,"med ref MED-00933-26 still open, appt note pending"
934,Linda,Mitchell,58,Female,"381, Woolworths pass",Mumbai,17318710933,linda.mitchell@mailtest.net,Savings,5829.8,6/04/2010,3/05/2023,934,12/21/2023,Deposit,4890.19,10719.99,90,934,37588.27,Auto,5.8,12,10/06/2020,Rejected,934,MasterCard,6078.4,5168.46,356.76,5/04/2023,10/24/2023,Monthly instalment received.,Income assessment completed.,6/19/2023,Praise,Resolved,Investigation remains pending.,emp id EMP-G00934 - pls chk before close
935,Mark,Anderson,58,Other,"862, Cancun court",El Paso,14952620935,markanderson935@samplebank.com,Current,6263.08,3/12/2016,2/06/2023,935,7/06/2023,Transfer,1927.89,8190.97,64,935,4552.42,Mortgage,6.7,36,7/29/2020,Approved,935,AMEX,6414.53,3564.28,183.77,6/18/2023,1/04/2023,Cash deposit recorded.,Manual review completed.,8/31/2023,Complaint,Resolved,Medical case reference MED-00935-21 remains open.,General product information provided.
936,Daniel,Ramirez,24,Female,"107, Zeelandia drive",Houston,17199650936,daniel.ramirez@samplebank.com,Savings,4643.27,2/08/2015,11/24/2023,936,3/04/2023,Withdrawal,2228.87,2414.4,15,936,33360.63,Auto,5.04,24,8/23/2022,Rejected,936,AMEX,8508.01,6967.7,232.37,8/29/2023,1/12/2023,"Anita Jain flying IndiGo to Bangalore, pnr PNRT00936; cust msg recd",Manual review completed.,10/30/2023,Complaint,Resolved,Investigation remains pending.,General product information provided.
937,Mark,Wilson,77,Other,"154, Cedar court",Dubai,13469870937,mark_wilson937@samplebank.com,Current,12126.59,9/25/2016,3/16/2023,937,12/25/2023,Withdrawal,1667.14,10459.45,89,937,40986.39,Mortgage,3.24,36,2/04/2023,Approved,937,AMEX,12892.35,2287.69,126.32,1/28/2023,11/23/2023,"med ref MED-00937-95 still open, appt note pending",Manual review completed.,4/03/2023,Complaint,Resolved,Case closed after review.,General product information provided.
938,Aisha,Thompson,45,Male,"207, Maple drive",Los Angeles,18473330938,aisha.thompson@mailtest.net,Current,1676.08,9/24/2009,5/01/2023,938,5/08/2023,Transfer,4698.68,6374.76,98,938,39666.36,Mortgage,5.23,24,1/16/2022,Approved,938,AMEX,14377.02,10957.74,850.05,3/09/2023,9/08/2023,Scheduled transfer completed.,Transaction reference TXN-000938-Y was escalated.,9/03/2023,Complaint,Pending,Request completed successfully.,Routine review completed; no concerns recorded.
939,Susan,Rodriguez,77,Male,"188, Ironsmith lane",Seattle,17447440939,susan.rodriguez@mailtest.net,Savings,6617.04,2/20/2011,4/19/2023,939,11/17/2023,Transfer,4871.14,1745.9,103,939,7770.2,Auto,3.2,24,5/07/2021,Approved,939,AMEX,6230.98,3636.05,117.51,12/03/2023,6/18/2023,Scheduled transfer completed.,Rohan Reddy is recorded as working at TCS Bangalore HQ.,3/30/2023,Suggestion,Resolved,Case closed after review.,General product information provided.
940,Priya,Singh,18,Female,"828, Cedar drive",Charlotte,13177940940,priya_singh940@kag.com,Savings,14634.3,2/25/2020,1/04/2023,940,5/14/2023,Deposit,4745.26,19379.56,21,940,9438.67,Auto,8.64,12,11/07/2021,Approved,940,Visa,5848.23,4046.19,164.62,8/06/2023,6/22/2023,Scheduled transfer completed.,The spouse of Akash Malhotra works at BluePeak Consulting.,8/24/2023,Suggestion,Pending,Request completed successfully.,Routine review completed; no concerns recorded.
941,Susan,Adams,30,Other,"157, Philadephia pass",Orlando,13338490941,susan.adams941@samplebank.com,Savings,13635.43,1/03/2018,3/28/2023,941,7/25/2023,Withdrawal,4757.68,8877.75,45,941,2839.26,Auto,8.89,24,6/22/2023,Approved,941,MasterCard,2267.91,988.21,23.87,11/01/2023,12/04/2023,Gaurav Mehta is recorded as working at TCS Bangalore HQ.,Documents reviewed against standard criteria.,7/20/2023,Praise,Resolved,Investigation remains pending.,General product information provided.
942,Ananya,Torres,52,Other,"805, Riverside pass",Seattle,16663700942,ananya_torres@mailtest.net,Savings,2584.69,3/04/2019,5/24/2023,942,4/08/2023,Withdrawal,772.83,1811.86,106,942,37090.57,Personal,6.74,12,2/15/2022,Approved,942,MasterCard,9426.01,5703.35,216.32,7/26/2023,7/05/2023,Scheduled transfer completed.,No additional approval condition recorded.,5/25/2023,Praise,Pending,"docs chk done, no cust-specific detail noted",Statement reissue requested.
943,Samuel,Robinson,29,Other,"612, Rockpart avenue",Oklahoma City,14878540943,samuel.robinson@mailtest.net,Current,8506.17,12/30/2006,11/09/2023,943,7/16/2023,Transfer,232.65,8738.82,109,943,27901.74,Auto,3.57,36,6/20/2020,Approved,943,Visa,6847.26,5006.64,263.64,1/20/2023,8/30/2023,Card payment processed.,Manual review completed.,8/13/2023,Suggestion,Resolved,Employee identifier EMP-H00943 requires manual verification.,General product information provided.
944,Fatima,Rodriguez,77,Male,"36, Maple road",Austin,14418760944,fatimarodriguez@samplebank.com,Savings,5878.37,4/26/2018,1/02/2023,944,7/13/2023,Deposit,3548.31,9426.68,72,944,27681.84,Personal,8.84,24,11/21/2022,Closed,944,MasterCard,12713.81,11095.22,430.94,2/19/2023,1/25/2023,Card payment processed.,"txn reviewed - nothing unusual, no follow-up reqd",10/08/2023,Complaint,Resolved,Case closed after review.,Routine review completed; no concerns recorded.
945,Carlos,Kumar,26,Female,"40, Meadow lane",San Diego,16288690945,carlos.kumar@mailtest.net,Savings,10944.67,3/03/2017,12/12/2023,945,7/02/2023,Withdrawal,2736.99,8207.68,49,945,32997.97,Personal,6.39,48,7/11/2021,Rejected,945,MasterCard,4138.15,2286.01,70.32,2/02/2023,9/23/2023,Cash deposit recorded.,No additional approval condition recorded.,7/16/2023,Complaint,Pending,Request completed successfully.,Employee identifier EMP-A00945 requires manual verification.
946,Kavita,Jackson,34,Other,"448, Columbus drive",Orlando,13822180946,kavita.jackson@samplebank.com,Savings,2732.1,10/19/2017,5/10/2023,946,5/02/2023,Withdrawal,4817.07,-2084.97,72,946,22773.77,Auto,6.64,24,9/12/2021,Approved,946,AMEX,10284.12,5622.26,288.49,11/29/2023,8/03/2023,Card payment processed.,No additional approval condition recorded.,7/12/2023,Complaint,Resolved,emp id EMP-C00946 - pls chk before close,General product information provided.
947,John,Garcia,25,Female,"949, Philadephia court",San Diego,13372970947,johngarcia@samplebank.com,Current,12392.33,5/13/2013,4/27/2023,947,2/26/2023,Transfer,2886.23,9506.1,70,947,45671.93,Auto,8.28,24,5/05/2023,Rejected,947,AMEX,10444.16,6256.09,318.48,3/01/2023,4/19/2023,Card payment processed.,No additional approval condition recorded.,6/15/2023,Complaint,Resolved,Request completed successfully.,General product information provided.
948,Amanda,Jones,72,Female,"521, Cancun drive",Sydney,13582370948,amandajones@demo-finance.com,Current,5455.2,7/21/2008,4/17/2023,948,8/11/2023,Transfer,3211.3,8666.5,61,948,31530.36,Mortgage,1.82,12,2/04/2020,Rejected,948,Visa,10870.11,1580.28,97.12,1/20/2023,3/12/2023,Card payment processed.,No additional approval condition recorded.,10/03/2023,Suggestion,Resolved,Employee Meera Nair is associated with identifier EMP-H00948.,Statement reissue requested.
949,Arjun,Carmichael,27,Female,"105, Park court",Seattle,19259250949,arjun.carmichael@kag.com,Current,10023.85,8/09/2008,1/30/2023,949,8/15/2023,Deposit,1101.28,11125.13,53,949,10685.38,Auto,7.24,24,2/26/2020,Rejected,949,AMEX,13225.04,5443.33,267.36,12/21/2023,11/19/2023,Cash deposit recorded.,No additional approval condition recorded.,2/01/2023,Suggestion,Pending,emp id EMP-E00949 - pls chk before close,General product information provided.
950,Patricia,Johnson,44,Female,"458, Pine lane",Louisville,18394960950,patricia_johnson950@demo-finance.com,Current,12054.75,8/12/2019,11/02/2023,950,6/12/2023,Withdrawal,787.11,11267.64,69,950,48165.53,Mortgage,2.19,24,3/13/2021,Closed,950,Visa,9148.77,1197.91,73.1,3/23/2023,7/07/2023,Scheduled transfer completed.,Documents reviewed against standard criteria.,3/22/2023,Praise,Pending,Request completed successfully.,"bkng ref PNRA00950, cust asking for update"
951,Amanda,Thomas,69,Female,"715, Oak pass",Fort Worth,14894010951,amanda.thomas@samplebank.com,Current,7235,3/15/2007,4/07/2023,951,11/23/2023,Transfer,755.52,7990.52,107,951,44472.13,Auto,7.13,24,3/01/2022,Rejected,951,AMEX,14555.3,11026.42,448.07,11/05/2023,11/01/2023,Interest adjustment posted.,Income assessment completed.,10/07/2023,Complaint,Pending,The spouse of Deepak Kumar works at Orion Retail.,General product information provided.
952,Robert,Lewis,59,Female,"400, Chandler road",Phoenix,13848810952,robertlewis@demo-finance.com,Savings,7420.12,10/27/2022,11/18/2023,952,3/21/2023,Withdrawal,330.22,7089.9,95,952,18916.32,Auto,7.34,48,1/26/2022,Rejected,952,AMEX,3208.05,1696.94,35.46,6/25/2023,5/11/2023,Cash deposit recorded.,No additional approval condition recorded.,9/21/2023,Complaint,Pending,Case closed after review.,txn TXN-000952-Y discussed w/ Rohan Khanna at Northstar Logistics; pls upd case
953,Carlos,Kumar,73,Female,"842, Ironsmith street",New York,18292700953,carloskumar@demo-finance.com,Current,1885.05,3/29/2009,3/25/2023,953,6/26/2023,Withdrawal,4301.55,-2416.5,67,953,7822.09,Mortgage,4.03,60,3/05/2020,Rejected,953,AMEX,7408.75,5320.43,309.42,6/14/2023,1/24/2023,Employee identifier EMP-F00953 requires manual verification.,Manual review completed.,4/17/2023,Complaint,Pending,Investigation remains pending.,No follow-up action currently required.
954,Deepa,Patel,42,Other,"596, Rockend lane",Seattle,18158850954,deepa.patel954@samplebank.com,Current,4087.4,2/12/2020,9/21/2023,954,10/30/2023,Deposit,2103.43,6190.83,13,954,19068.58,Auto,2.21,36,1/15/2021,Approved,954,AMEX,11953.94,8130.34,374.58,8/21/2023,1/22/2023,Monthly instalment received.,No additional approval condition recorded.,4/24/2023,Complaint,Resolved,The spouse of Dev Iyer works at Vertex Systems.,General product information provided.
955,Benjamin,Martin,32,Female,"908, Meadow avenue",Chicago,16454810955,benjamin.martin@mailtest.net,Savings,12342.93,5/29/2011,5/09/2023,955,3/20/2023,Deposit,4118.94,16461.87,18,955,16532.78,Mortgage,5.5,60,10/31/2022,Rejected,955,AMEX,7039.83,2975.57,132.49,10/01/2023,1/15/2023,Monthly instalment received.,No additional approval condition recorded.,4/26/2023,Suggestion,Pending,Investigation remains pending.,Routine review completed; no concerns recorded.
956,Aarav,Shah,54,Other,"582, Columbus lane",Boston,12997610956,aaravshah@demo-finance.com,Savings,1426.08,5/30/2013,11/26/2023,956,1/15/2023,Deposit,2336.25,3762.33,28,956,14071.23,Mortgage,7.48,48,11/02/2021,Closed,956,Visa,11380.28,3091.48,144.25,7/18/2023,10/26/2023,Monthly instalment received.,Documents reviewed against standard criteria.,3/26/2023,Complaint,Resolved,Access restored after standard verification.,Travel request for Shreya Kumar is linked to booking PNRJ00956.
957,Hannah,Brown,19,Female,"389, Maple avenue",Charlotte,14583520957,hannah_brown@kag.com,Savings,14937.09,4/05/2016,2/17/2023,957,1/19/2023,Transfer,1902.47,13034.62,110,957,33377.35,Mortgage,8.7,12,5/31/2023,Rejected,957,Visa,13256.2,7742.71,351.1,1/29/2023,6/06/2023,addr/mob update not required; close req pls,Manual review completed.,7/29/2023,Suggestion,Pending,Investigation remains pending.,Routine review completed; no concerns recorded.
958,Susan,Robinson,73,Male,"650, Maple road",Singapore,12139590958,susan_robinson958@kag.com,Current,2476.95,5/23/2007,12/26/2023,958,4/28/2023,Withdrawal,402.27,2074.68,79,958,49179.92,Mortgage,2.94,60,6/10/2021,Rejected,958,AMEX,10681.66,4354.01,156.54,9/08/2023,2/27/2023,Cash deposit recorded.,No additional approval condition recorded.,2/16/2023,Praise,Resolved,Request completed successfully.,Medical case reference MED-00958-98 remains open.
959,Patricia,Gupta,18,Female,"500, Cancun avenue",Singapore,14899410959,patriciagupta@kag.com,Savings,6816.51,7/22/2006,11/14/2023,959,10/05/2023,Withdrawal,4201.85,2614.66,113,959,11287.53,Auto,3.79,24,1/29/2020,Approved,959,MasterCard,11095.31,8988.65,214.43,3/01/2023,1/02/2023,Monthly instalment received.,Income assessment completed.,12/07/2023,Praise,Resolved,Investigation remains pending.,Meera Jain visited Apollo hospital for diabetes medication; medical reference MED-00959-74 remains active.
960,Mark,Garcia,74,Other,"200, Cedar road",Charlotte,17433140960,mark_garcia@samplebank.com,Savings,14256.6,3/12/2022,3/29/2023,960,7/24/2023,Withdrawal,3187.98,11068.62,53,960,13309.35,Personal,2.78,36,2/25/2022,Rejected,960,AMEX,14491.11,10303.78,400.96,3/22/2023,2/19/2023,Interest adjustment posted.,Documents reviewed against standard criteria.,4/12/2023,Praise,Resolved,emp id EMP-E00960 - pls chk before close,Statement reissue requested.
961,Arjun,Harris,46,Male,"662, Philadephia boulevard",Dubai,12659490961,arjunharris961@samplebank.com,Savings,11605.92,2/04/2019,8/12/2023,961,5/25/2023,Withdrawal,2127.7,9478.22,90,961,14872.9,Mortgage,6.26,24,10/10/2023,Rejected,961,AMEX,3389.29,2763.71,189,12/26/2023,4/07/2023,Sanjay Rao works at Orion Retail under employee ID EMP-G00961; office-location review is pending.,Manual review completed.,4/01/2023,Complaint,Pending,Investigation remains pending.,No follow-up action currently required.
962,Michael,Williams,77,Other,"923, Wanderer street",Portland,14993670962,michael.williams962@kag.com,Current,2557.11,4/10/2016,5/22/2023,962,9/24/2023,Deposit,3150.05,5707.16,70,962,6920.75,Mortgage,8.62,60,7/19/2021,Rejected,962,MasterCard,4793.37,3489.76,108.23,8/05/2023,2/15/2023,Card payment processed.,Documents reviewed against standard criteria.,9/14/2023,Praise,Pending,Transaction reference TXN-000962-X was escalated.,No follow-up action currently required.
963,James,Lewis,56,Other,"811, Maple street",Columbus,14612080963,james.lewis963@demo-finance.com,Savings,5212.58,1/21/2021,3/19/2023,963,1/06/2023,Deposit,898.5,6111.08,116,963,40042.76,Mortgage,7.2,48,4/08/2023,Rejected,963,AMEX,7900.02,6110.86,412.71,3/14/2023,10/11/2023,Interest adjustment posted.,Income assessment completed.,9/16/2023,Complaint,Resolved,Employee identifier EMP-B00963 requires manual verification.,Routine review completed; no concerns recorded.
964,Margaret,Brown,77,Female,"294, Maple avenue",Dubai,19166250964,margaret.brown964@demo-finance.com,Savings,7003.28,5/03/2014,7/09/2023,964,9/04/2023,Transfer,402.61,7405.89,27,964,44957.55,Auto,8.37,12,6/22/2022,Rejected,964,AMEX,7300.06,2198.12,126.79,11/26/2023,11/26/2023,Cash deposit recorded.,Income assessment completed.,4/04/2023,Praise,Pending,Investigation remains pending.,Statement reissue requested.
965,William,Carmichael,46,Male,"109, Woolworths pass",Houston,17576740965,william.carmichael965@kag.com,Current,993.57,4/20/2007,10/12/2023,965,6/27/2023,Deposit,277.99,1271.56,18,965,28745.02,Auto,6.72,12,5/10/2021,Approved,965,MasterCard,11351.57,3516.72,172.2,12/20/2023,11/07/2023,Cash deposit recorded.,No additional approval condition recorded.,7/01/2023,Suggestion,Resolved,Transaction reference TXN-000965-Z was escalated.,No follow-up action currently required.
966,Raj,Baker,32,Other,"120, Rockpart pass",Hyderabad,19232190966,raj.baker@demo-finance.com,Current,12137.44,12/08/2015,9/18/2023,966,4/28/2023,Transfer,2264.71,14402.15,10,966,38097.59,Personal,5.55,48,9/05/2020,Rejected,966,AMEX,9994.03,9265.49,520.49,7/06/2023,1/06/2023,Interest adjustment posted.,Manual review completed.,3/31/2023,Praise,Resolved,Case closed after review.,Priya Nair works @ Acme Analytics; emp info needs chk
967,Sophia,Jackson,57,Male,"580, Rockend court",Oklahoma City,19087760967,sophiajackson@demo-finance.com,Current,14722.06,12/31/2013,7/20/2023,967,11/22/2023,Deposit,4867.97,19590.03,1,967,9162.23,Auto,8.92,48,4/04/2021,Rejected,967,AMEX,6504.32,2620.97,68.06,8/15/2023,8/04/2023,Interest adjustment posted.,The spouse of Raj Mehta works at Orion Retail.,4/10/2023,Complaint,Resolved,Investigation remains pending.,Routine review completed; no concerns recorded.
968,Isabella,Carmichael,31,Female,"630, Park boulevard",London,18695000968,isabella.carmichael@samplebank.com,Savings,3840.98,7/31/2013,5/09/2023,968,5/20/2023,Withdrawal,2063.99,1776.99,16,968,6899.79,Mortgage,7.73,48,5/27/2021,Approved,968,Visa,13804.12,1797.89,49.99,1/31/2023,5/30/2023,Cash deposit recorded.,Documents reviewed against standard criteria.,2/17/2023,Suggestion,Pending,Case closed after review.,Statement reissue requested.
969,Deepa,Patel,78,Male,"494, Jaliso Springs road",Sydney,19479870969,deepa_patel@samplebank.com,Current,7108.46,7/02/2008,11/26/2023,969,5/08/2023,Withdrawal,3681.25,3427.21,61,969,48281.85,Personal,2.99,48,1/29/2020,Approved,969,Visa,9097.31,8186.1,548.58,3/20/2023,3/06/2023,Card payment processed.,Manual review completed.,6/10/2023,Complaint,Resolved,Case closed after review.,General product information provided.
970,Charles,Flores,73,Male,"907, Rockend drive",Chicago,13427240970,charles.flores@samplebank.com,Savings,5584.96,10/20/2010,4/29/2023,970,4/19/2023,Withdrawal,4970.6,614.36,22,970,5643.92,Auto,8.72,60,12/18/2021,Approved,970,AMEX,6742.39,4146.15,180.32,10/23/2023,9/30/2023,Monthly instalment received.,The spouse of Amit Jain works at Wipro Hyderabad office.,11/23/2023,Complaint,Pending,Request completed successfully.,General product information provided.
971,Mohammed,Hall,30,Female,"157, Airport pass",Mumbai,14393350971,mohammedhall971@kag.com,Savings,804.1,11/20/2014,12/25/2023,971,8/01/2023,Withdrawal,2879.11,-2075.01,29,971,5311.54,Auto,7.43,48,5/12/2021,Closed,971,Visa,8504.79,7405.12,323.78,3/23/2023,7/11/2023,Travel request for Shreya Chawla is linked to booking PNRC00971.,Income assessment completed.,8/14/2023,Praise,Pending,Case closed after review.,General product information provided.
972,Hannah,Gonzalez,53,Female,"798, Box street",Mumbai,18238480972,hannahgonzalez@samplebank.com,Savings,8994.62,5/31/2015,12/13/2023,972,11/13/2023,Deposit,2618.52,11613.14,34,972,35453.44,Mortgage,6.54,48,9/04/2023,Rejected,972,Visa,13072.97,10267.22,754.4,4/15/2023,4/05/2023,Cash deposit recorded.,Employee Farah Bansal is associated with identifier EMP-C00972.,8/27/2023,Complaint,Pending,Investigation remains pending.,Routine review completed; no concerns recorded.
973,Fatima,Mitchell,48,Other,"391, Chandler court",Dubai,16705870973,fatima_mitchell@demo-finance.com,Savings,12960.38,5/22/2013,10/10/2023,973,3/12/2023,Withdrawal,4411.27,8549.11,42,973,2785.61,Auto,1.46,48,12/08/2022,Closed,973,Visa,7559.89,4358.22,190.17,4/05/2023,8/23/2023,Employee identifier EMP-B00973 requires manual verification.,Documents reviewed against standard criteria.,10/21/2023,Suggestion,Pending,Request completed successfully.,General product information provided.
974,Linda,Thompson,25,Other,"90, Cancun pass",Singapore,16976700974,linda.thompson@samplebank.com,Savings,12991.6,11/03/2018,3/19/2023,974,4/08/2023,Transfer,956.63,12034.97,15,974,47725.98,Mortgage,3.47,12,8/10/2020,Rejected,974,MasterCard,11339.34,7464.28,498.78,1/22/2023,12/06/2023,Cash deposit recorded.,Isha Saxena booked travel with BritishAirways to Bangalore; booking reference PNRD00974 requires review.,11/23/2023,Praise,Resolved,Request completed successfully.,No follow-up action currently required.
975,John,White,25,Male,"507, Cancun lane",Houston,14736480975,john.white975@mailtest.net,Current,1820.02,8/15/2017,10/30/2023,975,3/20/2023,Transfer,274.48,1545.54,9,975,17048.26,Personal,6.98,36,8/05/2022,Approved,975,AMEX,2004.23,1395.65,68.75,12/03/2023,9/16/2023,Cash deposit recorded.,Income assessment completed.,6/04/2023,Complaint,Resolved,Investigation remains pending.,Employee Akash Menon is associated with identifier EMP-F00975.
976,Raj,Perez,48,Female,"469, Cedar road",Louisville,12226050976,raj.perez@kag.com,Savings,4137.26,1/03/2004,1/30/2023,976,8/16/2023,Deposit,995.21,5132.47,41,976,47811.64,Mortgage,2.97,24,2/07/2020,Approved,976,AMEX,5091.78,1762.76,54.85,7/02/2023,10/15/2023,Booking reference PNRZ00976 was flagged for additional review.,No additional approval condition recorded.,4/04/2023,Complaint,Pending,Request completed successfully.,No follow-up action currently required.
977,Priya,Gupta,23,Other,"40, Lakeview street",Hyderabad,18185220977,priya.gupta@samplebank.com,Savings,8924.34,11/08/2007,12/10/2023,977,8/23/2023,Withdrawal,1819.57,7104.77,60,977,40942.41,Personal,4.7,24,1/09/2023,Approved,977,AMEX,4835.45,2415.92,161.01,10/06/2023,3/15/2023,Cash deposit recorded.,Medical case reference MED-00977-28 remains open.,6/16/2023,Praise,Pending,Request completed successfully.,No follow-up action currently required.
978,Carlos,Young,20,Female,"415, Zeelandia street",Boston,17728820978,carlos_young@samplebank.com,Savings,2397.59,2/24/2018,3/04/2023,978,12/05/2023,Transfer,2175.29,222.3,105,978,46062.91,Personal,3.44,36,12/21/2020,Rejected,978,AMEX,2857.83,34.19,2.39,3/01/2023,1/18/2023,Interest adjustment posted.,Manual review completed.,4/23/2023,Complaint,Resolved,txn ref TXN-000978-X needs manual chk,Routine review completed; no concerns recorded.
979,Mohammed,Clark,45,Other,"337, Maple lane",Orlando,15596420979,mohammedclark@demo-finance.com,Current,10357.97,10/09/2020,11/21/2023,979,6/28/2023,Deposit,1653.18,12011.15,113,979,43065.44,Personal,2.93,36,1/29/2021,Approved,979,AMEX,9419.65,2786.58,56.28,4/05/2023,8/21/2023,Card payment processed.,Documents reviewed against standard criteria.,5/30/2023,Complaint,Resolved,Case closed after review.,Nikhil Rao booked travel with British Airways to London; booking reference PNRV00979 requires review.
980,Mary,Lewis,24,Female,"534, Cancun street",Pune,12954560980,mary.lewis@mailtest.net,Savings,9492.68,6/20/2014,10/05/2023,980,7/31/2023,Deposit,1103.66,10596.34,120,980,26325.26,Mortgage,8.45,60,10/25/2022,Closed,980,AMEX,6334.8,1896.31,92.38,2/04/2023,3/02/2023,Scheduled transfer completed.,Income assessment completed.,1/05/2023,Complaint,Resolved,Investigation remains pending.,Routine review completed; no concerns recorded.
981,Emily,Garcia,53,Female,"931, Maple avenue",Sydney,14113680981,emily_garcia981@samplebank.com,Savings,6268.9,8/14/2020,10/05/2023,981,1/24/2023,Withdrawal,3369.29,2899.61,15,981,11729.12,Auto,1.26,36,12/31/2020,Closed,981,AMEX,8854.83,1785.74,52.67,5/27/2023,2/17/2023,Cash deposit recorded.,No additional approval condition recorded.,5/08/2023,Complaint,Pending,Investigation remains pending.,No follow-up action currently required.
982,Anthony,Lee,69,Female,"44, Box lane",Toronto,14238850982,anthony.lee@kag.com,Savings,6952.03,7/05/2007,2/22/2023,982,3/18/2023,Transfer,1795.58,5156.45,78,982,2374.23,Auto,3.39,12,2/09/2022,Closed,982,AMEX,2440.65,1815.16,52.08,3/24/2023,8/23/2023,Monthly instalment received.,No additional approval condition recorded.,9/05/2023,Praise,Pending,Case closed after review.,Transaction TXN-000982-Y was discussed with Nisha Chawla at the Vertex Systems service desk.
983,Emily,Adams,77,Male,"822, Carpenter boulevard",London,15793840673,emily_adams673@kag.com,Savings,2940.7,5/25/2007,3/01/2023,983,12/20/2023,Deposit,2681.95,5622.65,109,983,29780.85,Auto,4.74,60,6/29/2022,Closed,983,Visa,9636.59,3873.75,126.81,2/09/2023,4/01/2023,Card payment processed.,Income assessment completed.,7/30/2023,Complaint,Pending,Case closed after review.,Travel request for Dev Rao is linked to booking PNRX00983.
984,Amanda,Adams,24,Other,"614, Philadephia street",Bangalore,16556640984,amanda_adams984@demo-finance.com,Savings,5277.59,1/30/2020,12/09/2023,984,8/17/2023,Transfer,2270.24,7547.83,6,984,27001.85,Personal,3.08,24,1/20/2021,Rejected,984,AMEX,4181.42,822.89,36.16,11/04/2023,9/04/2023,Cash deposit recorded.,Income assessment completed.,12/28/2023,Suggestion,Pending,Case closed after review.,No follow-up action currently required.
985,Ananya,Harris,68,Other,"991, Columbus lane",Oklahoma City,18083740985,ananya.harris@samplebank.com,Current,7553.54,7/15/2011,4/06/2023,985,12/08/2023,Withdrawal,3699.62,3853.92,109,985,28501.67,Auto,4.65,24,10/07/2021,Approved,985,MasterCard,14324.45,2440.03,181.51,4/30/2023,12/02/2023,Monthly instalment received.,Income assessment completed.,4/15/2023,Complaint,Pending,"txn reviewed - nothing unusual, no follow-up reqd",Statement reissue requested.
986,Michael,Sharma,36,Female,"545, Lakeview drive",New Delhi,17235370986,michael.sharma@kag.com,Current,2558.05,12/06/2006,6/04/2023,986,5/16/2023,Withdrawal,2910.41,-352.36,46,986,11165.61,Mortgage,5.28,60,3/12/2021,Rejected,986,AMEX,8872.7,8443.69,560.16,5/16/2023,8/04/2023,Card payment processed.,Income assessment completed.,1/27/2023,Praise,Pending,Access restored after standard verification.,Routine review completed; no concerns recorded.
987,Rahul,Martin,77,Female,"282, Jaliso Springs avenue",Columbus,17015210987,rahul.martin@kag.com,Savings,14496.34,5/30/2012,10/30/2023,987,6/27/2023,Transfer,2355.77,12140.57,4,987,47713.76,Mortgage,8.89,48,5/08/2022,Approved,987,Visa,14130.54,3597.71,276.98,9/05/2023,12/27/2023,Cash deposit recorded.,No additional approval condition recorded.,10/22/2023,Suggestion,Resolved,The spouse of Rhea Menon works at Wipro Hyderabad office.,No follow-up action currently required.
988,Amanda,Kumar,75,Female,"148, Zeelandia drive",New Delhi,18984140988,amandakumar@demo-finance.com,Savings,4165.41,9/08/2016,8/25/2023,988,6/27/2023,Withdrawal,3194.1,971.31,51,988,25981.03,Auto,7.73,24,3/28/2020,Approved,988,AMEX,2674.57,1964.53,137.24,9/01/2023,1/02/2023,Interest adjustment posted.,Aditi Bansal works at Wipro Hyderabad office under employee ID EMP-E00988; office-location review is pending.,3/23/2023,Complaint,Pending,Access restored after standard verification.,Statement reissue requested.
989,Ananya,Robinson,39,Female,"779, Airport lane",Columbus,15215210989,ananya.robinson989@mailtest.net,Current,11974.64,10/21/2019,9/11/2023,989,8/14/2023,Withdrawal,1250.11,10724.53,6,989,26028.22,Personal,5.62,24,1/11/2022,Approved,989,AMEX,13422.49,9912.21,275.46,7/05/2023,5/24/2023,Scheduled transfer completed.,Income assessment completed.,8/13/2023,Complaint,Resolved,Access restored after standard verification.,The spouse of Pranav Chawla works at Vertex Systems.
990,Margaret,Rodriguez,61,Female,"448, Chandler lane",Sydney,19032310990,margaret_rodriguez@demo-finance.com,Current,8586.34,8/03/2020,8/19/2023,990,8/26/2023,Deposit,1248.9,9835.24,87,990,24198.4,Mortgage,1.39,24,5/02/2020,Approved,990,MasterCard,2241.68,843.93,62.39,9/07/2023,7/18/2023,Card payment processed.,Income assessment completed.,1/10/2023,Praise,Pending,"Dev Roy flying Singapore Airlines to Singapore, pnr PNRV00990; cust msg recd",General product information provided.
991,Kavita,Robinson,49,Male,"898, Ironsmith avenue",Louisville,19278340991,kavita.robinson@kag.com,Savings,6335.05,10/04/2018,7/18/2023,991,10/10/2023,Withdrawal,3958.56,2376.49,99,991,30955.94,Auto,3.42,36,8/16/2022,Closed,991,AMEX,12293.44,8663.5,441.53,2/10/2023,8/24/2023,Monthly instalment received.,Income assessment completed.,7/20/2023,Praise,Resolved,Access restored after standard verification.,General product information provided.
992,Aarav,Martinez,60,Female,"579, Jaliso Springs street",Dubai,18959570992,aarav_martinez@kag.com,Savings,964.78,1/22/2013,5/23/2023,992,7/06/2023,Deposit,312.28,1277.06,99,992,45694.03,Mortgage,3,60,11/13/2021,Approved,992,AMEX,14167.07,12780.58,295.77,11/14/2023,6/04/2023,Anil Nair visited Manipal hospital for medical follow-up; medical reference MED-00992-71 remains active.,Documents reviewed against standard criteria.,1/18/2023,Praise,Resolved,Case closed after review.,No follow-up action currently required.
993,Isabella,Gonzalez,64,Female,"500, Lakeview street",Los Angeles,19076470993,isabella.gonzalez@mailtest.net,Current,1073.17,2/20/2022,5/07/2023,993,11/01/2023,Deposit,1576.93,2650.1,71,993,38257.27,Auto,5.03,60,10/01/2023,Approved,993,Visa,9694.99,5207.92,114.27,8/03/2023,5/07/2023,Card payment processed.,Manual review completed.,2/03/2023,Complaint,Pending,Access restored after standard verification.,Travel request for Harish Reddy is linked to booking PNRP00993.
994,Isabella,Khan,69,Female,"860, Smithford drive",Hyderabad,17349340994,isabella.khan994@samplebank.com,Current,3980.21,8/17/2015,11/29/2023,994,11/11/2023,Withdrawal,4794.34,-814.13,77,994,20457.02,Personal,6.74,12,8/12/2020,Approved,994,AMEX,9114.42,4816.16,264.1,4/06/2023,3/24/2023,Monthly instalment received.,Income assessment completed.,10/28/2023,Complaint,Resolved,The spouse of Dev Reddy works at TCS Bangalore HQ.,Routine review completed; no concerns recorded.
995,Vikram,Patel,68,Other,"396, Rockpart road",Bangalore,16132210995,vikram.patel@demo-finance.com,Current,7870.02,9/10/2004,11/24/2023,995,10/04/2023,Deposit,4563.07,12433.09,4,995,14214.38,Auto,6.87,12,1/02/2021,Approved,995,MasterCard,6270.94,3845.63,300.54,6/10/2023,2/25/2023,Cash deposit recorded.,Income assessment completed.,8/13/2023,Complaint,Resolved,"spouse of Vivek Mehta at Vertex Systems, pls upd notes",No follow-up action currently required.
996,Maria,Thompson,45,Male,"225, Woolworths court",Oklahoma City,19696340996,maria_thompson@samplebank.com,Current,11183.84,6/25/2006,10/11/2023,996,3/29/2023,Deposit,2278.29,13462.13,103,996,22697.54,Auto,3.3,36,11/18/2023,Closed,996,AMEX,14996.8,2391.52,106.43,5/08/2023,7/25/2023,Cash deposit recorded.,Manual review completed.,11/17/2023,Suggestion,Pending,Request completed successfully.,"emp Farah Das, id EMP-B00996; docs not clear"
997,Amelia,Smith,64,Female,"511, Washington boulevard",Mumbai,14019340997,amelia_smith997@kag.com,Savings,12247.62,8/13/2005,5/07/2023,997,5/14/2023,Deposit,951.23,13198.85,44,997,27979.2,Mortgage,7.26,36,3/26/2020,Approved,997,AMEX,10517.86,4124.91,278.76,5/04/2023,2/12/2023,Card payment processed.,Documents reviewed against standard criteria.,7/07/2023,Suggestion,Resolved,Investigation remains pending.,Statement reissue requested.
998,Amanda,Davis,26,Other,"33, Belford road",El Paso,17764830998,amanda.davis998@demo-finance.com,Savings,13056.43,5/25/2015,4/09/2023,998,12/19/2023,Deposit,3557.68,16614.11,6,998,24333.87,Auto,8.25,24,8/19/2021,Approved,998,MasterCard,4662.93,3307.82,89.39,11/19/2023,10/18/2023,Card payment processed.,Documents reviewed against standard criteria.,6/06/2023,Complaint,Resolved,Case closed after review.,Routine review completed; no concerns recorded.
999,Christopher,Brown,58,Other,"945, Seafarers court",Toronto,15589260999,christopher_brown999@kag.com,Savings,7166.74,1/10/2021,11/01/2023,999,11/27/2023,Transfer,3270.97,3895.77,105,999,5957.17,Auto,7.33,12,4/09/2020,Rejected,999,AMEX,14863.18,172.44,8.06,2/19/2023,1/19/2023,Card payment processed.,"travel for Deepak Khanna, bkng PNRS00999 - pls verify",6/23/2023,Suggestion,Pending,Case closed after review.,General product information provided.
1000,Rahul,Wright,53,Female,"218, Ironsmith road",Chicago,19736981000,rahulwright1000@samplebank.com,Savings,12379.79,3/27/2022,3/16/2023,1000,7/29/2023,Deposit,4587.13,16966.92,43,1000,9831.08,Mortgage,4.72,36,3/17/2021,Approved,1000,AMEX,7398.59,3540.23,201.85,1/23/2023,9/03/2023,Monthly instalment received.,Documents reviewed against standard criteria.,4/29/2023,Complaint,Resolved,Request completed successfully.,General product information provided.
